# https://github.com/mikedh/trimesh

o link2.stl
v 0.01271880 -0.00734319 0.06210005
v 0.00734321 -0.01271879 0.06210005
v 0.00000001 0.00000001 0.06210006
v 0.00000001 -0.01468640 0.06210006
v -0.00734319 -0.01271879 0.06210006
v 0.00734321 0.01271880 0.06210005
v 0.01271880 0.00734321 0.06210005
v 0.01468641 0.00000001 0.06210005
v -0.01271879 0.00734321 0.06210006
v -0.00734319 0.01271880 0.06210006
v 0.00000001 0.01468638 0.06210006
v -0.01271879 -0.00734319 0.06210006
v -0.01468639 0.00000001 0.06210006
v 0.00000001 -0.01468640 0.06410005
v 0.00734321 -0.01271879 0.06410005
v 0.01271880 -0.00734319 0.06410005
v 0.01468641 0.00000001 0.06410005
v 0.01271880 0.00734321 0.06410005
v 0.00734321 0.01271880 0.06410005
v 0.00000001 0.01468638 0.06410005
v -0.00734319 0.01271880 0.06410006
v -0.01271878 0.00734321 0.06410006
v -0.01468639 0.00000001 0.06410006
v -0.01271878 -0.00734319 0.06410006
v -0.00734319 -0.01271879 0.06410006
v -0.00000080 0.03047702 0.12151838
v -0.00000075 0.02236418 0.12249143
v 0.00855184 0.02136699 0.12245554
v 0.04830514 0.00448415 0.08331867
v 0.04772042 0.00888003 0.08557830
v 0.04778792 0.00830460 0.09213443
v 0.04677667 -0.01420959 0.11032152
v 0.04515002 -0.01215082 0.11299127
v 0.04465228 -0.02626806 0.11380117
v 0.04849851 -0.00000151 0.07072657
v 0.04849851 -0.00000151 0.06410004
v 0.04816914 0.00481347 0.06410004
v 0.04576821 0.01604680 0.06410004
v 0.04462269 0.01871542 0.06410004
v 0.04521096 0.01767123 0.08862322
v 0.04316980 0.02210013 0.06410004
v 0.04017556 0.02708975 0.06410004
v 0.04076568 0.02606080 0.09109305
v -0.00000098 0.04852805 0.07910570
v 0.00416340 0.04831930 0.06410005
v -0.00000099 0.04849850 0.06410005
v 0.01854501 0.04473039 0.06410005
v 0.01376416 0.04650412 0.06410005
v 0.00936905 0.04759549 0.07830317
v 0.01064528 0.04731571 0.06410005
v 0.00948991 0.04749460 0.06410005
v 0.03342580 0.03513978 0.06410004
v 0.02839221 0.03931869 0.06410004
v 0.02701587 0.04026441 0.07675018
v 0.02688264 0.04033396 0.06410004
v 0.02570827 0.04112380 0.06410004
v 0.03787962 0.03028617 0.06410004
v 0.03415044 0.03435010 0.06410004
v 0.03444554 0.03412212 0.07595301
v 0.03980540 0.02770660 0.06410004
v 0.04742709 0.00959740 0.06410004
v 0.04673969 0.01294903 0.06410004
v 0.04849749 -0.00017881 0.08388598
v 0.04849773 -0.00013765 0.08194854
v 0.04849851 -0.00000151 0.07554235
v 0.04804948 0.00656284 0.06410004
v 0.04821263 -0.01836877 0.10347950
v 0.04752867 -0.02902498 0.10766368
v 0.04809340 -0.03042462 0.10385814
v 0.04826745 -0.03190654 0.09984636
v 0.04829650 -0.02840378 0.09994089
v 0.04836124 -0.02059757 0.10015158
v 0.04838851 -0.01730954 0.10024032
v 0.04840181 -0.01530754 0.10003815
v 0.04419201 -0.05462452 0.11262664
v 0.04473965 -0.05462452 0.11156265
v 0.04643456 -0.02763864 0.11097820
v 0.04773863 -0.01628428 0.10715702
v 0.04829322 -0.00639688 0.10221659
v 0.04844105 -0.00939956 0.09944152
v 0.04807903 -0.05462452 0.09923320
v 0.04743836 -0.05462452 0.10424076
v 0.04708445 -0.05462452 0.10700706
v 0.04643080 -0.05462452 0.10827701
v 0.00810127 0.00224672 0.12347888
v -0.00000072 0.01591466 0.12326498
v 0.02607519 0.01623733 0.12000851
v 0.01667978 0.00073702 0.12270967
v 0.02515622 -0.00157049 0.12144561
v 0.01586901 -0.01773571 0.12293986
v 0.02414900 -0.01925506 0.12184960
v -0.00000065 0.00303782 0.12352160
v 0.00764529 -0.01674428 0.12359295
v -0.00000058 -0.01239830 0.12382924
v 0.03461882 0.03365479 0.09308214
v 0.02703595 0.04000045 0.09487846
v 0.02703299 0.03972130 0.09946992
v 0.03468152 0.03273127 0.10205911
v 0.02705412 0.03903533 0.10430171
v 0.03472024 0.03115521 0.10684152
v 0.02708066 0.03723701 0.10934032
v 0.03464905 0.02815316 0.11095093
v 0.02698432 0.03378055 0.11356670
v 0.03446764 0.02444596 0.11379431
v 0.02676488 0.02957181 0.11630654
v 0.03426274 0.02047724 0.11574145
v 0.02652417 0.02519206 0.11806720
v 0.03386565 0.01213492 0.11795746
v 0.03345176 0.00374369 0.11906227
v 0.03300101 -0.00460812 0.11969951
v 0.03199746 -0.02125870 0.12030877
v -0.00000093 0.04830287 0.10021001
v -0.00000091 0.04762544 0.10487657
v 0.00917455 0.04748430 0.09827243
v 0.00914527 0.04712468 0.10313825
v 0.00914059 0.04622196 0.10810404
v -0.00000090 0.04652720 0.10961052
v 0.00914782 0.04410181 0.11300857
v -0.00000087 0.04436966 0.11401012
v -0.00000090 0.04711106 0.10841993
v 0.00908274 0.04033149 0.11693632
v -0.00000085 0.04079501 0.11721276
v -0.00000084 0.03874356 0.11880823
v 0.00894484 0.03574852 0.11938653
v -0.00000087 0.04403468 0.11469317
v 0.01989781 0.04422849 0.06410005
v 0.01852241 0.04482105 0.07752655
v 0.01838028 0.04469613 0.09659071
v 0.01835528 0.04440158 0.10134513
v 0.01836003 0.04363395 0.10631128
v 0.01837628 0.04165345 0.11141402
v 0.01828061 0.03792102 0.11559900
v 0.01807259 0.03339938 0.11820871
v 0.01784980 0.02874161 0.11981025
v 0.00880032 0.03098474 0.12087565
v 0.01745052 0.01934890 0.12152737
v -0.00000097 0.04854194 0.08616380
v 0.04833246 0.00267196 0.09514699
v 0.04849063 -0.00136145 0.09290218
v 0.04832954 0.00355405 0.09227072
v 0.04849324 -0.00091093 0.09037846
v 0.04832180 0.00406123 0.08929122
v 0.04849628 -0.00038817 0.08745020
v 0.04849716 -0.00023650 0.08660059
v 0.04847297 -0.00431754 0.09737156
v 0.04847686 -0.00368615 0.09704990
v 0.04832070 -0.00084376 0.09992141
v 0.04847952 -0.00323843 0.09634439
v 0.04832916 0.00125987 0.09778109
v 0.04848335 -0.00259270 0.09532684
v 0.04848993 -0.00148176 0.09357624
v 0.04844510 -0.00878941 0.09937990
v 0.04844948 -0.00812902 0.09931321
v 0.04846369 -0.00582399 0.09813898
v 0.04691792 -0.00080984 0.10865571
v 0.04783260 -0.00360148 0.10571592
v 0.04784866 0.00235934 0.10334781
v 0.04785009 0.00472549 0.10118371
v 0.04784400 0.00644941 0.09847369
v 0.04782269 0.00762168 0.09539839
v 0.03935217 -0.05462452 0.11656627
v 0.04249080 -0.05462452 0.11401142
v 0.04384346 -0.04041501 0.11419524
v 0.04536652 0.01689301 0.09617781
v 0.04088490 0.02518050 0.09947507
v 0.04544755 0.01587791 0.10002714
v 0.04094730 0.02386583 0.10385911
v 0.04548554 0.01407952 0.10352828
v 0.04092991 0.02143655 0.10772957
v 0.04547839 0.01168061 0.10637903
v 0.04334562 0.01187680 0.11078946
v 0.04545658 0.00876162 0.10857268
v 0.04320209 0.00466914 0.11331536
v 0.04539718 0.00196526 0.11109062
v 0.04278694 -0.01014467 0.11532284
v 0.04083161 0.01835439 0.11063114
v 0.04071252 0.01488695 0.11275110
v 0.04046927 0.00728122 0.11521412
v 0.04019435 -0.00047188 0.11645433
v 0.03987015 -0.00820633 0.11719763
v 0.03906358 -0.02364289 0.11798938
v 0.03677157 -0.05462452 0.11754158
v 0.03805200 -0.03909986 0.11817177
v -0.00000057 -0.01623680 0.12378799
v -0.00000047 -0.05462452 0.12337548
v 0.01423194 -0.05462452 0.12221777
v 0.01992810 -0.05462452 0.12175443
v 0.02976964 -0.05462452 0.11976910
v 0.03214622 -0.05462452 0.11928968
v -0.00000083 0.03659435 0.11951285
v -0.00000080 0.03195617 0.12103345
v -0.04320304 0.00466914 0.11331538
v -0.04047021 0.00728122 0.11521415
v -0.04071347 0.01488695 0.11275112
v -0.02515716 -0.00157049 0.12144563
v -0.03300196 -0.00460812 0.11969952
v -0.03199841 -0.02125870 0.12030879
v -0.03345270 0.00374369 0.11906229
v -0.04809435 -0.03042462 0.10385817
v -0.04826870 -0.03190675 0.09985586
v -0.04807999 -0.05462452 0.09923322
v -0.04838687 -0.01768150 0.10024574
v -0.04836264 -0.02059793 0.10016581
v -0.04821358 -0.01836877 0.10347953
v -0.01605549 0.04576392 0.06410006
v -0.01852972 0.04470212 0.06410006
v -0.01852338 0.04482105 0.07752655
v -0.04731557 0.01065502 0.06410006
v -0.04747713 0.00960822 0.06410006
v -0.04772138 0.00888003 0.08557832
v -0.04849948 -0.00000151 0.06410006
v -0.04849948 -0.00000151 0.07072659
v -0.04831667 0.00416849 0.06410006
v -0.04830610 0.00448415 0.08331869
v -0.04821690 0.00481493 0.06410006
v -0.04422509 0.01990772 0.06410006
v -0.04466108 0.01873527 0.06410006
v -0.04521192 0.01767123 0.08862324
v -0.04649740 0.01379702 0.06410006
v -0.04076665 0.02606080 0.09109307
v -0.04019131 0.02709688 0.06410006
v -0.04112631 0.02570594 0.06410006
v -0.03029969 0.03786897 0.06410006
v -0.03414678 0.03433732 0.06410006
v -0.03444651 0.03412212 0.07595302
v -0.03514927 0.03341702 0.06410006
v -0.02210866 0.04316624 0.06410006
v -0.02686919 0.04030734 0.06410006
v -0.02701684 0.04026441 0.07675020
v -0.02771777 0.03979773 0.06410006
v -0.01297979 0.04672941 0.06410006
v -0.00937002 0.04759549 0.07830317
v -0.00657330 0.04805098 0.06410005
v -0.00947872 0.04745162 0.06410006
v -0.00914623 0.04712468 0.10313825
v -0.00917550 0.04748430 0.09827244
v -0.00914154 0.04622196 0.10810405
v -0.00914877 0.04410181 0.11300857
v -0.00908369 0.04033149 0.11693633
v -0.00894579 0.03574852 0.11938654
v -0.00880126 0.03098474 0.12087566
v -0.00855279 0.02136699 0.12245555
v -0.04784961 0.00235934 0.10334783
v -0.04829418 -0.00639688 0.10221661
v -0.04783355 -0.00360148 0.10571594
v -0.04829780 -0.02840402 0.09995186
v -0.04743932 -0.05462452 0.10424078
v -0.04708540 -0.05462452 0.10700708
v -0.04752962 -0.02902498 0.10766370
v -0.04643551 -0.02763864 0.11097822
v -0.04465323 -0.02626806 0.11380119
v -0.04515096 -0.01215082 0.11299130
v -0.04278789 -0.01014467 0.11532287
v -0.03906453 -0.02364289 0.11798940
v -0.03987110 -0.00820633 0.11719766
v -0.04019530 -0.00047188 0.11645436
v -0.04384441 -0.04041501 0.11419526
v -0.04249175 -0.05462452 0.11401144
v -0.03805294 -0.03909986 0.11817179
v -0.03935312 -0.05462452 0.11656629
v -0.04419295 -0.05462452 0.11262666
v -0.04474060 -0.05462452 0.11156268
v -0.04643175 -0.05462452 0.10827703
v -0.00810221 0.00224672 0.12347889
v -0.01668072 0.00073702 0.12270968
v -0.00764623 -0.01674428 0.12359296
v -0.01586995 -0.01773571 0.12293987
v -0.02414995 -0.01925506 0.12184961
v -0.02703690 0.04000045 0.09487847
v -0.03461978 0.03365479 0.09308215
v -0.02703394 0.03972130 0.09946993
v -0.03468247 0.03273127 0.10205913
v -0.03386659 0.01213492 0.11795747
v -0.02607613 0.01623733 0.12000853
v -0.03426369 0.02047724 0.11574146
v -0.02652511 0.02519206 0.11806722
v -0.03446859 0.02444596 0.11379433
v -0.02676583 0.02957181 0.11630656
v -0.03465000 0.02815316 0.11095095
v -0.02698527 0.03378055 0.11356671
v -0.03472119 0.03115521 0.10684153
v -0.02708161 0.03723701 0.10934034
v -0.02705507 0.03903533 0.10430172
v -0.01745147 0.01934890 0.12152737
v -0.01785074 0.02874161 0.11981025
v -0.01807354 0.03339938 0.11820872
v -0.01828155 0.03792102 0.11559901
v -0.01837723 0.04165345 0.11141403
v -0.01836098 0.04363395 0.10631129
v -0.01835624 0.04440158 0.10134514
v -0.01838124 0.04469613 0.09659072
v -0.04849948 -0.00000151 0.07554237
v -0.04849859 -0.00015547 0.08194788
v -0.04849832 -0.00020205 0.08388522
v -0.04849134 -0.00140332 0.09289206
v -0.04833341 0.00267196 0.09514701
v -0.04849422 -0.00090756 0.09037475
v -0.04833049 0.00355405 0.09227075
v -0.04849756 -0.00033342 0.08745945
v -0.04832276 0.00406123 0.08929124
v -0.04849786 -0.00028162 0.08719649
v -0.04849054 -0.00153961 0.09358410
v -0.04849021 -0.00159764 0.09387876
v -0.04833012 0.00125987 0.09778111
v -0.04848427 -0.00259598 0.09531178
v -0.04848017 -0.00328618 0.09630245
v -0.04832165 -0.00084376 0.09992144
v -0.04847591 -0.00400250 0.09733066
v -0.04847425 -0.00427180 0.09745499
v -0.04846479 -0.00580057 0.09816077
v -0.04844812 -0.00849508 0.09940475
v -0.04844620 -0.00878387 0.09943119
v -0.04844213 -0.00939392 0.09948704
v -0.04840270 -0.01530703 0.10002837
v -0.04785105 0.00472549 0.10118373
v -0.04784495 0.00644941 0.09847371
v -0.04782364 0.00762168 0.09539841
v -0.04778887 0.00830460 0.09213445
v -0.04088585 0.02518050 0.09947509
v -0.04536748 0.01689301 0.09617783
v -0.04094825 0.02386583 0.10385913
v -0.04544850 0.01587791 0.10002717
v -0.04093085 0.02143655 0.10772959
v -0.04548649 0.01407952 0.10352830
v -0.04083256 0.01835439 0.11063116
v -0.04547934 0.01168061 0.10637905
v -0.04334657 0.01187680 0.11078949
v -0.04545753 0.00876162 0.10857270
v -0.04539813 0.00196526 0.11109064
v -0.04691887 -0.00080984 0.10865573
v -0.04677761 -0.01420959 0.11032154
v -0.04773957 -0.01628428 0.10715704
v -0.03677252 -0.05462452 0.11754160
v -0.03214717 -0.05462452 0.11928970
v -0.02977059 -0.05462452 0.11976911
v -0.01992904 -0.05462452 0.12175444
v -0.01423288 -0.05462452 0.12221777
v -0.03932385 0.02838729 0.06410006
v 0.00650742 -0.04806506 0.06410005
v -0.00000099 -0.04850151 0.06410005
v 0.01379040 -0.04650538 0.06410005
v 0.01145268 -0.04702752 0.06410005
v 0.04835096 -0.00337275 0.06410004
v 0.03003282 -0.03808414 0.06410004
v 0.02715167 -0.04005667 0.06410004
v 0.02463832 -0.04177742 0.06410004
v 0.02156769 -0.04344135 0.06410005
v 0.00736067 -0.04794144 0.06410005
v 0.04831519 -0.00419008 0.06410004
v 0.04791970 -0.00673240 0.06410004
v 0.04730344 -0.01069393 0.06410004
v 0.04414976 -0.02007880 0.06410004
v 0.04102033 -0.02587759 0.06410004
v 0.03716084 -0.03116655 0.06410004
v 0.03708914 -0.03124630 0.06410004
v 0.03491435 -0.03366502 0.06410004
v 0.03369538 -0.03476851 0.06410004
v 0.03235285 -0.03598388 0.06410004
v 0.04650316 -0.01338463 0.06410004
v 0.04544235 -0.01695132 0.06410004
v 0.04426088 -0.01980992 0.06410004
v -0.04704727 -0.01177781 0.06410006
v -0.04794968 -0.00673499 0.06410006
v -0.03649527 -0.03194468 0.06410006
v -0.03704971 -0.03121760 0.06410006
v 0.02056504 -0.04392599 0.06410005
v 0.01455387 -0.04627358 0.06410005
v -0.02383669 -0.04224019 0.06410006
v -0.02715667 -0.04005944 0.06410006
v -0.03426109 -0.03433090 0.06410006
v -0.00650939 -0.04806491 0.06410005
v -0.00736270 -0.04794129 0.06410006
v -0.04820647 -0.00529995 0.06410006
v -0.04831318 -0.00337034 0.06410006
v -0.02930035 -0.03865137 0.06410006
v -0.03235935 -0.03598719 0.06410006
v -0.03364294 -0.03486925 0.06410006
v -0.01145364 -0.04702749 0.06410006
v -0.01379237 -0.04650509 0.06410006
v -0.01455537 -0.04627343 0.06410006
v -0.04046539 -0.02673825 0.06410006
v -0.04101741 -0.02576517 0.06410006
v -0.04371662 -0.02100702 0.06410006
v -0.02056652 -0.04392575 0.06410006
v -0.02156866 -0.04344135 0.06410006
v -0.04424574 -0.01980268 0.06410006
v -0.04504421 -0.01798525 0.06410006
v -0.04652724 -0.01338937 0.06410006
v -0.00000048 -0.05462452 0.07341046
v -0.00467995 -0.05462452 0.07356365
v -0.00000055 -0.05268484 0.07326078
v -0.01024673 -0.05242725 0.07382523
v -0.00000057 -0.05197110 0.07320570
v -0.01067161 -0.04935309 0.07232016
v -0.00000076 -0.05008142 0.07202213
v -0.00000065 -0.05116739 0.07270232
v -0.01085420 -0.04815241 0.07080656
v -0.00000096 -0.04868823 0.06892251
v -0.00000096 -0.04872342 0.06966767
v -0.00000089 -0.04918306 0.07046457
v -0.01117745 -0.04719549 0.06725249
v -0.00000097 -0.04860350 0.06712856
v -0.01102101 -0.04730945 0.06891464
v -0.00000099 -0.04850151 0.06496899
v -0.02156866 -0.04346990 0.06635968
v -0.02156866 -0.04713228 0.07362448
v -0.02156866 -0.04597338 0.07286182
v -0.02156866 -0.05226960 0.07584012
v -0.02156866 -0.05166738 0.07573329
v -0.02156866 -0.04984557 0.07541010
v -0.01047014 -0.05072459 0.07324535
v -0.02156866 -0.04924544 0.07501516
v -0.02156866 -0.04791414 0.07413903
v -0.02156866 -0.05462452 0.07625788
v -0.00999833 -0.05462452 0.07404068
v -0.00488225 -0.05462452 0.07357027
v -0.02156866 -0.04515850 0.07150721
v -0.02156866 -0.04471298 0.07076661
v -0.02156866 -0.04350012 0.06875045
v -0.02156866 -0.04348048 0.06719653
v 0.00466991 -0.05462452 0.07370485
v 0.02156769 -0.04344135 0.06636003
v 0.02156769 -0.04344135 0.06719702
v 0.01117648 -0.04719549 0.06725249
v 0.01085323 -0.04815241 0.07080656
v 0.01067064 -0.04935309 0.07232016
v 0.02156769 -0.04619598 0.07259072
v 0.02156769 -0.05171981 0.07566791
v 0.01024576 -0.05242725 0.07382522
v 0.02156769 -0.05001419 0.07511766
v 0.01046917 -0.05072459 0.07324535
v 0.02156769 -0.04715782 0.07368957
v 0.02156769 -0.04777574 0.07439551
v 0.02156769 -0.04925173 0.07487167
v 0.02156769 -0.04378938 0.06896042
v 0.01102004 -0.04730945 0.06891464
v 0.02156769 -0.04372292 0.06867605
v 0.02156769 -0.04344135 0.06747080
v 0.02156769 -0.05462452 0.07625788
v 0.00999736 -0.05462452 0.07404067
v 0.02156769 -0.05342405 0.07621772
v 0.02156769 -0.05229812 0.07585448
v 0.02156769 -0.04407009 0.07016198
v 0.02156769 -0.04461902 0.07078911
v 0.02156769 -0.04518395 0.07143451
v 0.04722175 -0.05462452 0.09576062
v 0.02783114 -0.04134356 0.07179404
v 0.02741248 -0.04011299 0.06892854
v 0.03271790 -0.03593331 0.06914613
v 0.02726309 -0.04011335 0.06536108
v 0.03719920 -0.04349982 0.08179799
v 0.03259379 -0.04598620 0.07900374
v 0.03334603 -0.04228591 0.07792596
v 0.04482292 -0.02010011 0.07797356
v 0.04188962 -0.02634167 0.07621729
v 0.04129441 -0.02556365 0.06962647
v 0.03244307 -0.03605311 0.06433737
v 0.04838335 -0.00336226 0.07066613
v 0.04803910 -0.00670134 0.07052670
v 0.04667000 -0.01326635 0.07016076
v 0.04440934 -0.01959478 0.06986552
v 0.04219746 -0.02705317 0.07932162
v 0.04503494 -0.02073755 0.08190348
v 0.04237853 -0.02854344 0.08215429
v 0.04688276 -0.01355463 0.08001853
v 0.04809757 -0.00687142 0.08236314
v 0.04699083 -0.01413511 0.08484501
v 0.04812491 -0.00743102 0.08812547
v 0.04703168 -0.01480754 0.08718184
v 0.04813263 -0.00816699 0.09090389
v 0.04181173 -0.03431769 0.08433285
v 0.04218856 -0.03129049 0.08372087
v 0.04500664 -0.02587845 0.08744708
v 0.04515426 -0.02242675 0.08551440
v 0.04511166 -0.02401977 0.08674486
v 0.04704505 -0.01604401 0.08927770
v 0.04701415 -0.01796251 0.09076507
v 0.04812920 -0.00958531 0.09338292
v 0.04810881 -0.01183610 0.09511873
v 0.04472511 -0.02975579 0.08809170
v 0.04694843 -0.02023645 0.09158453
v 0.04677716 -0.02500390 0.09224119
v 0.04807580 -0.01452746 0.09604177
v 0.04799533 -0.02018183 0.09667381
v 0.02783130 -0.04540443 0.07571903
v 0.02821407 -0.04308399 0.07418673
v 0.03373948 -0.04065149 0.07730437
v 0.03864774 -0.03417017 0.07901686
v 0.03843959 -0.03627770 0.08026978
v 0.02734045 -0.04814535 0.07685418
v 0.02697692 -0.05126800 0.07766494
v 0.03202824 -0.05016016 0.07980650
v 0.03657581 -0.04892405 0.08246176
v 0.04051147 -0.04758012 0.08551917
v 0.03155227 -0.05462452 0.08024065
v 0.02380438 -0.05462452 0.07690595
v 0.03801582 -0.03854182 0.08087383
v 0.04108026 -0.04075404 0.08506124
v 0.04417432 -0.03781515 0.08862479
v 0.04373443 -0.04614886 0.08886300
v 0.04643711 -0.03475317 0.09249645
v 0.04576203 -0.05462452 0.09227058
v 0.03392914 -0.03909045 0.07628998
v 0.03842765 -0.03286441 0.07688427
v 0.03371310 -0.03796186 0.07473565
v 0.03806413 -0.03208577 0.07453408
v 0.03336452 -0.03714817 0.07302012
v 0.03737325 -0.03104763 0.06938357
v 0.04782852 -0.03162210 0.09656815
v 0.04667687 -0.05462452 0.09355349
v 0.04329659 -0.05462452 0.08881324
v 0.04257781 -0.05462452 0.08780526
v 0.03992575 -0.05462452 0.08575024
v 0.03439374 -0.05462452 0.08146363
v 0.04764205 -0.09411069 0.09637311
v 0.04766187 -0.09247988 0.09666668
v 0.04659675 -0.09748354 0.10329194
v 0.01483762 -0.07259568 0.12192545
v 0.04803354 -0.05926692 0.09909399
v 0.04150921 -0.13123403 0.05480004
v 0.04361413 -0.12690307 0.05480004
v 0.04400041 -0.12645011 0.06901652
v 0.04562598 -0.12188121 0.05480004
v 0.04642905 -0.11808737 0.05480004
v 0.04658687 -0.11775985 0.06776012
v 0.01173434 -0.15482940 0.05480005
v 0.01802494 -0.15235372 0.05480004
v 0.01804954 -0.15266700 0.07194478
v -0.00000047 -0.13479306 0.11505606
v 0.00847732 -0.13719560 0.11319124
v 0.00826207 -0.12843092 0.11680972
v 0.00880945 -0.15062760 0.09966519
v 0.00875162 -0.14811353 0.10379050
v -0.00000048 -0.14940770 0.10345467
v -0.00000047 -0.13803275 0.11316676
v -0.00000047 -0.14296891 0.11028809
v 0.00867604 -0.14496417 0.10749061
v -0.00000047 -0.14547287 0.10763066
v -0.00000048 -0.14868684 0.10421970
v -0.00000048 -0.15101747 0.10021219
v -0.00000048 -0.15351133 0.09518898
v 0.00889581 -0.15385439 0.09075762
v -0.00000048 -0.15426965 0.09151989
v -0.00000048 -0.15602644 0.08302004
v 0.00897432 -0.15523811 0.08158533
v -0.00000048 -0.15604089 0.08234128
v 0.00906072 -0.15540831 0.07248230
v -0.00000048 -0.15624003 0.07300127
v -0.00000048 -0.15630336 0.07003105
v 0.02644729 -0.14812596 0.07135699
v 0.01796941 -0.15249608 0.08075906
v 0.02641557 -0.14790277 0.07982814
v 0.01787683 -0.15119071 0.08971992
v 0.02634436 -0.14664926 0.08845828
v 0.01775201 -0.14809848 0.09854129
v 0.02621688 -0.14374389 0.09700286
v 0.01766136 -0.14565308 0.10267750
v 0.02611642 -0.14144813 0.10104010
v 0.01754071 -0.14256449 0.10640908
v 0.02598050 -0.13854189 0.10470860
v 0.01739008 -0.13893171 0.10958780
v 0.02580962 -0.13511457 0.10786095
v 0.01005275 -0.15504061 0.05480005
v 0.00922552 -0.15514453 0.05480005
v -0.00000049 -0.15630336 0.05480005
v 0.03271934 -0.11900838 0.11190537
v 0.03310294 -0.12655957 0.10814677
v 0.03925938 -0.12094673 0.10534911
v 0.03949988 -0.12671624 0.09984092
v 0.04734560 -0.10052656 0.09786549
v 0.04730485 -0.10528987 0.09440048
v 0.04756101 -0.10046753 0.09307964
v 0.04750064 -0.10505509 0.08730587
v 0.04727560 -0.10887974 0.08970280
v 0.04749148 -0.10573801 0.08538765
v 0.04725635 -0.11122926 0.08425582
v 0.04747617 -0.10687845 0.08218433
v 0.04659369 -0.10845440 0.09742091
v 0.04380344 -0.11482384 0.10186416
v 0.04659919 -0.11246168 0.09250370
v 0.04391950 -0.11971375 0.09658749
v 0.04660189 -0.11515900 0.08669901
v 0.04399213 -0.12312066 0.09014609
v 0.04660024 -0.11674082 0.08048733
v 0.04750350 -0.10484164 0.08790541
v 0.04752515 -0.10319545 0.08985274
v 0.04754407 -0.10175627 0.09155517
v 0.03378369 -0.14200597 0.07070065
v 0.03970519 -0.13465057 0.06995372
v 0.03379761 -0.14170711 0.07877640
v 0.03973828 -0.13429801 0.07757887
v 0.03375697 -0.14050235 0.08697978
v 0.03972225 -0.13317139 0.08527584
v 0.03365075 -0.13783886 0.09510332
v 0.03965168 -0.13080923 0.09287209
v 0.03356077 -0.13575961 0.09895999
v 0.03343744 -0.13313185 0.10249513
v 0.04482946 -0.12440252 0.05480004
v 0.04402575 -0.12610944 0.07609457
v 0.04402342 -0.12512033 0.08318364
v 0.04723421 -0.11336672 0.06672671
v 0.04744952 -0.10885336 0.06830005
v 0.04745125 -0.10872566 0.06974337
v 0.04724436 -0.11258232 0.07848482
v 0.03233428 -0.14358042 0.05480004
v 0.03341281 -0.14228950 0.05480004
v 0.03568725 -0.13956724 0.05480004
v 0.03937655 -0.13515149 0.05480004
v 0.03992334 -0.13449703 0.05480004
v 0.04745989 -0.10808914 0.07693646
v 0.04746284 -0.10787161 0.07939468
v 0.04746763 -0.10751491 0.08039661
v 0.03193517 -0.10304522 0.11581163
v 0.03232921 -0.11108028 0.11428317
v 0.03869827 -0.10687967 0.11159499
v 0.03840907 -0.09946602 0.11317281
v 0.04353838 -0.10229274 0.10806976
v 0.04340173 -0.09555181 0.10962157
v 0.03114302 -0.08693289 0.11763926
v 0.03782468 -0.08456280 0.11511108
v 0.04312273 -0.08195680 0.11151651
v 0.04660032 -0.09143620 0.10466877
v 0.04660282 -0.07919949 0.10621996
v 0.04511584 -0.08058744 0.10915270
v 0.04659307 -0.10329678 0.10101600
v 0.04772690 -0.08713316 0.09762914
v 0.04775249 -0.08502879 0.09800795
v 0.04775844 -0.08453938 0.09809605
v 0.04753263 -0.07780134 0.10261475
v 0.04784786 -0.07632469 0.09842043
v 0.04786387 -0.07485374 0.09847851
v 0.04367190 -0.10884073 0.10563584
v 0.03898230 -0.11414608 0.10915209
v -0.00000047 -0.07684477 0.12290937
v -0.00000047 -0.09229874 0.12205168
v 0.00747597 -0.09165426 0.12200169
v -0.00000047 -0.10638966 0.12126962
v 0.00786202 -0.11013135 0.12046807
v -0.00000047 -0.11105185 0.12054304
v 0.00805797 -0.11933269 0.11905127
v -0.00000047 -0.12035163 0.11909369
v -0.00000047 -0.12406530 0.11851493
v -0.00000047 -0.12943090 0.11678494
v 0.01549494 -0.09054687 0.12108933
v 0.01721947 -0.13492341 0.11216957
v 0.02561467 -0.13132109 0.11044674
v 0.01686309 -0.12633412 0.11581898
v 0.02520073 -0.12315273 0.11414652
v 0.01651497 -0.11745145 0.11807407
v 0.02478664 -0.11467021 0.11645229
v 0.01617343 -0.10849317 0.11950181
v 0.02437348 -0.10610744 0.11792181
v 0.02354727 -0.08895873 0.11961550
v 0.03039707 -0.07080346 0.11883651
v 0.04699138 -0.11543079 0.05480004
v 0.04744951 -0.10885336 0.05480004
v 0.04744952 -0.10885336 0.06604420
v 0.01967838 -0.15170299 0.05480004
v 0.02274632 -0.15049560 0.05480004
v 0.02616288 -0.14803146 0.05480004
v 0.02836709 -0.14644168 0.05480004
v 0.04757189 -0.09961375 0.09352197
v 0.04759955 -0.09744426 0.09464598
v 0.04763043 -0.09502249 0.09590071
v -0.04660376 -0.07919949 0.10621998
v -0.03193612 -0.10304522 0.11581165
v -0.03114397 -0.08693289 0.11763927
v -0.03782563 -0.08456280 0.11511111
v -0.03965264 -0.13080923 0.09287211
v -0.03972321 -0.13317139 0.08527587
v -0.03375793 -0.14050235 0.08697979
v -0.02641653 -0.14790277 0.07982815
v -0.02644826 -0.14812596 0.07135700
v -0.01805051 -0.15266700 0.07194479
v -0.00826301 -0.12843092 0.11680973
v -0.00867699 -0.14496417 0.10749061
v -0.00875257 -0.14811353 0.10379051
v -0.00881040 -0.15062760 0.09966519
v -0.00847826 -0.13719560 0.11319125
v -0.00889677 -0.15385439 0.09075763
v -0.00897528 -0.15523811 0.08158533
v -0.01173191 -0.15483056 0.05480005
v -0.00922658 -0.15514509 0.05480005
v -0.00906169 -0.15540831 0.07248231
v -0.00916214 -0.15515317 0.05480005
v -0.02520167 -0.12315273 0.11414653
v -0.02561562 -0.13132109 0.11044675
v -0.01722042 -0.13492341 0.11216958
v -0.01739103 -0.13893171 0.10958780
v -0.02581057 -0.13511457 0.10786097
v -0.01754166 -0.14256449 0.10640909
v -0.03343839 -0.13313185 0.10249515
v -0.03310389 -0.12655957 0.10814679
v -0.03272029 -0.11900838 0.11190538
v -0.03233015 -0.11108028 0.11428319
v -0.02598145 -0.13854189 0.10470861
v -0.01766231 -0.14565308 0.10267751
v -0.02611738 -0.14144813 0.10104011
v -0.01775297 -0.14809848 0.09854130
v -0.02621784 -0.14374389 0.09700288
v -0.01787779 -0.15119071 0.08971993
v -0.02634532 -0.14664926 0.08845830
v -0.01797037 -0.15249608 0.08075906
v -0.03378466 -0.14200597 0.07070067
v -0.03379858 -0.14170711 0.07877641
v -0.02760923 -0.14698945 0.05480006
v -0.02616396 -0.14803152 0.05480006
v -0.02274739 -0.15049486 0.05480006
v -0.01884885 -0.15202932 0.05480006
v -0.01802574 -0.15235330 0.05480006
v -0.03356173 -0.13575961 0.09896000
v -0.03365170 -0.13783886 0.09510334
v -0.04749077 -0.10586520 0.08543675
v -0.04725731 -0.11122926 0.08425584
v -0.04749746 -0.10536730 0.08692944
v -0.04727656 -0.10887974 0.08970282
v -0.04750108 -0.10509276 0.08729544
v -0.04752643 -0.10317149 0.08985678
v -0.04730581 -0.10528987 0.09440050
v -0.04754404 -0.10183709 0.09163573
v -0.03973924 -0.13429801 0.07757889
v -0.03970616 -0.13465057 0.06995375
v -0.03621191 -0.13894205 0.05480006
v -0.04643005 -0.11808737 0.05480006
v -0.04562696 -0.12188121 0.05480006
v -0.04658784 -0.11775985 0.06776015
v -0.04482166 -0.12442728 0.05480006
v -0.04724532 -0.11258232 0.07848484
v -0.04746094 -0.10808309 0.07693581
v -0.04723518 -0.11336672 0.06672674
v -0.04745223 -0.10872465 0.06974322
v -0.04361657 -0.12690364 0.05480006
v -0.04187020 -0.13049234 0.05480006
v -0.03991035 -0.13451974 0.05480006
v -0.03938020 -0.13515367 0.05480006
v -0.04747631 -0.10694098 0.08221168
v -0.04746823 -0.10754239 0.08040872
v -0.04746399 -0.10785761 0.07946370
v -0.03039801 -0.07080346 0.11883652
v -0.03950083 -0.12671624 0.09984094
v -0.03926034 -0.12094673 0.10534913
v -0.03898324 -0.11414608 0.10915212
v -0.03869922 -0.10687967 0.11159501
v -0.03841002 -0.09946602 0.11317284
v -0.04753359 -0.07780134 0.10261477
v -0.04775273 -0.08503246 0.09797644
v -0.04511679 -0.08058744 0.10915273
v -0.04660127 -0.09143620 0.10466879
v -0.04400139 -0.12645011 0.06901654
v -0.04402672 -0.12610944 0.07609459
v -0.04660121 -0.11674082 0.08048736
v -0.04402438 -0.12512033 0.08318366
v -0.04660285 -0.11515900 0.08669903
v -0.04399309 -0.12312066 0.09014612
v -0.04660014 -0.11246168 0.09250372
v -0.04392046 -0.11971375 0.09658751
v -0.04659465 -0.10845440 0.09742093
v -0.04380439 -0.11482384 0.10186418
v -0.04659402 -0.10329678 0.10101602
v -0.04367286 -0.10884073 0.10563586
v -0.04659770 -0.09748354 0.10329197
v -0.04353933 -0.10229274 0.10806978
v -0.04340267 -0.09555181 0.10962159
v -0.04312368 -0.08195680 0.11151651
v -0.04793526 -0.06888735 0.09882148
v -0.04786781 -0.07485335 0.09850921
v -0.04785119 -0.07632326 0.09843228
v -0.01483856 -0.07259568 0.12192546
v -0.00747691 -0.09165426 0.12200169
v -0.00786297 -0.11013135 0.12046808
v -0.01686403 -0.12633412 0.11581899
v -0.01651591 -0.11745145 0.11807407
v -0.02478758 -0.11467021 0.11645231
v -0.02437442 -0.10610744 0.11792183
v -0.02354821 -0.08895873 0.11961551
v -0.00805892 -0.11933269 0.11905128
v -0.01617438 -0.10849317 0.11950181
v -0.01549589 -0.09054687 0.12108934
v -0.04745049 -0.10885336 0.06830007
v -0.04745049 -0.10885336 0.06604423
v -0.04745049 -0.10885336 0.05480006
v -0.04732648 -0.11228167 0.05480006
v -0.04699241 -0.11543076 0.05480006
v -0.03341302 -0.14228876 0.05480006
v -0.03232573 -0.14358886 0.05480006
v -0.02895291 -0.14602067 0.05480006
v -0.04773692 -0.08643135 0.09790322
v -0.04772808 -0.08715227 0.09774826
v -0.04766296 -0.09246125 0.09660718
v -0.04763114 -0.09505587 0.09604951
v -0.04763072 -0.09508907 0.09603002
v -0.04760072 -0.09742992 0.09465575
v -0.04734655 -0.10052656 0.09786551
v -0.04757367 -0.09954166 0.09341599
v -0.04755169 -0.10125717 0.09240884
v -0.04782948 -0.03162210 0.09656817
v -0.03844056 -0.03627770 0.08026981
v -0.03864871 -0.03417017 0.07901689
v -0.03393011 -0.03909045 0.07629000
v -0.04810977 -0.01183610 0.09511875
v -0.04472607 -0.02975579 0.08809172
v -0.04417529 -0.03781515 0.08862481
v -0.04643807 -0.03475317 0.09249647
v -0.04500760 -0.02587845 0.08744711
v -0.04677811 -0.02500390 0.09224121
v -0.04511262 -0.02401977 0.08674488
v -0.04694939 -0.02023645 0.09158456
v -0.03244404 -0.03605311 0.06433738
v -0.02726406 -0.04011335 0.06536109
v -0.03737422 -0.03104763 0.06938359
v -0.03271887 -0.03593331 0.06914614
v -0.04129538 -0.02556365 0.06962649
v -0.04667097 -0.01326635 0.07016078
v -0.04441031 -0.01959478 0.06986554
v -0.04804007 -0.00670134 0.07052673
v -0.04838432 -0.00336226 0.07066615
v -0.04189058 -0.02634167 0.07621732
v -0.04482388 -0.02010011 0.07797358
v -0.04813359 -0.00816699 0.09090392
v -0.04812587 -0.00743102 0.08812549
v -0.04809853 -0.00687142 0.08236316
v -0.04688372 -0.01355463 0.08001855
v -0.04515522 -0.02242675 0.08551442
v -0.04704601 -0.01604401 0.08927772
v -0.04703264 -0.01480754 0.08718187
v -0.04813015 -0.00958531 0.09338294
v -0.03992671 -0.05462452 0.08575027
v -0.04257877 -0.05462452 0.08780529
v -0.04373539 -0.04614886 0.08886302
v -0.04329756 -0.05462452 0.08881326
v -0.04576299 -0.05462452 0.09227060
v -0.04799628 -0.02018183 0.09667383
v -0.04807675 -0.01452746 0.09604179
v -0.04701511 -0.01796251 0.09076509
v -0.02821504 -0.04308399 0.07418675
v -0.02783226 -0.04540443 0.07571904
v -0.02734142 -0.04814535 0.07685419
v -0.04237949 -0.02854344 0.08215431
v -0.04218953 -0.03129049 0.08372089
v -0.04181269 -0.03431769 0.08433288
v -0.02697789 -0.05126800 0.07766496
v -0.03374044 -0.04065149 0.07730439
v -0.03334699 -0.04228591 0.07792597
v -0.03801678 -0.03854182 0.08087385
v -0.03259475 -0.04598620 0.07900375
v -0.03720016 -0.04349982 0.08179801
v -0.03202920 -0.05016016 0.07980651
v -0.03657677 -0.04892405 0.08246178
v -0.02380535 -0.05462452 0.07690597
v -0.03155323 -0.05462452 0.08024067
v -0.04108122 -0.04075404 0.08506126
v -0.04051243 -0.04758012 0.08551919
v -0.02783211 -0.04134356 0.07179406
v -0.02741345 -0.04011299 0.06892855
v -0.03806510 -0.03208577 0.07453410
v -0.03336548 -0.03714817 0.07302013
v -0.03371407 -0.03796186 0.07473566
v -0.03842862 -0.03286441 0.07688429
v -0.04219842 -0.02705317 0.07932165
v -0.04503590 -0.02073755 0.08190350
v -0.04699180 -0.01413511 0.08484503
v -0.04722270 -0.05462452 0.09576064
v -0.04667782 -0.05462452 0.09355351
v -0.03439470 -0.05462452 0.08146364
v 0.05314776 -0.26517475 0.01580004
v 0.04464105 -0.26711637 0.01580004
v 0.05314776 -0.28478074 0.01580004
v 0.06165447 -0.26711637 0.01580004
v 0.07226218 -0.28914344 0.01580003
v 0.07226218 -0.28041798 0.01580003
v 0.06847633 -0.27255660 0.01580004
v 0.05314776 -0.30438668 0.01580004
v 0.06165447 -0.30244511 0.01580004
v 0.06847633 -0.29700488 0.01580004
v 0.03403335 -0.28914344 0.01580004
v 0.03781919 -0.29700488 0.01580004
v 0.04464105 -0.30244511 0.01580004
v 0.03781919 -0.27255660 0.01580004
v 0.03403335 -0.28041798 0.01580004
v 0.04177426 -0.13132800 0.05204803
v 0.00005434 -0.15629639 0.04930006
v 0.00010156 -0.15629549 0.04930006
v 0.00002693 -0.15629987 0.05205002
v 0.00172942 -0.15626459 0.04930009
v 0.00815799 -0.15557580 0.04930007
v 0.01002966 -0.15521981 0.05204998
v 0.00838204 -0.15555181 0.04930007
v 0.01975619 -0.15197836 0.05204977
v 0.02856119 -0.14672463 0.05204935
v 0.03596360 -0.13978170 0.05204874
v 0.04562650 -0.12183522 0.05204764
v 0.00995999 -0.15515469 0.04930006
v 0.01476460 -0.15394558 0.04930005
v 0.01594959 -0.15346734 0.04930006
v 0.01969126 -0.15195738 0.04930010
v 0.02067587 -0.15156002 0.04930012
v 0.02327289 -0.15007825 0.04930006
v 0.02621475 -0.14839976 0.04929999
v 0.02845606 -0.14668070 0.04929997
v 0.03576513 -0.13994674 0.04929995
v 0.03135194 -0.14445962 0.04929993
v 0.02994422 -0.14553930 0.04929995
v 0.03590303 -0.13980572 0.04929995
v 0.03625337 -0.13944747 0.04929995
v 0.04026535 -0.13392515 0.04929999
v 0.04053419 -0.13341887 0.04929997
v 0.04164511 -0.13132690 0.04929994
v 0.04329368 -0.12822242 0.04929989
v 0.04405057 -0.12614255 0.04929994
v 0.04562635 -0.12183552 0.05203114
v 0.04560061 -0.12188318 0.04930004
v -0.00914670 -0.15540232 0.05204999
v -0.00689170 -0.15579619 0.04930008
v -0.00795562 -0.15556298 0.04930009
v -0.00907517 -0.15531762 0.04930009
v -0.04271107 -0.12948604 0.04930000
v -0.04216016 -0.13059737 0.05204799
v -0.04403128 -0.12619580 0.04930004
v -0.04561515 -0.12188219 0.05204774
v -0.04511000 -0.12350743 0.04930006
v -0.04561507 -0.12188219 0.05203079
v -0.04560335 -0.12188315 0.04930006
v -0.01894060 -0.15234379 0.05204980
v -0.02780806 -0.14728172 0.05204941
v -0.03649198 -0.13915817 0.05204869
v -0.02913531 -0.14628540 0.05204932
v -0.01866302 -0.15248005 0.04930039
v -0.01578689 -0.15351497 0.04930023
v -0.01342927 -0.15436332 0.04930009
v -0.02987749 -0.14563768 0.04930002
v -0.02903727 -0.14624630 0.04930002
v -0.02769361 -0.14721958 0.04930001
v -0.02489329 -0.14924805 0.04930001
v -0.02315884 -0.15014781 0.04930013
v -0.03638128 -0.13914816 0.04929991
v -0.03570051 -0.14002265 0.04929987
v -0.03523638 -0.14061885 0.04929984
v -0.03058043 -0.14512847 0.04930002
v -0.04206655 -0.13061245 0.04930002
v -0.04043787 -0.13345878 0.04930005
v -0.03940465 -0.13526447 0.04930008
v -0.01192619 -0.06302660 0.05480005
v -0.01633019 -0.06465345 0.05480006
v -0.01630630 -0.06431996 0.06150711
v -0.00474248 -0.05595257 0.07324961
v -0.00000049 -0.06085002 0.06430732
v -0.00000049 -0.06110560 0.05991578
v -0.00537547 -0.06166058 0.06036651
v -0.01085740 -0.06270581 0.06092539
v -0.01058237 -0.06223320 0.06698133
v -0.02156866 -0.06651079 0.06067152
v -0.02156866 -0.06648134 0.06221998
v -0.02156866 -0.06568580 0.06802016
v -0.01611263 -0.06371226 0.06798963
v -0.02156866 -0.06623548 0.06432775
v -0.02156866 -0.06647142 0.06274292
v -0.02156866 -0.06658851 0.05657975
v -0.02156867 -0.06658851 0.05480006
v -0.00000048 -0.05587634 0.07291576
v -0.00480563 -0.05715679 0.07267597
v -0.00000048 -0.05685633 0.07252847
v -0.00000048 -0.05704658 0.07231438
v -0.00493458 -0.05906936 0.07092298
v -0.00517001 -0.06110080 0.06595805
v -0.00505885 -0.06035041 0.06860595
v -0.01043561 -0.06133725 0.06978422
v -0.01028518 -0.05969670 0.07204325
v -0.01013736 -0.05739760 0.07350195
v -0.01006653 -0.05605464 0.07389916
v -0.02156866 -0.06186315 0.07416618
v -0.01590091 -0.06046423 0.07320067
v -0.02156866 -0.06344052 0.07310697
v -0.01600668 -0.06255382 0.07094986
v -0.02156866 -0.06390645 0.07229821
v -0.02156866 -0.06131800 0.07453223
v -0.02156866 -0.06042277 0.07513338
v -0.02156866 -0.05838662 0.07552827
v -0.00000049 -0.06140336 0.05480005
v -0.00229821 -0.06167578 0.05480005
v -0.00554614 -0.06206086 0.05480005
v -0.01109175 -0.06271835 0.05480005
v -0.00000048 -0.05883612 0.07030086
v -0.00000048 -0.05906492 0.07004344
v -0.00000048 -0.05975976 0.06781066
v -0.00000049 -0.06056117 0.06523547
v -0.02156866 -0.06550854 0.06921069
v -0.02156866 -0.06544700 0.06962412
v -0.02156866 -0.06438192 0.07147289
v -0.02156866 -0.05805852 0.07559190
v 0.00229725 -0.06167569 0.05480005
v 0.01600571 -0.06255382 0.07094985
v 0.01043463 -0.06133725 0.06978422
v 0.01028421 -0.05969670 0.07204324
v 0.02156769 -0.06568032 0.06802083
v 0.02156769 -0.06620299 0.06432419
v 0.01630533 -0.06431996 0.06150710
v 0.02156769 -0.06649222 0.06227839
v 0.02156769 -0.06649321 0.06222020
v 0.02156769 -0.06651937 0.06067173
v 0.02156769 -0.06658851 0.05657974
v 0.01085643 -0.06270581 0.06092539
v 0.01058140 -0.06223320 0.06698132
v 0.01611166 -0.06371226 0.06798963
v 0.01013639 -0.05739760 0.07350194
v 0.00480466 -0.05715679 0.07267597
v 0.01006556 -0.05605464 0.07389916
v 0.00474151 -0.05595257 0.07324961
v 0.00493361 -0.05906936 0.07092298
v 0.00505788 -0.06035041 0.06860595
v 0.00516903 -0.06110080 0.06595805
v 0.01589994 -0.06046423 0.07320066
v 0.02156769 -0.06134754 0.07456728
v 0.02156769 -0.06040942 0.07513896
v 0.02156769 -0.05838709 0.07553012
v 0.02156769 -0.05805900 0.07559358
v 0.00554521 -0.06206062 0.05480005
v 0.00537449 -0.06166058 0.06036650
v 0.01109086 -0.06271785 0.05480005
v 0.01192537 -0.06302615 0.05480005
v 0.01632928 -0.06465318 0.05480004
v 0.02156769 -0.06658851 0.05480004
v 0.02156769 -0.06190904 0.07422511
v 0.02156769 -0.06292426 0.07360645
v 0.02156769 -0.06383365 0.07223738
v 0.02156769 -0.06436151 0.07144269
v 0.02156769 -0.06530371 0.07002424
v 0.02156769 -0.06545850 0.06958979
v 0.02156769 -0.06551196 0.06921167
v 0.02730277 -0.06982853 0.06293443
v 0.04059826 -0.08013486 0.07886425
v 0.04063788 -0.08184504 0.07630230
v 0.03689608 -0.07712507 0.07315587
v 0.04368775 -0.09033813 0.05480004
v 0.04343316 -0.08987200 0.05480004
v 0.04355195 -0.09002154 0.06468146
v 0.04711198 -0.09465721 0.08978443
v 0.04716329 -0.09069198 0.09205039
v 0.04707178 -0.09786629 0.08643547
v 0.04704379 -0.10009318 0.08227363
v 0.04702575 -0.10145660 0.07768267
v 0.04701025 -0.10243037 0.06799202
v 0.04695746 -0.10235914 0.05480004
v 0.04531422 -0.09608140 0.05480004
v 0.04064120 -0.08373945 0.06997045
v 0.04360633 -0.08846091 0.07616357
v 0.04359414 -0.08937903 0.07245467
v 0.04055717 -0.07796489 0.08078138
v 0.03677300 -0.07422506 0.07732160
v 0.03229532 -0.07090243 0.07404345
v 0.03244218 -0.07385426 0.06522013
v 0.02729345 -0.06928878 0.06719983
v 0.03643765 -0.07898923 0.05480004
v 0.03212547 -0.07411265 0.05480004
v 0.03235453 -0.07412153 0.06006566
v 0.03134655 -0.07323178 0.05480004
v 0.03200738 -0.06410118 0.07851849
v 0.03181243 -0.05953728 0.07960317
v 0.03650602 -0.06555616 0.08128102
v 0.04023583 -0.06104436 0.08518150
v 0.04038148 -0.06721073 0.08439945
v 0.02710245 -0.06600439 0.07398645
v 0.02698458 -0.06289219 0.07619362
v 0.03217271 -0.06791546 0.07671768
v 0.03666443 -0.07023101 0.07977530
v 0.04049351 -0.07287156 0.08310878
v 0.04358453 -0.08202415 0.08440287
v 0.04359284 -0.08476710 0.08237679
v 0.04360513 -0.08695390 0.07956370
v 0.04736647 -0.07289084 0.09499182
v 0.04727310 -0.08192178 0.09418900
v 0.04586406 -0.07880040 0.09037337
v 0.04589713 -0.07092696 0.09134483
v 0.04690829 -0.10171025 0.05480004
v 0.04570590 -0.09612017 0.06630533
v 0.04573139 -0.09532573 0.07502266
v 0.04574586 -0.09419286 0.07916566
v 0.04576018 -0.09233432 0.08294109
v 0.04577697 -0.08964529 0.08601926
v 0.04580241 -0.08630090 0.08816593
v 0.04358279 -0.07575577 0.08666070
v 0.02694660 -0.07024267 0.05480004
v 0.03682624 -0.07891130 0.06157420
v 0.03918845 -0.08210009 0.05480004
v 0.04031187 -0.08415701 0.05480004
v 0.04057888 -0.08424770 0.06310847
v 0.02719453 -0.06809177 0.07096142
v 0.03690741 -0.07852706 0.06756173
v 0.03242915 -0.07290431 0.07012337
v 0.04737854 -0.10684829 0.04930004
v 0.04738390 -0.10700940 0.05041591
v 0.04728255 -0.11025750 0.04930005
v 0.04741284 -0.10782411 0.05200918
v 0.04623181 -0.11932858 0.04929991
v 0.04634157 -0.11855479 0.04929992
v 0.04692869 -0.11441576 0.04930000
v 0.04700561 -0.11487674 0.05202794
v 0.04722412 -0.11233302 0.04930005
v 0.04743324 -0.10839843 0.05313231
v -0.04738406 -0.10698592 0.05034261
v -0.04738129 -0.10684814 0.04930007
v -0.04741398 -0.10782852 0.05200712
v -0.04740596 -0.10931575 0.04930013
v -0.04732575 -0.11018854 0.04930013
v -0.04694177 -0.11436691 0.04930008
v -0.04700659 -0.11487659 0.05202753
v -0.04743444 -0.10840475 0.05314540
v -0.04693685 -0.11442038 0.04930008
v -0.04676039 -0.11634054 0.04930007
v -0.04630467 -0.11852359 0.04930007
v -0.02694758 -0.07024267 0.05480006
v -0.03682721 -0.07891130 0.06157422
v -0.04057985 -0.08424770 0.06310850
v -0.04064217 -0.08373945 0.06997047
v -0.04711295 -0.09465721 0.08978445
v -0.04716425 -0.09069198 0.09205041
v -0.04704475 -0.10009318 0.08227365
v -0.04707273 -0.09786629 0.08643549
v -0.04702671 -0.10145660 0.07768269
v -0.04701122 -0.10243037 0.06799205
v -0.04695844 -0.10235914 0.05480006
v -0.04573236 -0.09532573 0.07502268
v -0.04570687 -0.09612017 0.06630535
v -0.04359511 -0.08937903 0.07245469
v -0.04355292 -0.09002154 0.06468149
v -0.04343414 -0.08987200 0.05480006
v -0.04368873 -0.09033813 0.05480006
v -0.04531519 -0.09608140 0.05480006
v -0.04690927 -0.10171025 0.05480006
v -0.02719550 -0.06809177 0.07096143
v -0.02729442 -0.06928878 0.06719985
v -0.04576115 -0.09233432 0.08294111
v -0.04359381 -0.08476710 0.08237682
v -0.04360610 -0.08695390 0.07956372
v -0.04059922 -0.08013486 0.07886428
v -0.04063885 -0.08184504 0.07630232
v -0.03689704 -0.07712507 0.07315589
v -0.03690838 -0.07852706 0.06756175
v -0.03244315 -0.07385426 0.06522015
v -0.03235551 -0.07412153 0.06006568
v -0.04574683 -0.09419286 0.07916568
v -0.04360730 -0.08846091 0.07616359
v -0.03134753 -0.07323178 0.05480006
v -0.03212645 -0.07411265 0.05480006
v -0.03643863 -0.07898923 0.05480006
v -0.03918943 -0.08210009 0.05480006
v -0.04031285 -0.08415701 0.05480006
v -0.02730374 -0.06982853 0.06293444
v -0.03677396 -0.07422506 0.07732162
v -0.04055813 -0.07796489 0.08078140
v -0.03666539 -0.07023101 0.07977533
v -0.04049447 -0.07287156 0.08310880
v -0.03650698 -0.06555616 0.08128104
v -0.04038244 -0.06721073 0.08439947
v -0.04023679 -0.06104436 0.08518153
v -0.03181339 -0.05953728 0.07960319
v -0.03200834 -0.06410118 0.07851850
v -0.02710342 -0.06600439 0.07398646
v -0.02698555 -0.06289219 0.07619363
v -0.03229629 -0.07090243 0.07404347
v -0.03217367 -0.06791546 0.07671770
v -0.04736742 -0.07289084 0.09499184
v -0.04727405 -0.08192178 0.09418902
v -0.04589809 -0.07092696 0.09134485
v -0.04358375 -0.07575577 0.08666072
v -0.04586502 -0.07880040 0.09037340
v -0.04358549 -0.08202415 0.08440289
v -0.04580337 -0.08630090 0.08816595
v -0.04577794 -0.08964529 0.08601928
v -0.03243012 -0.07290431 0.07012338
v 0.05314776 -0.26517475 0.01380004
v 0.06165447 -0.26711637 0.01380004
v 0.06847633 -0.27255660 0.01380004
v 0.07226218 -0.28041798 0.01380003
v 0.07226218 -0.28914344 0.01380003
v 0.06847633 -0.29700488 0.01380004
v 0.06165447 -0.30244511 0.01380004
v 0.05314776 -0.30438668 0.01380004
v 0.04464105 -0.30244511 0.01380004
v 0.03781919 -0.29700488 0.01380004
v 0.03403335 -0.28914344 0.01380004
v 0.03403335 -0.28041798 0.01380004
v 0.03781919 -0.27255660 0.01380004
v 0.04464105 -0.26711637 0.01380004
v 0.02167324 -0.15900339 0.03778860
v 0.01481526 -0.16171043 0.04038800
v 0.01446624 -0.16523902 0.03998108
v 0.00751846 -0.16335754 0.04196261
v 0.03214180 -0.16322578 0.02823721
v 0.03640797 -0.16045056 0.02254024
v 0.03682382 -0.15272985 0.02314774
v 0.01583620 -0.15452923 0.04465049
v 0.01573024 -0.15558349 0.04329201
v 0.02299682 -0.15228142 0.04191401
v 0.00801066 -0.15759893 0.04412597
v 0.02840300 -0.15285961 0.03502735
v 0.02895815 -0.15075795 0.03633887
v 0.02249062 -0.15515773 0.03926965
v 0.03459314 -0.14525025 0.03264323
v 0.04370381 -0.12806003 0.03150494
v 0.04010649 -0.13552345 0.03476960
v 0.03977234 -0.13687907 0.03137070
v 0.03535832 -0.14214291 0.03761994
v -0.02841474 -0.15290542 0.03499918
v -0.02896875 -0.15080671 0.03631467
v -0.03460857 -0.14529879 0.03262097
v -0.04400494 -0.12668596 0.04052603
v 0.02949218 -0.17542203 0.02994565
v 0.03177715 -0.17542203 0.02764311
v 0.03893574 -0.17542203 0.01627062
v 0.03923318 -0.17542203 0.01538118
v 0.03959085 -0.15729044 0.01611969
v 0.04529931 -0.12307452 0.03422427
v 0.04540693 -0.12264898 0.03960932
v 0.04403792 -0.12663488 0.04052328
v 0.02323004 -0.15056019 0.04559623
v -0.00793044 -0.15592806 0.04667434
v 0.00010210 -0.15658940 0.04681244
v 0.00812404 -0.15589710 0.04667685
v 0.01590732 -0.15387087 0.04626918
v 0.02988071 -0.14605232 0.04466915
v 0.03567091 -0.14046521 0.04350150
v 0.04043841 -0.13393407 0.04211259
v 0.04511376 -0.12374436 0.02869608
v 0.04334201 -0.12937556 0.02720903
v 0.04500097 -0.12415155 0.02533555
v 0.04492384 -0.12437000 0.02438309
v 0.04485088 -0.12457662 0.02348222
v 0.04273725 -0.13132654 0.02319388
v 0.04460261 -0.12527974 0.02041656
v 0.04445115 -0.12574334 0.01932460
v 0.04370220 -0.12835826 0.01489663
v 0.04396965 -0.12732475 0.01617734
v 0.04182525 -0.13459794 0.02007237
v 0.04410353 -0.12680738 0.01681845
v 0.04433203 -0.12610798 0.01846580
v 0.04360099 -0.12874936 0.01441196
v 0.04354551 -0.12903197 0.01423234
v 0.04310766 -0.13126235 0.01281476
v 0.04098351 -0.13881148 0.01823002
v 0.04290493 -0.13273846 0.01234666
v 0.04223249 -0.13888381 0.01106892
v 0.04256780 -0.13519312 0.01156824
v 0.04276926 -0.13372625 0.01203341
v 0.04142847 -0.15244548 0.01027007
v 0.04186126 -0.14413910 0.01061496
v 0.04002350 -0.14799143 0.01680438
v 0.04190243 -0.14334892 0.01064777
v 0.04200409 -0.14139794 0.01072878
v 0.04139147 -0.15435739 0.01025976
v 0.04138456 -0.15471427 0.01025783
v 0.04098383 -0.17542203 0.01014616
v 0.03597772 -0.17542203 0.02201322
v 0.03493452 -0.17542203 0.02344811
v 0.03217918 -0.17542203 0.02723798
v 0.02292060 -0.17542203 0.03530143
v 0.02656130 -0.17542203 0.03261155
v 0.02691868 -0.16556586 0.03308558
v 0.02763084 -0.17542203 0.03182133
v 0.01671857 -0.17542203 0.03866009
v 0.02059796 -0.17542203 0.03662389
v 0.02090404 -0.16743217 0.03696936
v 0.02243756 -0.17542203 0.03565832
v 0.01060760 -0.17542206 0.04075575
v 0.01403783 -0.17542206 0.03957941
v 0.01426359 -0.16879101 0.03980738
v 0.01535926 -0.17542206 0.03912624
v 0.00718546 -0.17542206 0.04136933
v 0.00719937 -0.16961743 0.04153262
v 0.00707044 -0.17542206 0.04138995
v -0.00935011 -0.17542206 0.04095572
v -0.00737208 -0.17542206 0.04146420
v -0.00733908 -0.16962497 0.04151293
v -0.00007292 -0.16989727 0.04210433
v -0.00003312 -0.16690089 0.04220071
v -0.00126404 -0.17542206 0.04209158
v -0.00009631 -0.17542206 0.04205004
v 0.00425141 -0.17542206 0.04189539
v -0.01709138 -0.17542206 0.03837311
v -0.01420575 -0.17542206 0.03960865
v -0.01438528 -0.16880365 0.03977308
v -0.01362796 -0.17542206 0.03985604
v -0.02422604 -0.17542209 0.03440795
v -0.02071874 -0.17542206 0.03659447
v -0.02100976 -0.16744588 0.03692847
v -0.01956376 -0.17542206 0.03731450
v -0.02663290 -0.17542209 0.03253104
v -0.02504341 -0.17542209 0.03389838
v -0.02701284 -0.16557936 0.03303862
v -0.02993929 -0.17542209 0.02968674
v -0.03221708 -0.16323768 0.02819449
v -0.03043286 -0.17542209 0.02910948
v -0.03178025 -0.17542209 0.02753363
v -0.03413747 -0.17542209 0.02477672
v -0.03646180 -0.16046120 0.02251119
v -0.03544448 -0.17542209 0.02266596
v -0.03601021 -0.17542209 0.02175235
v -0.04006125 -0.17542209 0.01334171
v -0.03921557 -0.17542209 0.01533358
v -0.03962938 -0.15729599 0.01610371
v -0.03918238 -0.17542209 0.01541175
v -0.03753774 -0.17542209 0.01928546
v -0.04099943 -0.17542209 0.01014659
v -0.04133331 -0.15625201 0.01021538
v -0.04139810 -0.15467604 0.01025577
v -0.04141076 -0.15436800 0.01026366
v -0.04179979 -0.14490496 0.01050619
v -0.04004778 -0.14802437 0.01679100
v -0.04186032 -0.14407896 0.01057587
v -0.04329284 -0.13039990 0.01325342
v -0.04292291 -0.13274433 0.01230252
v -0.04100248 -0.13884579 0.01822009
v -0.04280115 -0.13351606 0.01198952
v -0.04278945 -0.13362159 0.01196820
v -0.04230869 -0.13796069 0.01109203
v -0.04224680 -0.13880531 0.01102077
v -0.04191149 -0.14338075 0.01063477
v -0.04184800 -0.13463746 0.02006167
v -0.04373868 -0.12833847 0.01485484
v -0.04359372 -0.12900873 0.01433415
v -0.04446832 -0.12578179 0.01930315
v -0.04437707 -0.12605299 0.01854095
v -0.04378689 -0.12811558 0.01502801
v -0.04401369 -0.12729652 0.01625675
v -0.04426955 -0.12637250 0.01764295
v -0.04492143 -0.12441593 0.02435618
v -0.04487778 -0.12455188 0.02358123
v -0.04275745 -0.13136671 0.02318463
v -0.04478648 -0.12483626 0.02196050
v -0.04516991 -0.12361514 0.02945950
v -0.04515529 -0.12367596 0.02880461
v -0.04334800 -0.12941869 0.02719875
v -0.04514432 -0.12372162 0.02831309
v -0.04539635 -0.12267303 0.03960286
v -0.04549803 -0.12225001 0.04415733
v -0.04037944 -0.13399853 0.04211240
v -0.03559163 -0.14052950 0.04349825
v -0.02977559 -0.14611761 0.04466443
v -0.02309609 -0.15062170 0.04559174
v -0.01573741 -0.15392421 0.04626502
v -0.01452081 -0.16526504 0.03995249
v -0.02122737 -0.16323145 0.03720009
v -0.02167837 -0.15904073 0.03776166
v -0.01481387 -0.16174237 0.04036534
v -0.00751737 -0.16337599 0.04194959
v 0.00000100 -0.16391648 0.04248526
v -0.00738741 -0.16649444 0.04163150
v -0.03770401 -0.14514266 0.02433074
v -0.03685258 -0.15276696 0.02312347
v -0.01569295 -0.15457900 0.04464176
v -0.00791601 -0.15657739 0.04526191
v 0.00008591 -0.15723734 0.04547152
v -0.03924730 -0.13878043 0.02822513
v -0.03844793 -0.14161395 0.02579221
v -0.03392823 -0.14773782 0.03079374
v -0.03329469 -0.15066694 0.02967567
v -0.02789870 -0.15532653 0.03417822
v -0.03256341 -0.15692697 0.02869972
v -0.02730118 -0.16043530 0.03342389
v -0.03977018 -0.13693230 0.03135549
v -0.04369175 -0.12810667 0.03148816
v -0.04007936 -0.13558115 0.03475009
v -0.03532150 -0.14220004 0.03759752
v -0.02954895 -0.14782511 0.03999211
v -0.02292566 -0.15233536 0.04189548
v -0.02249096 -0.15520324 0.03924867
v -0.01535677 -0.15840448 0.04137748
v -0.00778456 -0.16034110 0.04267135
v 0.00001132 -0.16098173 0.04310841
v 0.00780364 -0.16031845 0.04268137
v 0.01536987 -0.15836532 0.04139498
v 0.04514060 -0.12364750 0.02949557
v 0.02960081 -0.14776753 0.04001431
v 0.00005874 -0.15828536 0.04440228
v 0.00807887 -0.15654851 0.04526691
v -0.00790022 -0.15762590 0.04411777
v -0.01563453 -0.15563004 0.04327731
v 0.03252371 -0.15689154 0.02873536
v 0.03769074 -0.14510144 0.02434948
v 0.02117741 -0.16320036 0.03723419
v 0.02725331 -0.16040103 0.03346306
v 0.02788656 -0.15528633 0.03420911
v 0.03328044 -0.15062658 0.02970362
v 0.03391226 -0.14769171 0.03081964
v 0.03843162 -0.14156677 0.02581033
v 0.03923208 -0.13873123 0.02824073
v -0.01890397 -0.06550290 0.04930019
v -0.02143759 -0.06656333 0.04930012
v -0.02150273 -0.06657585 0.05203355
v -0.00969038 -0.06253376 0.04930023
v -0.01185090 -0.06308251 0.04930026
v -0.01192131 -0.06294506 0.05203355
v -0.01508147 -0.06390306 0.04930031
v -0.00006893 -0.06144356 0.04930006
v -0.00178416 -0.06147551 0.04930006
v -0.00231611 -0.06147953 0.05203356
v -0.00230518 -0.06153076 0.04930008
v -0.00820332 -0.06215607 0.04930020
v -0.00000049 -0.06142294 0.05203356
v -0.00000049 -0.06144228 0.04930006
v 0.00682500 -0.06193533 0.04930001
v 0.00229968 -0.06160846 0.04930004
v 0.00231513 -0.06147953 0.05203356
v 0.00955200 -0.06253504 0.04929999
v 0.01192033 -0.06294506 0.05203355
v 0.01186291 -0.06304326 0.04929998
v 0.02143614 -0.06656425 0.04930016
v 0.01986653 -0.06580471 0.04930007
v 0.02150152 -0.06657632 0.05203355
v 0.01879893 -0.06540235 0.04930006
v 0.01348766 -0.06340056 0.04929996
v 0.03232889 -0.07417070 0.04929984
v 0.03173015 -0.07368555 0.04929985
v 0.02728013 -0.07007989 0.04929999
v 0.02681600 -0.06979247 0.04930000
v 0.02723770 -0.07004552 0.04930000
v 0.03451879 -0.07651334 0.04929976
v 0.03608696 -0.07819092 0.04929971
v 0.04053799 -0.08425888 0.04929959
v 0.04015182 -0.08360716 0.05203126
v 0.04284136 -0.08871242 0.04929960
v 0.04317672 -0.08922779 0.05202954
v 0.04350873 -0.09000280 0.04929960
v 0.04046632 -0.08415722 0.04929959
v 0.03981197 -0.08322921 0.04929961
v 0.03678884 -0.07894173 0.04929969
v 0.04542071 -0.09520464 0.05202771
v 0.04512237 -0.09454586 0.04929970
v 0.04455098 -0.09293716 0.04929966
v 0.04694279 -0.10231896 0.04929995
v 0.04689448 -0.10181691 0.04929994
v 0.04684036 -0.10143157 0.05202614
v 0.04663854 -0.10062375 0.04929990
v 0.04565863 -0.09605568 0.04929974
v 0.04497259 -0.12305801 0.01684034
v 0.04144078 -0.17542203 0.00788583
v 0.04165601 -0.17542206 0.00682115
v 0.04191791 -0.15409739 0.00677878
v 0.04202241 -0.17542206 0.00268206
v 0.04222547 -0.17542209 -0.00015716
v 0.04239307 -0.14948340 -0.00116013
v 0.04216153 -0.17542206 -0.00146560
v 0.04199596 -0.17542203 -0.00485385
v 0.04621491 -0.11933776 0.03876606
v 0.04592626 -0.12038525 0.02785238
v 0.04688458 -0.11529686 0.03775524
v 0.04734871 -0.10788565 0.03628371
v 0.04730062 -0.11122187 0.03674300
v 0.04733806 -0.10825606 0.03163622
v 0.04676456 -0.11081152 0.01642327
v 0.04685775 -0.11044186 0.01799966
v 0.04653670 -0.11408102 0.01759414
v 0.04709347 -0.10950678 0.02198716
v 0.04696181 -0.11272680 0.02375843
v 0.04711477 -0.10939791 0.02282708
v 0.04733083 -0.10829302 0.03135110
v 0.04266965 -0.13547517 -0.00361629
v 0.04267753 -0.13531516 -0.00359771
v 0.04284834 -0.13657804 -0.00020010
v 0.04276616 -0.13351472 -0.00338862
v 0.04326197 -0.13047899 0.00105085
v 0.04206317 -0.15618490 -0.00478476
v 0.04221763 -0.14880677 -0.00455292
v 0.04236877 -0.14158697 -0.00432606
v 0.04311081 -0.13216479 0.00882402
v 0.04346954 -0.12938504 0.00996395
v 0.04450239 -0.12454095 0.01413533
v 0.04395193 -0.12672459 0.01171327
v 0.04560769 -0.12129401 0.02235858
v 0.04482024 -0.11793797 0.00416468
v 0.04477144 -0.11991664 0.00683549
v 0.04441495 -0.11965414 0.00246710
v 0.04428320 -0.12225663 0.00486426
v 0.04642672 -0.11201965 0.01330791
v 0.04664973 -0.11124405 0.01509369
v 0.04674827 -0.11087289 0.01623464
v 0.04601648 -0.11344635 0.01002292
v 0.04579258 -0.11634367 0.01181405
v 0.04599154 -0.11353307 0.00982323
v 0.04494503 -0.11740955 0.00468735
v 0.04524048 -0.11615848 0.00592488
v 0.04530037 -0.11792695 0.00918894
v 0.04537764 -0.11567902 0.00663678
v 0.04594686 -0.11368924 0.00959135
v 0.04654765 -0.11656847 0.02582642
v 0.04615763 -0.11768695 0.02002925
v 0.04544761 -0.11968907 0.01437142
v 0.04495233 -0.12123566 0.01167002
v 0.04439702 -0.12338027 0.00922462
v 0.04391294 -0.12594344 0.00734259
v 0.04387318 -0.12483462 0.00327414
v 0.04354247 -0.12864874 0.00598870
v 0.04303038 -0.13421123 0.00429647
v 0.04268980 -0.13994335 0.00342458
v 0.04228803 -0.15180276 0.00281538
v 0.04176490 -0.17542206 0.00628254
v 0.04230892 -0.14318179 0.00705406
v 0.04262733 -0.13770418 0.00758634
v 0.04367847 -0.12413850 -0.00036035
v 0.04318152 -0.12836616 -0.00211995
v 0.04315310 -0.12871842 -0.00220676
v 0.04372816 -0.12371575 -0.00018441
v 0.04391517 -0.12260976 0.00053761
v 0.04425231 -0.12061595 0.00183921
v -0.04689423 -0.11523371 0.03789742
v -0.04219573 -0.14854129 -0.00464304
v -0.04219428 -0.14875315 -0.00464470
v -0.04241195 -0.14940707 -0.00122606
v -0.04224191 -0.17542200 -0.00015710
v -0.04208179 -0.17542194 0.00263352
v -0.04231370 -0.15172617 0.00276735
v -0.04621719 -0.11930516 0.03890286
v -0.04594199 -0.12034842 0.02796659
v -0.04563913 -0.12124868 0.02246186
v -0.04502181 -0.12299588 0.01692715
v -0.04400634 -0.12662695 0.01176766
v -0.04455837 -0.12446081 0.01421352
v -0.04314952 -0.13206853 0.00883334
v -0.04265903 -0.13761936 0.00757703
v -0.04233774 -0.14310853 0.00703681
v -0.04194634 -0.15404822 0.00675687
v -0.04144495 -0.17542200 0.00757973
v -0.04158327 -0.17542197 0.00678277
v -0.04197234 -0.17542191 0.00454112
v -0.04201172 -0.17542200 -0.00485383
v -0.04220748 -0.17542200 -0.00253073
v -0.04222191 -0.17542200 -0.00153582
v -0.04250892 -0.13862167 -0.00408232
v -0.04287530 -0.13646592 -0.00025433
v -0.04268358 -0.13562159 -0.00363768
v -0.04329704 -0.13035242 0.00101382
v -0.04288290 -0.13219757 -0.00313021
v -0.04270548 -0.13524537 -0.00358192
v -0.04427020 -0.12076505 0.00178077
v -0.04395258 -0.12249696 0.00054180
v -0.04391995 -0.12470075 0.00326609
v -0.04388941 -0.12284141 0.00029537
v -0.04370269 -0.12430551 -0.00037533
v -0.04331088 -0.12737770 -0.00178269
v -0.04319792 -0.12864988 -0.00213836
v -0.04463078 -0.11879884 0.00318738
v -0.04482851 -0.11979076 0.00686485
v -0.04482356 -0.11802637 0.00402472
v -0.04535588 -0.11781087 0.00923515
v -0.04539735 -0.11572715 0.00651702
v -0.04499435 -0.11734202 0.00476655
v -0.04618665 -0.11295085 0.01094339
v -0.04604946 -0.11342829 0.01016080
v -0.04584142 -0.11623620 0.01187351
v -0.04593647 -0.11382150 0.00951626
v -0.04545330 -0.11550295 0.00676005
v -0.04685826 -0.11048632 0.01791104
v -0.04676283 -0.11086722 0.01637499
v -0.04656954 -0.11398380 0.01768091
v -0.04672531 -0.11101698 0.01577102
v -0.04643764 -0.11204975 0.01319285
v -0.04708233 -0.10959198 0.02151775
v -0.04698300 -0.11263867 0.02387184
v -0.04712188 -0.10939454 0.02297877
v -0.04733109 -0.10835009 0.03070692
v -0.04731130 -0.11113944 0.03689976
v -0.04733269 -0.10830241 0.03129752
v -0.04734663 -0.10788538 0.03645981
v -0.04656818 -0.11650198 0.02593045
v -0.04619123 -0.11761259 0.02011495
v -0.04549780 -0.11960085 0.01443837
v -0.04500955 -0.12113144 0.01173018
v -0.04445411 -0.12325882 0.00926657
v -0.04358652 -0.12852038 0.00598971
v -0.04306570 -0.13408957 0.00427326
v -0.04271984 -0.13983347 0.00338755
v -0.03518265 -0.07706337 0.04930020
v -0.03607377 -0.07819562 0.04930018
v -0.04015280 -0.08360716 0.05203127
v -0.04244813 -0.08771443 0.04929994
v -0.04285774 -0.08869912 0.04929994
v -0.04317770 -0.08922779 0.05202956
v -0.04492767 -0.09367525 0.04929990
v -0.04515342 -0.09453087 0.04929991
v -0.04542169 -0.09520464 0.05202774
v -0.04684134 -0.10143157 0.05202617
v -0.04687025 -0.10246249 0.04930001
v -0.04665511 -0.10061621 0.04929998
v -0.04657299 -0.09991144 0.04929997
v -0.04466448 -0.09304255 0.04929990
v -0.04045677 -0.08431926 0.04930002
v -0.03981331 -0.08322220 0.04930005
v -0.03918001 -0.08214246 0.04930007
v -0.03466315 -0.07656970 0.04930021
v -0.03167950 -0.07373448 0.04930025
v -0.02997165 -0.07211157 0.04930027
v -0.02731926 -0.07026430 0.04930023
v -0.02675797 -0.06987339 0.04930022
v -0.02408313 -0.06801044 0.04930019
v 0.01798723 -0.25455874 0.00179097
v 0.01898685 -0.25495845 0.00686552
v 0.02428130 -0.25023985 0.00636534
v -0.00064926 -0.21449865 0.03153923
v -0.00056755 -0.21590893 0.03058035
v 0.00556784 -0.21316342 0.03028665
v 0.02262804 -0.25218934 0.01380005
v 0.02521790 -0.25016636 0.01380005
v 0.03533874 -0.24410932 0.01380004
v 0.03819878 -0.24311398 0.01380004
v 0.03778875 -0.24319713 0.00392773
v 0.06350150 -0.24142079 -0.00302222
v 0.06305318 -0.24127685 -0.00528805
v 0.05812020 -0.24054156 -0.00311831
v 0.05872726 -0.23952214 -0.01647094
v 0.05815211 -0.23921548 -0.01739217
v 0.05450940 -0.23873542 -0.01433493
v 0.05623911 -0.23819546 -0.02045627
v 0.05600189 -0.23803411 -0.02073403
v 0.05267072 -0.23758481 -0.01733670
v 0.05481290 -0.23722510 -0.02212619
v 0.05366300 -0.23644273 -0.02347259
v 0.05057148 -0.23600458 -0.01973276
v 0.04202873 -0.21178453 -0.01382278
v 0.04182652 -0.20706914 -0.00990001
v 0.04027940 -0.20845865 -0.00399011
v 0.03908928 -0.18172322 0.01576078
v 0.03493519 -0.18251945 0.02320140
v 0.01514571 -0.18013485 0.03911971
v -0.00125090 -0.18104039 0.04174289
v 0.00699996 -0.18062998 0.04134302
v 0.02275664 -0.17962365 0.03529768
v 0.02932422 -0.18342422 0.02964740
v 0.04159364 -0.18099745 0.00769180
v 0.04232809 -0.18029670 -0.00024512
v 0.04238654 -0.18307321 -0.00029521
v 0.04152098 -0.18697886 0.00702276
v 0.04241754 -0.18454550 -0.00032178
v 0.04222593 -0.19137318 -0.00141207
v 0.04226211 -0.19061364 -0.00118709
v 0.04116899 -0.19278778 0.00563535
v 0.04227944 -0.19025005 -0.00107940
v 0.04238718 -0.18579940 -0.00048831
v 0.04203574 -0.19536532 -0.00259455
v 0.04073310 -0.19835149 0.00330388
v 0.04196976 -0.19685479 -0.00331841
v 0.04193186 -0.19771020 -0.00373414
v 0.04039927 -0.20357014 0.00002147
v 0.04182345 -0.20015772 -0.00492360
v 0.04173646 -0.20496874 -0.00815268
v 0.04175121 -0.20415302 -0.00760518
v 0.04178849 -0.20209120 -0.00622132
v 0.04261967 -0.21561389 -0.01715594
v 0.04100330 -0.21789007 -0.01309986
v 0.04411495 -0.22229455 -0.02256531
v 0.04382712 -0.22127293 -0.02178981
v 0.04216443 -0.22290038 -0.01756462
v 0.04308832 -0.21865068 -0.01979928
v 0.04283040 -0.21697943 -0.01834453
v 0.04426119 -0.22281359 -0.02295930
v 0.04310935 -0.22559492 -0.01951267
v 0.04523598 -0.22518562 -0.02431211
v 0.04588424 -0.22676305 -0.02521176
v 0.04442700 -0.22842787 -0.02101626
v 0.04615327 -0.22724406 -0.02536231
v 0.04866413 -0.23129003 -0.02615697
v 0.04796392 -0.23031567 -0.02614758
v 0.04620108 -0.23129271 -0.02172286
v 0.04754658 -0.22973500 -0.02614198
v 0.04669209 -0.22820733 -0.02566382
v 0.04931722 -0.23219882 -0.02616572
v 0.04834140 -0.23390339 -0.02128571
v 0.05018829 -0.23315625 -0.02580092
v 0.05255462 -0.23548196 -0.02435879
v 0.05136973 -0.23445491 -0.02530614
v 0.05106591 -0.23412095 -0.02543338
v 0.05893577 -0.23963331 -0.01613696
v 0.06300022 -0.24125980 -0.00555566
v 0.06158986 -0.24074601 -0.00994058
v 0.05603164 -0.23956214 -0.01090554
v 0.06113549 -0.24058048 -0.01135326
v 0.06006418 -0.24011920 -0.01368302
v 0.06430069 -0.24167751 0.00101681
v 0.05902570 -0.24081896 0.00565306
v 0.06459311 -0.24176429 0.00427209
v 0.06457481 -0.24175887 0.00406839
v 0.05900216 -0.24082427 0.01380004
v 0.06262622 -0.24132280 0.01380004
v 0.06512072 -0.24192087 0.01014560
v 0.06524502 -0.24195652 0.01380004
v 0.05238165 -0.24055259 0.00728977
v 0.05217796 -0.24048679 0.01380004
v 0.05643013 -0.24047051 0.01380004
v 0.04140548 -0.24199794 0.01380004
v 0.04519379 -0.24123870 0.01380004
v 0.04532314 -0.24127893 0.00882674
v 0.04764626 -0.24074714 0.01380004
v 0.05012284 -0.24049465 0.01380004
v 0.02759325 -0.24831091 0.01380005
v 0.03142514 -0.24610345 0.01380005
v 0.03073136 -0.24622981 0.00541247
v 0.03314973 -0.24510996 0.01380004
v 0.01528271 -0.25984341 0.00569272
v 0.01538502 -0.25991887 0.00704740
v 0.01543424 -0.25995517 0.00769909
v 0.01585994 -0.26026922 0.01333566
v 0.01990997 -0.25499576 0.01380005
v 0.01904189 -0.25589204 0.01380005
v 0.01589501 -0.26029509 0.01380005
v 0.00035752 -0.22761761 0.02147434
v 0.00564360 -0.22547476 0.02040778
v 0.00027108 -0.22711150 0.02202477
v 0.00547272 -0.21973293 0.02552798
v -0.00015212 -0.22287409 0.02578597
v -0.00018028 -0.22259222 0.02603616
v 0.00052603 -0.22860430 0.02040129
v 0.00206470 -0.23761402 0.01060311
v 0.00673955 -0.23508845 0.00973074
v -0.00023969 -0.22156696 0.02673327
v -0.00079705 -0.21194820 0.03327337
v 0.00589084 -0.20563103 0.03457065
v -0.00089908 -0.20792891 0.03501690
v 0.00676858 -0.18653296 0.04069518
v -0.00123825 -0.18644671 0.04140736
v -0.00123718 -0.18690445 0.04137895
v -0.00123188 -0.18740733 0.04126606
v -0.00112962 -0.19710796 0.03908856
v 0.00632385 -0.19687797 0.03818197
v -0.00111436 -0.19855575 0.03876357
v -0.00109827 -0.20008118 0.03842116
v -0.00093831 -0.20638306 0.03568746
v 0.03453961 -0.18954803 0.02187620
v 0.02877535 -0.19113781 0.02796859
v 0.03380976 -0.19589277 0.01969167
v 0.02793389 -0.19791307 0.02536727
v 0.03301834 -0.20171143 0.01670748
v 0.02706309 -0.20401458 0.02205048
v 0.03240211 -0.20707528 0.01295587
v 0.02640343 -0.20959453 0.01807513
v 0.03207240 -0.21201791 0.00855488
v 0.02605753 -0.21469565 0.01351087
v 0.02634628 -0.22383325 0.00329425
v 0.04497973 -0.24126957 0.00190744
v 0.05188651 -0.24043117 -0.00053283
v 0.05045027 -0.23962812 -0.00752062
v 0.04398418 -0.24067585 -0.00431776
v 0.04305688 -0.24004684 -0.00707693
v 0.03626314 -0.24228238 -0.00418289
v 0.03504236 -0.24131666 -0.00632295
v 0.02809877 -0.24456064 -0.00408630
v 0.02730848 -0.24383609 -0.00478941
v 0.04772497 -0.23781334 -0.01327273
v 0.04586348 -0.23627774 -0.01528540
v 0.04001056 -0.23751061 -0.01112389
v 0.03818373 -0.23552899 -0.01184345
v 0.03166746 -0.23779319 -0.00807338
v 0.03008464 -0.23550884 -0.00747620
v 0.02823022 -0.23927437 -0.00655937
v 0.03886246 -0.18818973 0.01476111
v 0.03830627 -0.19422807 0.01297169
v 0.03767120 -0.19987859 0.01030184
v 0.03717335 -0.20512535 0.00676441
v 0.03692615 -0.20999445 0.00253348
v 0.03240102 -0.22110234 -0.00137080
v 0.03326934 -0.22569637 -0.00629259
v 0.02714930 -0.22831522 -0.00177967
v 0.03400981 -0.22812395 -0.00850652
v 0.02783191 -0.23065595 -0.00408695
v 0.03505741 -0.23064815 -0.01035063
v 0.02879241 -0.23307680 -0.00606207
v 0.03647093 -0.23318283 -0.01155656
v 0.03741086 -0.21916775 -0.00703167
v 0.03840327 -0.22393404 -0.01174423
v 0.03923319 -0.22647755 -0.01383295
v 0.04040165 -0.22913639 -0.01551277
v 0.04197687 -0.23181157 -0.01647416
v 0.04387453 -0.23426180 -0.01640707
v 0.01478308 -0.25607610 -0.00049842
v 0.01318405 -0.25467980 -0.00217729
v 0.01188851 -0.25700712 -0.00192752
v 0.01301168 -0.25799692 -0.00047783
v 0.01312381 -0.25809574 -0.00033311
v 0.01701523 -0.25391096 -0.00048276
v 0.01382365 -0.25871247 0.00057018
v 0.01417000 -0.25898093 0.00178617
v 0.01426529 -0.25905478 0.00212072
v 0.01505075 -0.25966364 0.00487835
v 0.02348429 -0.25002640 0.00134054
v 0.01633682 -0.25337833 -0.00144756
v 0.02268217 -0.24953108 -0.00092044
v 0.03003880 -0.24599575 0.00021294
v 0.00981540 -0.25477499 -0.00272887
v 0.01138542 -0.25646544 -0.00212199
v 0.01142567 -0.25650877 -0.00210643
v 0.03703778 -0.24281280 -0.00168031
v 0.02930683 -0.24552356 -0.00212169
v 0.02209983 -0.24909489 -0.00191841
v 0.01553287 -0.25267422 -0.00221493
v 0.00952213 -0.25435895 -0.00262415
v 0.00771432 -0.25179452 -0.00197868
v 0.01200113 -0.24860142 -0.00256498
v 0.00724242 -0.25112516 -0.00181019
v 0.00940848 -0.24397723 0.00029069
v 0.00536828 -0.24729215 0.00090188
v 0.00777614 -0.23948066 0.00466409
v 0.00452581 -0.24556915 0.00212102
v 0.00517980 -0.24690668 0.00117464
v 0.00228658 -0.23833118 0.00983840
v 0.00351210 -0.24229251 0.00561471
v 0.00367383 -0.24281524 0.00505733
v 0.02138294 -0.24849199 -0.00275720
v 0.02055305 -0.24771588 -0.00336298
v 0.01967149 -0.24679939 -0.00368624
v 0.02645304 -0.24297015 -0.00522755
v 0.01796804 -0.24470954 -0.00351942
v 0.04927035 -0.23889332 -0.01060285
v 0.04172080 -0.23903345 -0.00945277
v 0.03425624 -0.24061482 -0.00713601
v 0.02994074 -0.24127267 -0.00634552
v 0.03340169 -0.23977785 -0.00770540
v 0.02475381 -0.24095015 -0.00530153
v 0.02325143 -0.23869275 -0.00445319
v 0.01533751 -0.24012433 -0.00081976
v 0.02252109 -0.18443204 0.03482628
v 0.01486045 -0.18549694 0.03854421
v 0.02187002 -0.19295706 0.03278809
v 0.01421222 -0.19492413 0.03619920
v 0.02100809 -0.20029800 0.02976852
v 0.01346343 -0.20294322 0.03281657
v 0.02016199 -0.20680068 0.02609964
v 0.01278248 -0.20994054 0.02880861
v 0.01955495 -0.21268179 0.02187315
v 0.01235135 -0.21617125 0.02431342
v 0.01927388 -0.21800052 0.01713310
v 0.01223429 -0.22172354 0.01938516
v 0.01966195 -0.22728865 0.00668844
v 0.01288305 -0.23119687 0.00878313
v 0.02046845 -0.23170774 0.00153376
v 0.01376716 -0.23558997 0.00362907
v 0.02203908 -0.23633127 -0.00288334
v 0.01372019 -0.25080562 -0.00293235
v 0.01463907 -0.25180358 -0.00272044
v 0.00784191 -0.25197554 -0.00202423
v 0.00947540 -0.25429267 -0.00260747
v 0.06936765 -0.32621151 0.01380004
v 0.07458489 -0.32372183 0.01380003
v 0.00968460 -0.29340541 0.01380005
v 0.01018489 -0.29570580 0.01380005
v 0.08902778 -0.25844854 0.01380003
v 0.08770414 -0.25672722 0.01380003
v 0.01075706 -0.27219552 0.01380005
v 0.00936708 -0.27863592 0.01380005
v 0.04609198 -0.32872081 0.01380004
v 0.04848291 -0.32903886 0.01380004
v 0.01512599 -0.30772704 0.01380005
v 0.01609233 -0.30929464 0.01380005
v 0.01986559 -0.31425631 0.01380005
v 0.02121101 -0.31558347 0.01380005
v 0.03137400 -0.32358390 0.01380005
v 0.03705652 -0.32626957 0.01380004
v 0.03998031 -0.32728922 0.01380004
v 0.04422572 -0.32828367 0.01380004
v 0.00910613 -0.28082389 0.01380005
v 0.00895016 -0.28712928 0.01380005
v 0.00913926 -0.28874528 0.01380005
v 0.07659718 -0.24692385 0.01380003
v 0.07539658 -0.24629252 0.01380003
v 0.07110002 -0.24403308 0.01380004
v 0.07052100 -0.24382775 0.01380004
v 0.09493036 -0.26952332 0.01380003
v 0.09568053 -0.27177364 0.01380003
v 0.09708436 -0.27792859 0.01380003
v 0.09489367 -0.26944089 0.01380003
v 0.09238002 -0.26379335 0.01380003
v 0.09035776 -0.26056910 0.01380003
v 0.09568661 -0.29739678 0.01380003
v 0.09685809 -0.29288483 0.01380003
v 0.09737411 -0.28833067 0.01380003
v 0.02433277 -0.31866282 0.01380005
v 0.02616282 -0.32014501 0.01380005
v 0.02880583 -0.32188916 0.01380005
v 0.01111062 -0.29857910 0.01380005
v 0.01209527 -0.30163532 0.01380005
v 0.01484494 -0.30727106 0.01380005
v 0.01378538 -0.26425439 0.01380005
v 0.01302952 -0.26590401 0.01380005
v 0.01189667 -0.26904041 0.01380005
v 0.08820112 -0.31213593 0.01380003
v 0.09169728 -0.30692983 0.01380003
v 0.08216739 -0.31848258 0.01380003
v 0.08663740 -0.31403327 0.01380003
v 0.08747233 -0.31302017 0.01380003
v 0.05176033 -0.32915217 0.01380004
v 0.05474083 -0.32925522 0.01380004
v 0.05948154 -0.32874554 0.01380004
v 0.09756909 -0.28660983 0.01380003
v 0.09760454 -0.28418010 0.01380003
v 0.09716322 -0.27887630 0.01380003
v 0.09228524 -0.30571216 0.01380003
v 0.09444150 -0.30124658 0.01380003
v 0.09528086 -0.29895949 0.01380003
v 0.07505424 -0.32349783 0.01380003
v 0.07714957 -0.32223141 0.01380003
v 0.08143167 -0.31903225 0.01380003
v 0.06100469 -0.32858181 0.01380004
v 0.06339481 -0.32808328 0.01380004
v 0.06715406 -0.32690519 0.01380004
v 0.08388209 -0.25262827 0.01380003
v 0.08343311 -0.25214678 0.01380003
v 0.07853460 -0.24819653 0.01380003
v -0.00508706 -0.19714762 0.03938612
v 0.01198364 -0.26855564 0.00586266
v -0.01678887 -0.18634333 0.03830782
v -0.01207587 -0.29602927 -0.04304504
v -0.01154974 -0.29654217 -0.04310543
v -0.01320114 -0.29433572 -0.03742915
v 0.01254330 -0.31504935 -0.04133347
v 0.01459423 -0.31613803 -0.04059690
v 0.01018252 -0.31261671 -0.03541572
v 0.02144032 -0.31566912 0.00009662
v 0.01190889 -0.26895791 0.01224521
v 0.00964830 -0.27859616 0.01065915
v 0.00944866 -0.28862786 0.00858364
v 0.01142083 -0.29850334 0.00605776
v 0.01549548 -0.30768716 0.00317246
v 0.02886638 -0.32199913 -0.00289637
v 0.03697962 -0.32623971 -0.00021689
v 0.03700227 -0.32624847 0.00391231
v 0.02828494 -0.32169485 -0.01192425
v 0.03656586 -0.32607871 -0.00960310
v 0.03675616 -0.32615274 -0.00528609
v 0.03566962 -0.32572758 -0.01691607
v 0.03576275 -0.32576406 -0.01615611
v 0.03587569 -0.32580835 -0.01523457
v 0.03434463 -0.32520247 -0.02233534
v 0.02637602 -0.32078624 -0.02037286
v 0.03417991 -0.32513607 -0.02273476
v 0.03121835 -0.32392871 -0.02876589
v 0.03133782 -0.32397813 -0.02858334
v 0.02462600 -0.31996673 -0.02414224
v 0.03250079 -0.32445920 -0.02680635
v 0.03345521 -0.32484394 -0.02449204
v 0.02977262 -0.32333064 -0.03097495
v 0.02231080 -0.31887519 -0.02741315
v 0.02862335 -0.32283729 -0.03213660
v 0.02191940 -0.31983817 -0.03738839
v 0.02261047 -0.32017183 -0.03703840
v 0.02647988 -0.32191718 -0.03430315
v 0.02694248 -0.32211578 -0.03383557
v 0.01799711 -0.31794441 -0.03937481
v 0.02160341 -0.31968564 -0.03754842
v 0.01654349 -0.31604534 -0.03229585
v 0.01578607 -0.31677073 -0.04016887
v 0.00390970 -0.30960459 -0.04312108
v 0.00380008 -0.30867863 -0.03728953
v 0.00052284 -0.30722839 -0.04355336
v -0.00232090 -0.30426359 -0.03815258
v -0.00006724 -0.30681437 -0.04362867
v 0.00637078 -0.31133133 -0.04280696
v 0.00737430 -0.31193578 -0.04256740
v 0.00982960 -0.31341475 -0.04198128
v -0.00736891 -0.30061811 -0.04358526
v -0.00628942 -0.30167049 -0.04370916
v -0.00801179 -0.29945230 -0.03815780
v -0.00581108 -0.30206597 -0.04370297
v -0.00185487 -0.30533653 -0.04365179
v -0.02162938 -0.28418559 -0.03973572
v -0.01736551 -0.28995615 -0.04164442
v -0.01786816 -0.28900355 -0.03605646
v -0.01665803 -0.29076838 -0.04183175
v -0.01255203 -0.29548258 -0.04291896
v -0.02637340 -0.27670318 -0.03663927
v -0.02544897 -0.27818561 -0.03726499
v -0.02564343 -0.27801341 -0.03168328
v -0.02500163 -0.27890301 -0.03756779
v -0.02212953 -0.28350866 -0.03951183
v -0.03168977 -0.26582021 -0.03087199
v -0.03113282 -0.26712549 -0.03162565
v -0.03147452 -0.26697969 -0.02566702
v -0.03010494 -0.26953441 -0.03301659
v -0.02879598 -0.27204907 -0.03428736
v -0.03629833 -0.25313747 -0.02309285
v -0.03563853 -0.25611824 -0.01870172
v -0.03848362 -0.24452035 -0.01758035
v -0.03848831 -0.24533443 -0.01152378
v -0.03865641 -0.24383895 -0.01714446
v -0.03620143 -0.25351959 -0.02333728
v -0.03546535 -0.25569272 -0.02470417
v -0.03336394 -0.26189661 -0.02860647
v -0.04123570 -0.22692071 -0.00800148
v -0.04046116 -0.23324494 -0.01108570
v -0.04034212 -0.23431449 -0.00490131
v -0.04026428 -0.23485242 -0.01186965
v -0.03936137 -0.23989891 -0.01483176
v -0.04134360 -0.22556631 -0.00749689
v -0.04141628 -0.22277521 0.00040239
v -0.04166044 -0.22158925 -0.00601523
v -0.04186584 -0.21077009 0.00395456
v -0.04225285 -0.20962884 -0.00276498
v -0.04225155 -0.20970111 -0.00277643
v -0.04223487 -0.21062930 -0.00292344
v -0.04191382 -0.21780221 -0.00476473
v -0.04185186 -0.21918653 -0.00512008
v -0.04239613 -0.20165677 -0.00150232
v -0.04188843 -0.19860025 0.00602774
v -0.04239140 -0.19763742 -0.00117907
v -0.04238093 -0.18873592 -0.00046319
v -0.04171097 -0.18643190 0.00715467
v -0.04238574 -0.19282736 -0.00079223
v -0.03942545 -0.18666665 0.01521309
v -0.03552562 -0.18666472 0.02274697
v -0.03025272 -0.18655770 0.02926568
v -0.02391180 -0.18643494 0.03449567
v -0.00913779 -0.18632032 0.04063722
v -0.00386900 -0.24688606 0.00571079
v -0.00551753 -0.24137275 0.01126275
v 0.00174725 -0.25830156 -0.00269316
v 0.00389530 -0.26115876 -0.00354344
v -0.00155936 -0.25250924 0.00084085
v 0.00881337 -0.26002288 -0.00259963
v 0.01022847 -0.26712918 0.00020951
v 0.01080712 -0.26185942 -0.00105553
v 0.00852065 -0.26576746 -0.00198216
v 0.00628816 -0.26375395 -0.00335716
v 0.01138691 -0.26801956 0.00286402
v 0.00990681 -0.27839798 0.00685593
v 0.00966179 -0.28835976 0.00398714
v 0.02111076 -0.31535262 -0.00777588
v 0.01538786 -0.30735570 -0.00351253
v 0.01965482 -0.31446314 -0.01516951
v 0.01434875 -0.30651134 -0.00982087
v 0.01633695 -0.31266087 -0.02137446
v 0.01172272 -0.30486649 -0.01515790
v 0.01150542 -0.31003970 -0.02574169
v 0.00775972 -0.30250144 -0.01897126
v 0.00606941 -0.30687207 -0.02857481
v 0.00318542 -0.29962504 -0.02147849
v 0.00050339 -0.30320579 -0.03023988
v -0.00161547 -0.29624152 -0.02290103
v -0.00490061 -0.29907614 -0.03087090
v -0.00633702 -0.29239070 -0.02327321
v -0.00993836 -0.29459435 -0.03062407
v -0.01073543 -0.28821933 -0.02275212
v 0.01150127 -0.29818583 0.00048726
v 0.01083389 -0.29743999 -0.00480421
v 0.00884334 -0.29602003 -0.00933508
v 0.00568985 -0.29397279 -0.01264790
v 0.00192439 -0.29143244 -0.01487707
v -0.00215443 -0.28835887 -0.01610255
v -0.00622438 -0.28479838 -0.01625939
v -0.01000020 -0.28093809 -0.01550391
v -0.01832728 -0.27932614 -0.01976415
v -0.01642491 -0.27279246 -0.01212212
v -0.02436132 -0.27008718 -0.01488842
v -0.02145834 -0.26442915 -0.00704742
v -0.02893089 -0.26076663 -0.00873852
v -0.02523308 -0.25602651 -0.00090273
v -0.03216810 -0.25143713 -0.00191855
v -0.02787729 -0.24758457 0.00574988
v -0.03428729 -0.24196933 0.00494783
v -0.02956934 -0.23893981 0.01234816
v -0.03551697 -0.23208289 0.01122539
v -0.03049162 -0.22981612 0.01832592
v -0.03603769 -0.22153054 0.01629431
v -0.03079325 -0.21997724 0.02313702
v -0.03604228 -0.21032791 0.01978269
v -0.03067510 -0.20940973 0.02646909
v -0.03577692 -0.19867809 0.02182733
v -0.03039799 -0.19825588 0.02842918
v -0.01453629 -0.28985840 -0.02966221
v -0.01868431 -0.28494567 -0.02809685
v -0.02565261 -0.27483815 -0.02347815
v -0.03093419 -0.26463962 -0.01738260
v -0.03470644 -0.25449467 -0.01045844
v -0.03724036 -0.24429832 -0.00338820
v -0.03881111 -0.23375885 0.00312505
v -0.03962268 -0.22261398 0.00838916
v -0.03984567 -0.21090175 0.01199300
v -0.03969530 -0.19887801 0.01412949
v -0.00458950 -0.21495207 0.03248978
v -0.00488498 -0.20662628 0.03641611
v -0.00857349 -0.21538584 0.03272816
v -0.00819067 -0.22299002 0.02813580
v -0.00895587 -0.19712101 0.03905390
v -0.00879711 -0.20678125 0.03639481
v -0.00758356 -0.22970568 0.02281497
v -0.01667058 -0.19738467 0.03713637
v -0.02391780 -0.19779043 0.03357878
v -0.01667911 -0.20748909 0.03492345
v -0.02409834 -0.20840921 0.03158626
v -0.01663652 -0.21670084 0.03158360
v -0.02419875 -0.21829258 0.02833639
v -0.01636977 -0.22501133 0.02708864
v -0.02398236 -0.22736476 0.02374733
v -0.01575156 -0.23250179 0.02164162
v 0.00929736 -0.28776282 -0.00042015
v 0.00974625 -0.27797294 0.00316050
v 0.00787167 -0.28662586 -0.00426925
v 0.00879473 -0.27714509 -0.00017118
v 0.00546424 -0.28494984 -0.00719744
v 0.00705898 -0.27586669 -0.00287208
v 0.00245320 -0.28278726 -0.00925671
v 0.00473965 -0.27410537 -0.00491055
v -0.00094919 -0.28005284 -0.01038585
v 0.00195875 -0.27172941 -0.00608174
v -0.00440439 -0.27680111 -0.01041986
v -0.00093067 -0.26880187 -0.00611867
v -0.00758551 -0.27326286 -0.00951339
v -0.00356143 -0.26559836 -0.00517435
v -0.01287243 -0.26587844 -0.00587785
v -0.00778941 -0.25899732 -0.00147669
v -0.01690535 -0.25840861 -0.00071417
v -0.01089052 -0.25244123 0.00362774
v -0.01988061 -0.25095528 0.00534053
v -0.01313469 -0.24595563 0.00948943
v -0.02194972 -0.24344461 0.01176678
v -0.01470710 -0.23939119 0.01563629
v -0.02327029 -0.23567294 0.01806717
v 0.01728802 -0.10004800 -0.03810377
v 0.01746623 -0.09031808 -0.03697884
v 0.02524410 -0.09409066 -0.03288525
v 0.00895858 -0.08798944 -0.03951464
v -0.00463770 -0.06866729 -0.03060532
v 0.00000781 -0.06842842 -0.03078516
v 0.00003100 -0.07295411 -0.03523783
v 0.00461501 -0.07317888 -0.03503139
v -0.04501864 -0.10740908 -0.00006362
v -0.04557723 -0.10529097 0.00348395
v -0.04047495 -0.08431073 0.02428746
v -0.03463423 -0.07657697 0.02202820
v 0.03454256 -0.07648163 0.02204360
v 0.04457634 -0.09295028 0.02686645
v 0.04688521 -0.10236844 0.02962095
v 0.04383293 -0.11446219 -0.00414980
v 0.01106529 -0.17542200 -0.04060134
v 0.00864837 -0.17542200 -0.04121268
v 0.00881196 -0.11001229 -0.04127593
v -0.04238810 -0.13394086 -0.00614149
v -0.04172086 -0.17542200 -0.00604248
v -0.04165255 -0.17542200 -0.00632163
v -0.04024160 -0.17542200 -0.01208772
v -0.04028843 -0.12829889 -0.01445514
v -0.03966703 -0.17542200 -0.01443584
v -0.03119581 -0.11842652 -0.02898295
v -0.03056860 -0.17542200 -0.02891806
v -0.03650503 -0.12305420 -0.02217614
v -0.03466688 -0.17542200 -0.02434648
v -0.03580203 -0.17542200 -0.02221327
v -0.03583813 -0.17542200 -0.02214543
v -0.03943410 -0.17542200 -0.01538773
v -0.02168641 -0.17542200 -0.03607580
v -0.02406723 -0.17542200 -0.03448620
v -0.02458333 -0.11461013 -0.03458966
v -0.02782777 -0.17542200 -0.03197541
v -0.02937321 -0.17542200 -0.03025149
v -0.01873183 -0.17542200 -0.03804848
v -0.01694345 -0.11176445 -0.03876284
v -0.01664129 -0.17542200 -0.03877972
v -0.00859611 -0.11000880 -0.04132781
v -0.00898750 -0.17542200 -0.04145692
v -0.01343714 -0.17542200 -0.03990050
v 0.00011028 -0.10941678 -0.04217732
v -0.00501029 -0.17542200 -0.04181936
v -0.00846157 -0.17542200 -0.04150485
v 0.00508543 -0.17542200 -0.04211390
v 0.00328115 -0.17542200 -0.04225231
v 0.00135887 -0.17542200 -0.04239977
v 0.00014306 -0.17542200 -0.04228897
v 0.01546226 -0.17542203 -0.03948916
v 0.01686464 -0.17542203 -0.03871379
v 0.01714483 -0.11177137 -0.03866130
v 0.01819249 -0.17542203 -0.03797963
v 0.02476124 -0.11461978 -0.03444263
v 0.03134177 -0.11843806 -0.02879651
v 0.03079730 -0.17542203 -0.02873709
v 0.02992015 -0.17542203 -0.02957058
v 0.02507561 -0.17542203 -0.03417398
v 0.02466796 -0.17542203 -0.03439938
v 0.02442638 -0.17542203 -0.03453295
v 0.03661252 -0.12306660 -0.02195866
v 0.03433751 -0.17542203 -0.02431681
v 0.03268538 -0.17542203 -0.02694298
v 0.04035225 -0.12831087 -0.01421510
v 0.03955609 -0.17542203 -0.01410376
v 0.03829278 -0.17542203 -0.01802960
v 0.03792115 -0.17542203 -0.01862034
v 0.03589414 -0.17542203 -0.02184243
v 0.04185493 -0.17542203 -0.00579613
v 0.04177190 -0.17542203 -0.00635089
v 0.04240574 -0.13395099 -0.00589002
v 0.04152929 -0.17542203 -0.00797192
v 0.04008077 -0.17542203 -0.01247330
v 0.04327928 -0.11970722 -0.00516902
v 0.04501302 -0.10734393 0.00006202
v 0.04556667 -0.10520738 0.00358131
v 0.04605104 -0.10380765 0.00822624
v 0.04644021 -0.10297533 0.01409203
v 0.04040404 -0.08419957 0.02430483
v 0.02723734 -0.07012018 0.02017782
v 0.01879299 -0.06538006 0.01878550
v 0.00956381 -0.06245961 0.01792509
v -0.00006575 -0.06148239 0.01763285
v -0.00969259 -0.06248640 0.01792063
v -0.01891470 -0.06543189 0.01877677
v -0.02734583 -0.07019522 0.02016537
v -0.04462405 -0.09307312 0.02684821
v -0.04690752 -0.10249745 0.02960318
v -0.04645856 -0.10308876 0.01404273
v -0.04606592 -0.10390767 0.00815470
v -0.04382802 -0.11448985 -0.00433345
v -0.04326943 -0.11971860 -0.00537921
v 0.04333298 -0.09602379 -0.00293100
v 0.04378973 -0.09448939 0.00242568
v 0.03928800 -0.08748915 -0.00898771
v 0.03969797 -0.08583029 -0.00296896
v 0.03360040 -0.07996025 -0.01433482
v 0.03394650 -0.07819214 -0.00773139
v 0.02650849 -0.07375305 -0.01874797
v 0.02677623 -0.07189541 -0.01166166
v 0.01830785 -0.06912627 -0.02204271
v 0.01848607 -0.06720250 -0.01459550
v 0.00934250 -0.06627365 -0.02408091
v 0.00942379 -0.06430983 -0.01640985
v 0.04281089 -0.09838717 -0.00702061
v 0.03881937 -0.09006261 -0.01360787
v 0.03320479 -0.08271845 -0.01942362
v 0.02620245 -0.07666292 -0.02422396
v 0.01810414 -0.07214861 -0.02780829
v 0.00924957 -0.06936454 -0.03002640
v -0.00001394 -0.06531578 -0.02477691
v 0.04442297 -0.11038028 -0.00246291
v 0.04225448 -0.10176846 -0.00998679
v 0.03831995 -0.09376376 -0.01698459
v 0.03278318 -0.08670118 -0.02316305
v 0.02587629 -0.08087724 -0.02826321
v 0.01788704 -0.07653492 -0.03207200
v 0.00915054 -0.07385614 -0.03442983
v 0.00465310 -0.06866118 -0.03059179
v 0.01862926 -0.06610539 -0.00533760
v 0.02699135 -0.07083138 -0.00284028
v 0.03422458 -0.07717311 0.00050563
v 0.04002738 -0.08486643 0.00456026
v 0.04415672 -0.09358858 0.00915330
v -0.00936985 -0.06629031 -0.02410219
v -0.00923432 -0.06937718 -0.03005338
v -0.00908989 -0.07386457 -0.03446266
v -0.01373440 -0.07054987 -0.02913564
v -0.01353132 -0.07499125 -0.03348898
v -0.01809082 -0.07217290 -0.02786113
v -0.01783117 -0.07655107 -0.03213628
v -0.02619125 -0.07669836 -0.02430020
v -0.02582737 -0.08090093 -0.02835607
v -0.03319715 -0.08276393 -0.01951978
v -0.03274423 -0.08673190 -0.02328038
v -0.03881573 -0.09011634 -0.01371924
v -0.03829280 -0.09380045 -0.01712080
v -0.04281199 -0.09844767 -0.00714226
v -0.04224089 -0.10181039 -0.01013609
v -0.04442333 -0.11042633 -0.00261785
v -0.04334786 -0.09610226 -0.00302588
v -0.04381667 -0.09458389 0.00235537
v -0.03930641 -0.08755939 -0.00907495
v -0.03973568 -0.08591532 -0.00303400
v -0.03362213 -0.08002006 -0.01441038
v -0.03399393 -0.07826477 -0.00778795
v -0.02653269 -0.07379984 -0.01880802
v -0.02683140 -0.07195242 -0.01170675
v -0.01833447 -0.06915846 -0.02208439
v -0.01854762 -0.06724178 -0.01462685
v -0.00948841 -0.06433015 -0.01642585
v -0.00003298 -0.06333970 -0.01702838
v 0.00948911 -0.06319293 -0.00688155
v -0.04419334 -0.09369620 0.00910429
v -0.04008058 -0.08496352 0.00451457
v -0.03429265 -0.07725623 0.00046569
v -0.02707140 -0.07089671 -0.00287225
v -0.01871888 -0.06615045 -0.00535988
v -0.00958367 -0.06321623 -0.00689292
v -0.00004827 -0.06221717 -0.00740712
v -0.01711471 -0.10004439 -0.03819829
v -0.00869138 -0.09797352 -0.04073689
v 0.00009498 -0.09727444 -0.04157866
v -0.00455337 -0.07318290 -0.03504783
v 0.00005419 -0.07914367 -0.03835687
v -0.00894546 -0.08000096 -0.03755023
v -0.04113392 -0.11224013 -0.01345214
v -0.03727920 -0.10528790 -0.02095071
v -0.03186633 -0.09915321 -0.02756232
v -0.02512204 -0.09409337 -0.03300922
v -0.01757151 -0.08253404 -0.03512513
v -0.02546348 -0.08663666 -0.03118308
v -0.03229132 -0.09213688 -0.02588914
v -0.03776988 -0.09880503 -0.01946395
v -0.04166979 -0.10636150 -0.01217739
v 0.04117598 -0.11223169 -0.01325084
v 0.03735190 -0.10528188 -0.02076789
v 0.03196595 -0.09914901 -0.02740532
v 0.00887728 -0.09797528 -0.04068859
v 0.00007595 -0.08720308 -0.04038657
v -0.00880994 -0.08799037 -0.03955841
v -0.01732787 -0.09031972 -0.03706452
v 0.04169807 -0.10633739 -0.01200104
v 0.03782052 -0.09878468 -0.01930348
v 0.03236156 -0.09212031 -0.02575116
v 0.02555014 -0.08662417 -0.03107402
v 0.01766995 -0.08252563 -0.03504971
v 0.00905150 -0.07999655 -0.03751169
v 0.01119234 -0.18778057 -0.04215205
v 0.02200655 -0.25486600 -0.07406057
v 0.01957858 -0.24870424 -0.07095672
v 0.02630131 -0.24266081 -0.06935619
v 0.08565868 -0.25753194 -0.02949842
v 0.08312596 -0.25688326 -0.03516768
v 0.07774869 -0.24960749 -0.02743883
v 0.09536777 -0.29684150 -0.00327319
v 0.09192871 -0.30541867 -0.00367299
v 0.09075925 -0.30499780 -0.02232713
v 0.07983200 -0.25597501 -0.04026277
v 0.08648431 -0.26546347 -0.04189153
v 0.04193709 -0.18254890 -0.00708767
v 0.08286539 -0.25144756 -0.00610140
v 0.05149090 -0.32926738 0.00112155
v 0.01501435 -0.31599569 -0.04812139
v 0.00866243 -0.31211418 -0.04965995
v 0.00249080 -0.30770230 -0.05054068
v -0.00338597 -0.30278277 -0.05079023
v -0.00888173 -0.29740286 -0.05041486
v -0.02598577 -0.27281088 -0.04272766
v -0.03529371 -0.25313896 -0.02773873
v -0.04192793 -0.19267996 -0.00656567
v -0.04165709 -0.20944490 -0.00837987
v -0.04124828 -0.21752630 -0.01021982
v -0.03917805 -0.22503643 -0.01795098
v -0.03851857 -0.23974477 -0.01977012
v -0.02898487 -0.26630801 -0.03950255
v -0.03065464 -0.26607281 -0.03531451
v -0.02249219 -0.27924079 -0.04551224
v -0.01847412 -0.28554070 -0.04776123
v -0.01392842 -0.29162687 -0.04940600
v 0.02139340 -0.31934983 -0.04585346
v 0.03320320 -0.32450467 -0.03842502
v 0.02757784 -0.32219118 -0.04270191
v 0.03772891 -0.32621783 -0.03285789
v 0.04075552 -0.32729584 -0.02626090
v 0.04247352 -0.32787752 -0.01918126
v 0.04337114 -0.32816452 -0.01196576
v 0.04405357 -0.32835180 0.00247937
v 0.06670367 -0.32710040 -0.00136475
v 0.07406612 -0.32385933 -0.00239950
v 0.08700714 -0.31292903 -0.00362999
v 0.09704380 -0.28755653 -0.00241230
v 0.09441726 -0.26859891 0.00068554
v 0.09350991 -0.26764512 -0.01444349
v 0.08919818 -0.25895363 -0.01057372
v 0.07462924 -0.24556653 -0.00117137
v 0.06985489 -0.24338172 0.00140893
v 0.06863203 -0.24289744 -0.00671725
v 0.07050694 -0.24409287 -0.01895105
v 0.06626765 -0.24213086 -0.01450349
v 0.06044836 -0.23982452 -0.03268777
v 0.06605349 -0.24256335 -0.02654571
v 0.05428673 -0.23513453 -0.03648570
v 0.05738316 -0.23777555 -0.03499814
v 0.05140914 -0.23196410 -0.03684983
v 0.04899748 -0.22855179 -0.03609839
v 0.04562426 -0.22182314 -0.03244176
v 0.04709478 -0.22514133 -0.03453383
v 0.04363873 -0.21548451 -0.02740026
v 0.04197907 -0.20318772 -0.01668756
v 0.04184286 -0.19667839 -0.01212322
v 0.04192763 -0.18972738 -0.00885180
v 0.07505213 -0.24882828 -0.03199305
v 0.07188454 -0.24775706 -0.03605092
v 0.08943621 -0.26617807 -0.03562179
v 0.09145169 -0.26671565 -0.02884707
v 0.09272009 -0.26718682 -0.02175331
v 0.08739926 -0.25804162 -0.02342255
v 0.07983511 -0.25017750 -0.02245815
v 0.06472166 -0.24447452 -0.04261814
v 0.08129682 -0.25063562 -0.01717798
v 0.07328372 -0.24495201 -0.01031298
v 0.01825681 -0.18658395 -0.03964877
v 0.02449976 -0.18541299 -0.03606129
v 0.02988055 -0.18433495 -0.03155394
v 0.03436293 -0.18342586 -0.02625763
v 0.02858874 -0.24844556 -0.07250418
v 0.03212807 -0.23644643 -0.06599692
v 0.03688501 -0.24726020 -0.07190140
v 0.09422834 -0.29621136 -0.02155201
v 0.09318046 -0.29587430 -0.03038909
v 0.08967564 -0.30473286 -0.03136538
v 0.09148893 -0.29546767 -0.03895520
v 0.08790746 -0.30436838 -0.04013407
v 0.08878762 -0.29489851 -0.04708252
v 0.08505785 -0.30380011 -0.04844354
v 0.08482508 -0.29401708 -0.05447466
v 0.08086406 -0.30287093 -0.05596260
v 0.07971513 -0.29266536 -0.06085239
v 0.07546739 -0.30142701 -0.06239671
v 0.07385264 -0.29074079 -0.06614642
v 0.06929897 -0.29937333 -0.06769013
v 0.06762978 -0.28819484 -0.07044916
v 0.06277514 -0.29666638 -0.07195508
v 0.06132692 -0.28500128 -0.07386195
v 0.05619065 -0.29328501 -0.07530951
v 0.05514617 -0.28114706 -0.07642683
v 0.04975614 -0.28922451 -0.07781228
v 0.04925540 -0.27663678 -0.07810701
v 0.04364004 -0.28449929 -0.07944999
v 0.04382352 -0.27153760 -0.07882040
v 0.03799935 -0.27917564 -0.08016426
v 0.03899925 -0.26599729 -0.07852905
v 0.03296945 -0.27338433 -0.07991503
v 0.03486132 -0.26019883 -0.07728459
v 0.02863087 -0.26729733 -0.07873020
v 0.03141097 -0.25430924 -0.07521489
v 0.02499401 -0.26108330 -0.07671966
v 0.09675968 -0.27798820 -0.00108801
v 0.09575459 -0.27706993 -0.01759938
v 0.09595835 -0.28675240 -0.01997715
v 0.09486144 -0.27663380 -0.02556955
v 0.09497442 -0.28635770 -0.02845816
v 0.09342819 -0.27617407 -0.03329522
v 0.09339508 -0.28591967 -0.03667638
v 0.09115044 -0.27562082 -0.04065180
v 0.09088465 -0.28535587 -0.04448563
v 0.08781293 -0.27484727 -0.04741552
v 0.08720744 -0.28452647 -0.05162534
v 0.08348349 -0.27370369 -0.05335293
v 0.08245286 -0.28327495 -0.05783666
v 0.07847086 -0.27208424 -0.05838107
v 0.07697502 -0.28149527 -0.06304121
v 0.07309706 -0.26993251 -0.06255174
v 0.07113469 -0.27913487 -0.06731126
v 0.06759699 -0.26720876 -0.06592455
v 0.06519236 -0.27616125 -0.07072873
v 0.06214507 -0.26387656 -0.06849655
v 0.05933809 -0.27255106 -0.07331505
v 0.05690353 -0.25991422 -0.07017098
v 0.05373774 -0.26829696 -0.07500566
v 0.05206693 -0.25538933 -0.07080743
v 0.04857276 -0.26346660 -0.07569110
v 0.04781323 -0.25048882 -0.07037676
v 0.04400607 -0.25822639 -0.07533708
v 0.04421376 -0.24541716 -0.06899408
v 0.04011328 -0.25277025 -0.07402430
v 0.04124755 -0.24032836 -0.06683144
v 0.03690265 -0.23041980 -0.06094678
v 0.03789799 -0.18277310 -0.02030378
v 0.04043296 -0.18246131 -0.01384978
v 0.04048879 -0.22495000 -0.05432285
v 0.04278901 -0.22041564 -0.04632065
v 0.04435144 -0.23391931 -0.06011252
v 0.04609340 -0.22845076 -0.05193651
v 0.04701162 -0.23856078 -0.06229544
v 0.04840107 -0.23263584 -0.05411593
v 0.05026615 -0.24321936 -0.06374323
v 0.05125697 -0.23686843 -0.05561852
v 0.05414845 -0.24775247 -0.06425806
v 0.05470774 -0.24102031 -0.05621881
v 0.05859252 -0.25194538 -0.06368534
v 0.05869376 -0.24486677 -0.05571772
v 0.06340448 -0.25558865 -0.06204743
v 0.06300438 -0.24817424 -0.05412919
v 0.06837624 -0.25861537 -0.05951934
v 0.06741772 -0.25087678 -0.05166649
v 0.07335129 -0.26106441 -0.05623448
v 0.07178569 -0.25303292 -0.04850408
v 0.07817508 -0.26298761 -0.05222394
v 0.07597858 -0.25471252 -0.04470498
v 0.08264452 -0.26443404 -0.04745327
v 0.06094438 -0.24210303 -0.04500436
v 0.05720635 -0.23913507 -0.04653955
v 0.05374341 -0.23563503 -0.04696856
v 0.05078395 -0.23186247 -0.04628753
v 0.04837998 -0.22805183 -0.04474482
v 0.04647055 -0.22431390 -0.04259523
v 0.04379692 -0.21716832 -0.03723018
v -0.04069768 -0.19255219 -0.01214212
v -0.03633415 -0.19229178 -0.02214389
v -0.02995693 -0.19196896 -0.03039552
v -0.04035456 -0.20922284 -0.01377826
v -0.03595678 -0.20876096 -0.02360073
v -0.03988748 -0.21727537 -0.01550713
v -0.02220183 -0.19150485 -0.03665529
v -0.00501895 -0.18997826 -0.04300416
v 0.00337757 -0.18893583 -0.04335599
v 0.01155989 -0.20018132 -0.04555190
v 0.01860902 -0.19785120 -0.04331091
v 0.02482871 -0.19555877 -0.03985575
v 0.03018369 -0.19344054 -0.03531773
v 0.03463137 -0.19164412 -0.02980014
v 0.03810762 -0.19033156 -0.02342450
v 0.04054824 -0.18965627 -0.01636478
v -0.01369791 -0.19084556 -0.04083585
v -0.00467174 -0.20440848 -0.04562264
v 0.00374407 -0.20241331 -0.04639637
v 0.00454515 -0.21563898 -0.05122231
v 0.01235034 -0.21242388 -0.05077261
v 0.01375161 -0.22450469 -0.05718229
v 0.01940829 -0.20903634 -0.04879124
v 0.02078548 -0.22015171 -0.05538889
v 0.02562459 -0.20567887 -0.04541588
v 0.02696539 -0.21578805 -0.05203975
v 0.03093410 -0.20255505 -0.04075831
v 0.03218583 -0.21167834 -0.04723279
v 0.03526939 -0.19987859 -0.03492398
v 0.03634983 -0.20809574 -0.04108492
v 0.03855558 -0.19787584 -0.02805577
v 0.03937422 -0.20532311 -0.03376812
v 0.04074189 -0.19675766 -0.02036480
v 0.04122934 -0.20362164 -0.02553278
v -0.03698787 -0.23957108 -0.02455584
v -0.03368606 -0.25314569 -0.03217992
v -0.02906015 -0.25298971 -0.04041054
v -0.02434731 -0.26651996 -0.04730426
v -0.01835444 -0.26612037 -0.05430715
v -0.02133028 -0.27322847 -0.05037213
v 0.05910787 -0.32887977 -0.00016837
v 0.05810497 -0.32886648 -0.01654731
v 0.05063171 -0.32915574 -0.01432395
v 0.05705504 -0.32871449 -0.02464948
v 0.04964503 -0.32893103 -0.02200180
v 0.05519692 -0.32832235 -0.03257818
v 0.04784019 -0.32843995 -0.02952666
v 0.05204345 -0.32750976 -0.04003252
v 0.04472790 -0.32749170 -0.03657485
v 0.04735582 -0.32611805 -0.04652207
v 0.04009090 -0.32593626 -0.04262709
v 0.04144839 -0.32410115 -0.05175146
v 0.03428485 -0.32376516 -0.04740296
v 0.03485668 -0.32146466 -0.05580007
v 0.02785028 -0.32101542 -0.05102234
v 0.02799990 -0.31820416 -0.05887422
v 0.02118290 -0.31769198 -0.05370940
v 0.02115209 -0.31430972 -0.06113204
v 0.01453359 -0.31378311 -0.05562174
v 0.01450417 -0.30978966 -0.06266022
v 0.00807642 -0.30929244 -0.05684035
v 0.00819686 -0.30467623 -0.06349598
v 0.00193997 -0.30424857 -0.05739935
v 0.00233442 -0.29902482 -0.06364520
v -0.00378079 -0.29870313 -0.05730661
v -0.00300022 -0.29290938 -0.06308185
v -0.00901076 -0.29272425 -0.05654405
v -0.00774107 -0.28644186 -0.06178899
v -0.01369055 -0.28641099 -0.05509946
v -0.01186075 -0.27975500 -0.05981457
v -0.01779293 -0.27987957 -0.05301164
v -0.02961057 -0.20816492 -0.03191892
v -0.02836984 -0.22370361 -0.03552607
v -0.02077034 -0.22252189 -0.04211512
v -0.01877566 -0.23702542 -0.04752936
v -0.01064201 -0.23497574 -0.05246567
v -0.00786174 -0.24877857 -0.05885234
v 0.00032749 -0.24554013 -0.06228694
v 0.00428428 -0.25888789 -0.06884599
v -0.02188133 -0.20729555 -0.03844483
v -0.01337360 -0.20605351 -0.04301616
v -0.01240790 -0.22079782 -0.04696587
v -0.00381567 -0.21848206 -0.04999200
v -0.00224006 -0.23213814 -0.05575808
v 0.00600174 -0.22858451 -0.05732785
v 0.00840416 -0.24139170 -0.06406555
v 0.01603030 -0.23655216 -0.06411176
v 0.02295743 -0.23131858 -0.06242975
v 0.02901467 -0.22600363 -0.05907394
v 0.03406573 -0.22092383 -0.05412775
v 0.03799048 -0.21640395 -0.04771229
v 0.04069824 -0.21277769 -0.04001751
v 0.04217444 -0.21035303 -0.03132039
v -0.03467286 -0.22448008 -0.02738628
v -0.02617739 -0.23835365 -0.04110346
v -0.01575915 -0.25102782 -0.05392381
v -0.00368053 -0.26245385 -0.06530796
v 0.01021676 -0.27229875 -0.07436311
v 0.07290404 -0.32391232 -0.02033387
v 0.06559871 -0.32715583 -0.01858905
v 0.07180146 -0.32382560 -0.02912001
v 0.06451165 -0.32705677 -0.02706750
v 0.06992709 -0.32355046 -0.03768556
v 0.06263237 -0.32674307 -0.03534929
v 0.06681135 -0.32293457 -0.04577458
v 0.05947970 -0.32604700 -0.04315609
v 0.06218851 -0.32181156 -0.05295737
v 0.05479858 -0.32480431 -0.05002735
v 0.05629744 -0.32007575 -0.05892375
v 0.04886449 -0.32293659 -0.05565777
v 0.04964814 -0.31768090 -0.06368560
v 0.04220288 -0.32042187 -0.06009072
v 0.04268317 -0.31460512 -0.06741259
v 0.03524867 -0.31724668 -0.06351437
v 0.03570420 -0.31083757 -0.07025531
v 0.02829289 -0.31340146 -0.06608452
v 0.02892340 -0.30638826 -0.07230061
v 0.02153926 -0.30889666 -0.06788979
v 0.02249948 -0.30128926 -0.07357872
v 0.01513861 -0.30376583 -0.06896611
v 0.01655666 -0.29560179 -0.07408064
v 0.00920498 -0.29806745 -0.06931375
v 0.01119597 -0.28941709 -0.07376963
v 0.00382991 -0.29188329 -0.06890042
v 0.00649368 -0.28287184 -0.07263290
v -0.00091489 -0.28533781 -0.06770908
v 0.00247562 -0.27612245 -0.07073979
v -0.00500232 -0.27857703 -0.06579801
v -0.01135243 -0.26483536 -0.06037858
v -0.02295392 -0.25236726 -0.04771011
v -0.03239597 -0.23912852 -0.03338010
v 0.08093809 -0.31912369 -0.00318355
v 0.08582406 -0.31271946 -0.02233179
v 0.07975475 -0.31908405 -0.02163058
v 0.08472472 -0.31253320 -0.03142036
v 0.07864995 -0.31896412 -0.03062880
v 0.08290655 -0.31221634 -0.04024936
v 0.07679765 -0.31868368 -0.03938453
v 0.07994343 -0.31165063 -0.04860717
v 0.07374673 -0.31810772 -0.04766406
v 0.07556608 -0.31067365 -0.05612877
v 0.06922679 -0.31707072 -0.05506952
v 0.06994604 -0.30914176 -0.06250936
v 0.06344199 -0.31544501 -0.06129090
v 0.06354600 -0.30697191 -0.06771126
v 0.05688141 -0.31316400 -0.06631306
v 0.05679904 -0.30412668 -0.07186617
v 0.04998698 -0.31019759 -0.07028685
v 0.05000849 -0.30058932 -0.07510576
v 0.04306446 -0.30653256 -0.07335484
v 0.04338978 -0.29636174 -0.07750202
v 0.03632990 -0.30217576 -0.07559831
v 0.03711027 -0.29146624 -0.07906047
v 0.02994749 -0.29715550 -0.07703736
v 0.03131559 -0.28596789 -0.07974284
v 0.02405198 -0.29153520 -0.07765017
v 0.02612869 -0.27998239 -0.07950854
v 0.01875487 -0.28541738 -0.07739721
v 0.02163037 -0.27367014 -0.07836696
v 0.01413551 -0.27895069 -0.07627445
v 0.01783833 -0.26719892 -0.07641263
v 0.01470719 -0.26069564 -0.07381447
v 0.01215161 -0.25422382 -0.07077331
v 0.06994914 -0.24411480 0.01405004
v 0.07014006 -0.24365275 0.01455004
v 0.07667775 -0.24701051 0.01455003
v 0.07641337 -0.24743490 0.01405003
v 0.08257361 -0.25139856 0.01455003
v 0.08224298 -0.25177366 0.01405003
v 0.08766680 -0.25669718 0.01455003
v 0.08727895 -0.25701272 0.01405003
v 0.09181841 -0.26276183 0.01455003
v 0.09138391 -0.26300925 0.01405003
v 0.09491518 -0.26942712 0.01455003
v 0.09444588 -0.26959962 0.01405003
v 0.09687265 -0.27651125 0.01455003
v 0.09638136 -0.27660412 0.01405003
v 0.09763741 -0.28382087 0.01455003
v 0.09713753 -0.28383166 0.01405003
v 0.09718861 -0.29115671 0.01455003
v 0.09669378 -0.29108512 0.01405003
v 0.09553850 -0.29831868 0.01455003
v 0.09506220 -0.29816657 0.01405003
v 0.09273207 -0.30511129 0.01455003
v 0.09228731 -0.30488288 0.01405003
v 0.08884589 -0.31134939 0.01455003
v 0.08844479 -0.31105089 0.01405003
v 0.08398596 -0.31686276 0.01455003
v 0.08363947 -0.31650227 0.01405003
v 0.07828484 -0.32150102 0.01455003
v 0.07800240 -0.32108837 0.01405003
v 0.07189805 -0.32513762 0.01455004
v 0.07168737 -0.32468414 0.01405003
v 0.06499980 -0.32767338 0.01455004
v 0.06486662 -0.32719141 0.01405004
v 0.05777825 -0.32903916 0.01455004
v 0.05772622 -0.32854187 0.01405004
v 0.05043040 -0.32919770 0.01455004
v 0.05046093 -0.32869864 0.01405004
v 0.04315666 -0.32814461 0.01455004
v 0.04326893 -0.32765740 0.01405004
v 0.03615547 -0.32590872 0.01455005
v 0.03634639 -0.32544661 0.01405004
v 0.08167383 -0.25062644 0.03184511
v 0.08156772 -0.25053811 0.03135003
v 0.07667776 -0.24701051 0.04555003
v 0.08191970 -0.25083333 0.03225084
v 0.08167376 -0.25062639 0.03085510
v 0.08479161 -0.25349307 0.03394811
v 0.08366920 -0.25239724 0.03350781
v 0.08257362 -0.25139856 0.04555003
v 0.08257329 -0.25139892 0.03286239
v 0.08255231 -0.25137979 0.03285003
v 0.08766681 -0.25669718 0.04555003
v 0.08766165 -0.25670135 0.03430426
v 0.08717179 -0.25609946 0.03435003
v 0.08599498 -0.25475889 0.03424425
v 0.08906037 -0.25850272 0.02875196
v 0.08968441 -0.25937748 0.02917881
v 0.08814650 -0.25729728 0.02844143
v 0.08766161 -0.25670141 0.02839596
v 0.09022386 -0.26017153 0.02985003
v 0.09050283 -0.26059705 0.03052690
v 0.09060498 -0.26075560 0.03113609
v 0.09060320 -0.26075280 0.03134995
v 0.09181842 -0.26276183 0.04555003
v 0.09060100 -0.26074940 0.03161643
v 0.09046894 -0.26054478 0.03228832
v 0.09022386 -0.26017153 0.03285003
v 0.08968723 -0.25938153 0.03351869
v 0.08906037 -0.25850272 0.03394810
v 0.08814336 -0.25729328 0.03425925
v 0.08206601 -0.25095791 0.03027906
v 0.08255231 -0.25137979 0.02985003
v 0.08257329 -0.25139892 0.02983766
v 0.08366142 -0.25238991 0.02919594
v 0.08479161 -0.25349307 0.02875196
v 0.08599877 -0.25476301 0.02845516
v 0.08717179 -0.25609946 0.02835003
v 0.09491519 -0.26942712 0.04555003
v 0.09687266 -0.27651125 0.04555003
v 0.09763742 -0.28382087 0.04555003
v 0.09718862 -0.29115671 0.04555003
v 0.09553850 -0.29831868 0.04555003
v 0.09273208 -0.30511129 0.04555003
v 0.08884590 -0.31134939 0.04555003
v 0.08398597 -0.31686276 0.04555003
v 0.07828484 -0.32150102 0.04555003
v 0.07189806 -0.32513762 0.04555003
v 0.06499980 -0.32767338 0.04555003
v 0.05777826 -0.32903916 0.04555004
v 0.05043041 -0.32919770 0.04555004
v 0.04315667 -0.32814461 0.04555004
v 0.03615548 -0.32590872 0.04555004
v 0.07014007 -0.24365275 0.04555003
v 0.03634640 -0.32544661 0.04605004
v 0.04326893 -0.32765740 0.04605004
v 0.05046094 -0.32869864 0.04605004
v 0.05772623 -0.32854187 0.04605004
v 0.06486663 -0.32719141 0.04605003
v 0.07168738 -0.32468414 0.04605003
v 0.07800241 -0.32108837 0.04605003
v 0.08363947 -0.31650227 0.04605003
v 0.08844480 -0.31105089 0.04605003
v 0.09228732 -0.30488288 0.04605003
v 0.09506221 -0.29816657 0.04605003
v 0.09669378 -0.29108512 0.04605003
v 0.09713754 -0.28383166 0.04605003
v 0.09638137 -0.27660412 0.04605003
v 0.09444589 -0.26959962 0.04605003
v 0.09138392 -0.26300925 0.04605003
v 0.08727895 -0.25701272 0.04605003
v 0.08224299 -0.25177366 0.04605003
v 0.07641338 -0.24743490 0.04605003
v 0.06994914 -0.24411480 0.04605003
v 0.05314777 -0.30008519 0.04805004
v 0.05727686 -0.29951763 0.04805004
v 0.05314777 -0.28478074 0.04805004
v 0.04901868 -0.29951763 0.04805004
v 0.03955917 -0.29182178 0.04805005
v 0.04196272 -0.29522681 0.04805005
v 0.04519582 -0.29785717 0.04805004
v 0.03872698 -0.27965558 0.04805005
v 0.03787899 -0.28373629 0.04805005
v 0.03816342 -0.28789449 0.04805005
v 0.04705046 -0.27074331 0.04805004
v 0.04348931 -0.27290887 0.04805005
v 0.04064449 -0.27595496 0.04805005
v 0.05924508 -0.27074331 0.04805004
v 0.05523172 -0.26961881 0.04805004
v 0.05106382 -0.26961881 0.04805004
v 0.06756856 -0.27965558 0.04805004
v 0.06565105 -0.27595496 0.04805004
v 0.06280623 -0.27290887 0.04805004
v 0.06673637 -0.29182178 0.04805004
v 0.06813212 -0.28789449 0.04805004
v 0.06841655 -0.28373629 0.04805004
v 0.06109972 -0.29785717 0.04805004
v 0.06433282 -0.29522681 0.04805004
v 0.05314777 -0.30008519 0.04605004
v 0.04901868 -0.29951763 0.04605004
v 0.04519582 -0.29785717 0.04605004
v 0.04196272 -0.29522681 0.04605004
v 0.03955917 -0.29182178 0.04605004
v 0.03816342 -0.28789449 0.04605004
v 0.03787899 -0.28373629 0.04605004
v 0.03872698 -0.27965558 0.04605004
v 0.04064449 -0.27595496 0.04605004
v 0.04348931 -0.27290887 0.04605004
v 0.04705046 -0.27074331 0.04605004
v 0.05106382 -0.26961881 0.04605004
v 0.05523172 -0.26961881 0.04605004
v 0.05924508 -0.27074331 0.04605003
v 0.06280623 -0.27290887 0.04605003
v 0.06565105 -0.27595496 0.04605003
v 0.06756856 -0.27965558 0.04605003
v 0.06841655 -0.28373629 0.04605003
v 0.06813212 -0.28789449 0.04605003
v 0.06673637 -0.29182178 0.04605003
v 0.06433282 -0.29522681 0.04605003
v 0.06109972 -0.29785717 0.04605003
v 0.05727686 -0.29951763 0.04605004
v 0.07250049 -0.24841492 0.02875196
v 0.07291979 -0.24740003 0.02985003
v 0.07192771 -0.24980126 0.03135004
v 0.07307326 -0.24702857 0.03135004
v 0.07291979 -0.24740003 0.03285003
v 0.07093564 -0.25220245 0.02985003
v 0.07135494 -0.25118756 0.02875196
v 0.07192771 -0.24980126 0.02835003
v 0.07135494 -0.25118756 0.03394811
v 0.07093564 -0.25220245 0.03285003
v 0.07078216 -0.25257391 0.03135004
v 0.07250049 -0.24841492 0.03394811
v 0.07192771 -0.24980126 0.03435004
v 0.03379505 -0.32114655 0.02875197
v 0.03337575 -0.32216144 0.02985004
v 0.03436782 -0.31976020 0.03135004
v 0.03322227 -0.32253289 0.03135004
v 0.03337575 -0.32216144 0.03285004
v 0.03535989 -0.31735897 0.02985004
v 0.03494059 -0.31837386 0.02875197
v 0.03436782 -0.31976020 0.02835004
v 0.03494060 -0.31837386 0.03394812
v 0.03535989 -0.31735897 0.03285004
v 0.03551337 -0.31698751 0.03135004
v 0.03379505 -0.32114655 0.03394812
v 0.03436782 -0.31976020 0.03435005
v 0.06302661 -0.24190407 0.04605003
v 0.05583460 -0.24086283 0.04605004
v 0.02405255 -0.31778783 0.04605005
v 0.02988217 -0.32212657 0.04605004
v 0.02265607 -0.25305921 0.04605005
v 0.01184965 -0.29996181 0.04605005
v 0.01491163 -0.30655223 0.04605005
v 0.01901659 -0.31254876 0.04605005
v 0.01785075 -0.25851059 0.04605005
v 0.01400823 -0.26467860 0.04605005
v 0.01123334 -0.27139491 0.04605005
v 0.04856931 -0.24101959 0.04605004
v 0.04142891 -0.24236999 0.04605004
v 0.03460817 -0.24487726 0.04605004
v 0.02829314 -0.24847303 0.04605005
v 0.00960176 -0.27847636 0.04605005
v 0.00915801 -0.28572977 0.04605005
v 0.00991418 -0.29295731 0.04605005
v 0.02437584 -0.31872815 0.03225085
v 0.02374323 -0.31818169 0.03285005
v 0.02261524 -0.31715381 0.03351305
v 0.02150393 -0.31606841 0.03394812
v 0.02374073 -0.31817925 0.02985070
v 0.02372192 -0.31816292 0.02983421
v 0.02262293 -0.31716102 0.02919067
v 0.02150393 -0.31606841 0.02875197
v 0.02029677 -0.31479841 0.02845518
v 0.01915187 -0.31347090 0.02839818
v 0.01862873 -0.31286430 0.02837214
v 0.01723516 -0.31105876 0.02875197
v 0.01661113 -0.31018394 0.02917883
v 0.01607168 -0.30938995 0.02985005
v 0.01579281 -0.30896455 0.03052652
v 0.01568335 -0.30879462 0.03135005
v 0.01579207 -0.30896342 0.03217084
v 0.01607168 -0.30938995 0.03285005
v 0.01723516 -0.31105876 0.03394812
v 0.01660831 -0.31017989 0.03351871
v 0.02030055 -0.31480259 0.03424427
v 0.01912375 -0.31346202 0.03435005
v 0.01862873 -0.31286430 0.03432795
v 0.02372225 -0.31816256 0.03286238
v 0.02422952 -0.31860358 0.03027907
v 0.02462177 -0.31893504 0.03085512
v 0.02472781 -0.31902331 0.03135005
v 0.02462170 -0.31893498 0.03184512
v 0.06313887 -0.24141680 0.04555003
v 0.05586514 -0.24036376 0.04555004
v 0.04851728 -0.24052231 0.04555004
v 0.04129574 -0.24188809 0.04555004
v 0.03439749 -0.24442385 0.04555004
v 0.02801070 -0.24806045 0.04555004
v 0.02230958 -0.25269872 0.04555004
v 0.01744965 -0.25821209 0.04555004
v 0.01356346 -0.26445013 0.04555005
v 0.01075704 -0.27124280 0.04555005
v 0.00910692 -0.27840471 0.04555005
v 0.00865812 -0.28574055 0.04555005
v 0.00942289 -0.29305023 0.04555005
v 0.01138035 -0.30013430 0.04555005
v 0.01447713 -0.30679959 0.04555005
v 0.01862873 -0.31286430 0.04555004
v 0.02372193 -0.31816292 0.04555004
v 0.02961778 -0.32255095 0.04555004
v 0.02961778 -0.32255095 0.01455005
v 0.02372192 -0.31816292 0.01455005
v 0.01447712 -0.30679959 0.01455005
v 0.01862872 -0.31286430 0.01455005
v 0.01138035 -0.30013430 0.01455005
v 0.00942288 -0.29305023 0.01455005
v 0.00865812 -0.28574055 0.01455005
v 0.00910691 -0.27840471 0.01455005
v 0.01075703 -0.27124280 0.01455005
v 0.01356346 -0.26445013 0.01455005
v 0.01744964 -0.25821209 0.01455005
v 0.02230957 -0.25269872 0.01455005
v 0.02801069 -0.24806045 0.01455005
v 0.03439748 -0.24442385 0.01455005
v 0.04129573 -0.24188809 0.01455004
v 0.04851728 -0.24052231 0.01455004
v 0.05586513 -0.24036376 0.01455004
v 0.06313886 -0.24141680 0.01455004
v 0.02988216 -0.32212657 0.01405005
v 0.02405255 -0.31778783 0.01405005
v 0.01901658 -0.31254876 0.01405005
v 0.01491162 -0.30655223 0.01405005
v 0.01184964 -0.29996181 0.01405005
v 0.00991417 -0.29295731 0.01405005
v 0.00915800 -0.28572977 0.01405005
v 0.00960175 -0.27847636 0.01405005
v 0.01123333 -0.27139491 0.01405005
v 0.01400822 -0.26467860 0.01405005
v 0.01785074 -0.25851059 0.01405005
v 0.02265606 -0.25305921 0.01405005
v 0.02829313 -0.24847303 0.01405005
v 0.03460816 -0.24487726 0.01405005
v 0.04142890 -0.24236999 0.01405004
v 0.04856930 -0.24101959 0.01405004
v 0.05583460 -0.24086283 0.01405004
v 0.06302661 -0.24190407 0.01405004
vn 0.65572180 -0.37858109 -0.65322682
vn 0.37858109 -0.65572160 -0.65322702
vn -0.00000020 -0.00000000 -1.00000000
vn -0.00000013 -0.75716247 -0.65322660
vn -0.37858136 -0.65572169 -0.65322678
vn 0.37857998 0.65572259 -0.65322668
vn 0.65572179 0.37858114 -0.65322681
vn 0.75716222 -0.00000000 -0.65322690
vn -0.65572201 0.37858102 -0.65322665
vn -0.37858023 0.65572268 -0.65322644
vn -0.00000013 0.75716187 -0.65322730
vn -0.65572199 -0.37858104 -0.65322666
vn -0.75716247 0.00000003 -0.65322660
vn -0.00000039 -0.63772773 -0.77026187
vn 0.31886402 -0.55228844 -0.77026178
vn 0.55228838 -0.31886379 -0.77026193
vn 0.63772778 -0.00000000 -0.77026182
vn 0.55228834 0.31886381 -0.77026194
vn 0.31886267 0.55228855 -0.77026226
vn -0.00000034 0.63772887 -0.77026092
vn -0.31886301 0.55228843 -0.77026221
vn -0.55228866 0.31886391 -0.77026167
vn -0.63772796 0.00000003 -0.77026168
vn -0.55228868 -0.31886394 -0.77026165
vn -0.31886434 -0.55228833 -0.77026173
vn -0.00611808 0.21772677 0.97599058
vn 0.00156749 0.11395068 0.99348517
vn 0.07637563 0.10249579 0.99179704
vn 0.99625751 0.08643299 0.00056507
vn 0.97903644 0.20363722 0.00441897
vn 0.98097078 0.19334611 0.01770905
vn 0.91521286 0.01542870 0.40267526
vn 0.79627930 0.03614778 0.60384817
vn 0.73580739 -0.01019692 0.67711410
vn 0.99988564 0.01493731 0.00236508
vn 0.71862946 0.00985275 -0.69532339
vn 0.70422654 0.04692005 -0.70842324
vn 0.67591291 0.24592316 -0.69473991
vn 0.64806555 0.27818486 -0.70895996
vn 0.92837718 0.37142167 0.01271858
vn 0.64161816 0.32987651 -0.69246489
vn 0.60511004 0.38805347 -0.69516642
vn 0.83519164 0.54933917 0.02610361
vn 0.00009898 0.99999934 -0.00114317
vn 0.07798850 0.72047184 -0.68908499
vn -0.01317185 0.72057299 -0.69325397
vn 0.23911070 0.66807208 -0.70463165
vn 0.22475961 0.69028352 -0.68774398
vn 0.19597033 0.98060756 0.00210655
vn 0.14756084 0.70250528 -0.69621270
vn 0.10163951 0.70160138 -0.70528357
vn 0.49556605 0.52649691 -0.69080771
vn 0.43392097 0.57473874 -0.69382129
vn 0.55851893 0.82941451 0.01132135
vn 0.39436375 0.58636135 -0.70757163
vn 0.36861731 0.61853627 -0.69392663
vn 0.56500950 0.45569678 -0.68782607
vn 0.51960286 0.47680698 -0.70899081
vn 0.71232346 0.70177032 0.01066351
vn 0.62901917 0.40440754 -0.66391974
vn 0.69037440 0.14159388 -0.70946061
vn 0.69566624 0.18454833 -0.69425528
vn 0.99995915 -0.00903816 -0.00007028
vn 0.99995915 -0.00903852 -0.00006983
vn 0.99999512 -0.00219224 -0.00222678
vn 0.71301801 0.09688201 -0.69442005
vn 0.99565898 -0.00501026 0.09294132
vn 0.96941665 -0.02210203 0.24442352
vn 0.99479610 -0.01544884 0.10070775
vn 0.99900231 -0.01568610 -0.04181299
vn 0.99903695 -0.00711668 -0.04329576
vn 0.99953375 -0.00890121 -0.02920693
vn 0.99975927 -0.00870835 -0.02013849
vn 0.99973416 -0.00874384 -0.02133447
vn 0.77547541 -0.05129297 0.62929080
vn 0.88997023 -0.03373973 0.45476875
vn 0.90095263 -0.02183744 0.43336760
vn 0.97724706 0.00150333 0.21209885
vn 0.99627308 0.01363245 0.08517105
vn 0.99984962 -0.00860768 -0.01505441
vn 0.99833599 -0.00740706 -0.05718736
vn 0.99225516 -0.01388310 0.12343808
vn 0.95353557 -0.02314105 0.30039042
vn 0.88894218 -0.02898170 0.45710159
vn 0.05633146 0.02721982 0.99804101
vn 0.04151179 0.07663247 0.99619488
vn 0.26288063 0.12802400 0.95629683
vn 0.12803838 0.03500697 0.99115119
vn 0.19264341 0.03866773 0.98050667
vn 0.10448446 -0.00471694 0.99451533
vn 0.16439574 -0.00200953 0.98639242
vn -0.00400638 0.02397926 0.99970443
vn 0.05476289 -0.00466299 0.99848850
vn 0.00491660 0.00592269 0.99997037
vn 0.71671898 0.69643885 0.03587240
vn 0.56523153 0.82438010 0.03017901
vn 0.57168751 0.81647237 0.08090896
vn 0.72236207 0.67723715 0.13979585
vn 0.57518620 0.79517660 0.19197656
vn 0.71465254 0.62137811 0.32118685
vn 0.56610688 0.71680002 0.40708810
vn 0.67214297 0.51615319 0.53085753
vn 0.51481962 0.56169282 0.64765881
vn 0.59852883 0.39907206 0.69462561
vn 0.43523339 0.39842728 0.80735841
vn 0.50978380 0.27845706 0.81399149
vn 0.35490294 0.25952657 0.89815915
vn 0.40412713 0.15746486 0.90104722
vn 0.32679869 0.07936102 0.94175604
vn 0.29152729 0.03711040 0.95584238
vn 0.24887703 -0.00201572 0.96853299
vn 0.00734590 0.99667070 0.08120064
vn 0.00471547 0.99030478 0.13883159
vn 0.19351086 0.98004012 0.04555123
vn 0.18991999 0.97442852 0.12008101
vn 0.20028732 0.93736947 0.28499730
vn -0.00000402 0.90154829 0.43267850
vn 0.19939653 0.81959653 0.53712433
vn -0.00000311 0.89784698 0.44030761
vn -0.00000451 0.95352102 0.30132651
vn 0.17912736 0.59492352 0.78356837
vn -0.00000196 0.61391689 0.78937067
vn -0.00000235 0.47285569 0.88113988
vn 0.13794644 0.37735617 0.91573637
vn -0.00000345 0.77881004 0.62725985
vn 0.30018752 0.65746178 -0.69110887
vn 0.38197109 0.92415816 0.00545690
vn 0.38944851 0.92044044 0.03345531
vn 0.39512841 0.91327567 0.09900041
vn 0.40040806 0.88567235 0.23506994
vn 0.39317872 0.78407521 0.48024636
vn 0.34910221 0.58635357 0.73097000
vn 0.28509918 0.38909018 0.87597220
vn 0.22748908 0.24020334 0.94369014
vn 0.11027059 0.23564721 0.96556242
vn 0.17054616 0.11140367 0.97903178
vn -0.00452053 0.99994887 0.00904540
vn 0.99750996 0.06543706 0.02630344
vn 0.99996454 -0.00839073 -0.00071023
vn 0.99721408 0.07328074 0.01392904
vn 0.99995619 -0.00930618 -0.00101098
vn 0.99683475 0.07922801 0.00658861
vn 0.99996205 -0.00869714 -0.00051243
vn 0.99998190 -0.00584222 -0.00143951
vn 0.99995776 -0.00856690 -0.00332831
vn 0.99998341 -0.00274782 0.00506204
vn 0.99720465 0.03773106 0.06449223
vn 0.99996787 -0.00800624 -0.00038754
vn 0.99760376 0.05490810 0.04209310
vn 0.99996727 -0.00790113 -0.00174374
vn 0.99999605 -0.00246488 0.00135273
vn 0.99985512 -0.00814626 -0.01494593
vn 0.99995606 -0.00918312 0.00188605
vn 0.99994698 -0.00918344 -0.00465755
vn 0.93140434 0.08156560 0.35472949
vn 0.98109655 0.03708261 0.18993270
vn 0.98022998 0.10704252 0.16640640
vn 0.98252733 0.14068568 0.12185065
vn 0.98372070 0.16189619 0.07799493
vn 0.98295770 0.17867929 0.04321895
vn 0.49664079 -0.06306374 0.86566211
vn 0.63003751 -0.06303380 0.77400225
vn 0.72661903 -0.03619576 0.68608648
vn 0.93064027 0.36293343 0.04677620
vn 0.83852343 0.53651924 0.09500294
vn 0.93296204 0.34072516 0.11613869
vn 0.83737690 0.49924100 0.22261705
vn 0.92896365 0.30812649 0.20514531
vn 0.81560301 0.43740359 0.37877411
vn 0.91532788 0.27200981 0.29696048
vn 0.79954432 0.31273367 0.51276362
vn 0.89928908 0.19772968 0.39010527
vn 0.72668653 0.14720729 0.67101170
vn 0.83548663 0.11439132 0.53747253
vn 0.64625105 0.04247913 0.76194167
vn 0.77260786 0.36127053 0.52207346
vn 0.70229469 0.28086837 0.65413693
vn 0.58409273 0.16931030 0.79383229
vn 0.52663679 0.08573230 0.84575627
vn 0.46475084 0.04113975 0.88448526
vn 0.45798891 -0.00294832 0.88895301
vn 0.34777446 -0.05471518 0.93598033
vn 0.38197273 -0.04231352 0.92320442
vn 0.00000018 -0.01074501 0.99994227
vn -0.00098432 -0.01979696 0.99980354
vn 0.08090110 -0.01805680 0.99655856
vn 0.14448892 -0.02902660 0.98908059
vn 0.19716235 -0.03825570 0.97962417
vn 0.27813004 -0.04111095 0.95966326
vn 0.00124505 0.31040928 0.95060219
vn 0.00167387 0.31030425 0.95063583
vn -0.72289573 0.14022751 0.67657816
vn -0.56841153 0.16679505 0.80565982
vn -0.66568982 0.28271990 0.69059867
vn -0.19680120 0.04291753 0.97950364
vn -0.30066935 0.04051901 0.95286733
vn -0.25364466 -0.00017517 0.96729745
vn -0.31745460 0.09552041 0.94345028
vn -0.99458035 -0.01358716 0.10307920
vn -0.99887782 -0.01100960 -0.04606398
vn -0.99811863 -0.00839883 -0.06073438
vn -0.99974121 -0.00868952 -0.02102392
vn -0.99959929 -0.00715352 -0.02738761
vn -0.99564879 -0.00491536 0.09305545
vn -0.24563236 0.67602568 -0.69473306
vn -0.27774534 0.64721019 -0.70991302
vn -0.38407833 0.92323717 0.01081496
vn -0.70322279 0.14935230 -0.69510546
vn -0.69670954 0.10752650 -0.70924881
vn -0.97947081 0.20154081 0.00426942
vn -0.71790241 -0.00410418 -0.69613165
vn -0.99999333 0.00310677 -0.00191810
vn -0.71520952 0.07020853 -0.69537479
vn -0.99613094 0.08787901 0.00065330
vn -0.69764453 0.10674892 -0.70844674
vn -0.65694418 0.29895904 -0.69213282
vn -0.66079894 0.24572276 -0.70920031
vn -0.92752276 0.37356503 0.01227611
vn -0.68718413 0.21261849 -0.69467356
vn -0.83554157 0.54878827 0.02648990
vn -0.58640247 0.41029839 -0.69841776
vn -0.61705120 0.37050153 -0.69424523
vn -0.45828548 0.55512807 -0.69412336
vn -0.47729660 0.51992786 -0.70842287
vn -0.71419142 0.69985456 0.01158486
vn -0.52526162 0.49607771 -0.69138060
vn -0.32992939 0.64182704 -0.69224609
vn -0.36347975 0.60525367 -0.70820228
vn -0.55842532 0.82946201 0.01240671
vn -0.40158702 0.59547337 -0.69580121
vn -0.18510663 0.69536116 -0.69441226
vn -0.19439191 0.98089920 0.00696812
vn -0.09187973 0.71822482 -0.68971822
vn -0.14225992 0.68961939 -0.71006142
vn -0.20151343 0.97125847 0.12668593
vn -0.19704650 0.97958305 0.03987122
vn -0.20604111 0.93588389 0.28577685
vn -0.20582275 0.81855294 0.53629104
vn -0.18499015 0.59475783 0.78233099
vn -0.14450215 0.37856801 0.91422393
vn -0.11134879 0.23006350 0.96678448
vn -0.08110913 0.11494502 0.99005502
vn -0.97997251 0.10970197 0.16619074
vn -0.99625677 0.01372030 0.08534756
vn -0.98113217 0.03710362 0.18974453
vn -0.99920282 -0.00987893 -0.03867993
vn -0.99173165 -0.01383764 0.12758077
vn -0.95376639 -0.02211258 0.29973440
vn -0.97096778 -0.01823569 0.23851421
vn -0.89917802 -0.02162452 0.43704837
vn -0.73228065 -0.01561940 0.68082382
vn -0.79620371 0.03534851 0.60399514
vn -0.64261912 0.04603613 0.76480150
vn -0.45794832 -0.00291546 0.88897404
vn -0.47039095 0.04984104 0.88104950
vn -0.54385243 0.06976034 0.83627629
vn -0.72171996 -0.03853414 0.69111172
vn -0.62528440 -0.05448030 0.77849298
vn -0.42174263 -0.03255680 0.90613090
vn -0.50268474 -0.05377554 0.86279560
vn -0.77685904 -0.04824870 0.62782330
vn -0.88784952 -0.03515082 0.45878934
vn -0.88997524 -0.03415210 0.45472816
vn -0.05313245 0.03234464 0.99806351
vn -0.12580632 0.03288862 0.99150951
vn -0.05473826 -0.00722466 0.99847460
vn -0.10344973 -0.00716944 0.99460884
vn -0.16268727 -0.00588364 0.98666014
vn -0.56515003 0.82438422 0.03156095
vn -0.71780769 0.69527003 0.03676564
vn -0.57067377 0.81711030 0.08162234
vn -0.72279375 0.67626334 0.14225710
vn -0.40303314 0.15565169 0.90185190
vn -0.27647462 0.13513578 0.95147260
vn -0.51118567 0.27652301 0.81377161
vn -0.35847709 0.25862739 0.89699835
vn -0.59925082 0.39875782 0.69418344
vn -0.43808701 0.39826185 0.80589532
vn -0.67082629 0.51455540 0.53406444
vn -0.51510941 0.56016791 0.64874818
vn -0.71379413 0.62020882 0.32532899
vn -0.56515660 0.71597426 0.40985225
vn -0.57394749 0.79544832 0.19454112
vn -0.17527903 0.12077680 0.97708251
vn -0.23140085 0.24000229 0.94278977
vn -0.28875860 0.38939655 0.87463638
vn -0.35059362 0.58613508 0.73043123
vn -0.39185604 0.78423083 0.48107261
vn -0.39822685 0.88612478 0.23706171
vn -0.39363191 0.91373574 0.10070214
vn -0.38878244 0.92066496 0.03498919
vn -0.99999323 -0.00251897 0.00268388
vn -0.99995746 -0.00922368 -0.00008299
vn -0.99995585 -0.00939374 -0.00025148
vn -0.99996473 -0.00834598 -0.00093590
vn -0.99745651 0.06622733 0.02635259
vn -0.99995160 -0.00981567 -0.00066674
vn -0.99725849 0.07249668 0.01482341
vn -0.99996166 -0.00870471 -0.00095215
vn -0.99665255 0.08159579 0.00508178
vn -0.99998188 -0.00590393 -0.00117215
vn -0.99998626 -0.00412954 -0.00322756
vn -0.99985547 0.01483255 0.00830845
vn -0.99751700 0.05583319 0.04292418
vn -0.99996367 -0.00846442 -0.00100221
vn -0.99997251 -0.00731369 -0.00122340
vn -0.99718635 0.03812863 0.06454136
vn -0.99975481 0.00935244 0.02007104
vn -0.99994104 -0.00926995 0.00565520
vn -0.99996407 -0.00820302 -0.00213529
vn -0.99996223 -0.00848600 0.00187622
vn -0.99993734 -0.00863553 -0.00712373
vn -0.99986278 -0.00778312 -0.01462317
vn -0.99979778 -0.00997777 -0.01745978
vn -0.98155001 0.14481452 0.12485323
vn -0.98294355 0.16523394 0.08074480
vn -0.98265161 0.17985521 0.04525389
vn -0.98108249 0.19276653 0.01783872
vn -0.83860422 0.53609280 0.09668239
vn -0.92973709 0.36502987 0.04839563
vn -0.83623060 0.49897549 0.22746834
vn -0.93147009 0.34323163 0.12064624
vn -0.81270562 0.43793219 0.38435008
vn -0.92608604 0.31257897 0.21132684
vn -0.76309198 0.37805704 0.52417889
vn -0.91798197 0.27317549 0.28754869
vn -0.80749685 0.26693214 0.52601908
vn -0.90323445 0.19969579 0.37985407
vn -0.83750341 0.11377543 0.53445597
vn -0.93155303 0.08183904 0.35427577
vn -0.91564802 0.01714357 0.40161523
vn -0.97770645 0.00316166 0.20995260
vn -0.35278034 -0.06517818 0.93343336
vn -0.27283157 -0.04992148 0.96076573
vn -0.19716199 -0.03825574 0.97962424
vn -0.14448852 -0.02902663 0.98908064
vn -0.07984465 -0.01927644 0.99662092
vn -0.59692355 0.42995476 -0.67736340
vn 0.12095726 -0.85746555 -0.50012216
vn -0.00000829 -0.72156188 -0.69234995
vn 0.19499296 -0.69327316 -0.69379397
vn 0.12455429 -0.69321452 -0.70988721
vn 0.70471242 -0.03084184 -0.70882239
vn 0.47721845 -0.59037382 -0.65093878
vn 0.38175739 -0.55760381 -0.73711551
vn 0.37462641 -0.62705131 -0.68298002
vn 0.32473686 -0.63390957 -0.70192922
vn 0.20112320 -0.91976932 -0.33700720
vn 0.71621562 -0.07436362 -0.69390579
vn 0.69658734 -0.10277378 -0.71007298
vn 0.70140205 -0.15700318 -0.69525906
vn 0.64653602 -0.30952976 -0.69726789
vn 0.60830866 -0.38312985 -0.69510582
vn 0.55457659 -0.44838598 -0.70099559
vn 0.52190146 -0.46925433 -0.71233365
vn 0.50864737 -0.49931001 -0.70140386
vn 0.47280093 -0.50004556 -0.72554374
vn 0.35941120 -0.39701920 -0.84451131
vn 0.67067255 -0.19947397 -0.71442877
vn 0.67466688 -0.24123645 -0.69758840
vn 0.65036641 -0.26879503 -0.71047362
vn -0.70319152 -0.16758042 -0.69096924
vn -0.69313670 -0.12936484 -0.70910243
vn -0.54024042 -0.46660822 -0.70029783
vn -0.55397772 -0.42243106 -0.71739856
vn 0.28201026 -0.66710751 -0.68951996
vn 0.24894601 -0.69885309 -0.67054474
vn -0.39376144 -0.62870611 -0.67058225
vn -0.36156049 -0.58143920 -0.72883638
vn -0.50297508 -0.50758149 -0.69955493
vn -0.12094363 -0.85741340 -0.50021485
vn -0.20115292 -0.91976904 -0.33699023
vn -0.71691751 -0.07757084 -0.69282902
vn -0.70640368 -0.04193314 -0.70656595
vn -0.49371515 -0.59079168 -0.63813050
vn -0.34459820 -0.44316554 -0.82756050
vn -0.46371686 -0.50942763 -0.72487941
vn -0.12456470 -0.69321048 -0.70988934
vn -0.19499453 -0.69326896 -0.69379772
vn -0.25958730 -0.70216321 -0.66300925
vn -0.59683946 -0.39491430 -0.69844495
vn -0.60706626 -0.34437937 -0.71615180
vn -0.63993724 -0.31894921 -0.69910782
vn -0.27343631 -0.67199450 -0.68822669
vn -0.31948475 -0.63095105 -0.70698676
vn -0.64360837 -0.28276486 -0.71120482
vn -0.67588606 -0.24948267 -0.69349580
vn -0.66837429 -0.22192573 -0.70994702
vn 0.00631652 0.14379037 -0.98958801
vn -0.04123532 0.10565363 -0.99354766
vn 0.00592085 -0.07422517 -0.99722393
vn -0.13063416 -0.21597087 -0.96762146
vn 0.00970594 -0.31591854 -0.94873667
vn -0.15479352 -0.67628641 -0.72019140
vn -0.00000204 -0.71134928 -0.70283867
vn 0.00873779 -0.52733721 -0.84961116
vn -0.18759297 -0.85035067 -0.49164278
vn 0.01500477 -0.99819149 -0.05821169
vn 0.01725554 -0.96007156 -0.27922186
vn -0.00000370 -0.86623830 -0.49963107
vn -0.22249583 -0.97459314 -0.02576456
vn -0.00000599 -0.99890668 -0.04674864
vn -0.22029779 -0.94904306 -0.22535783
vn -0.00000915 -0.99998538 -0.00540792
vn -0.42826790 -0.90364724 0.00287712
vn -0.29937672 -0.52723794 -0.79523187
vn -0.33180962 -0.67882702 -0.65505439
vn -0.26200007 -0.16690851 -0.95052486
vn -0.24980343 -0.17777508 -0.95183731
vn -0.25926472 -0.35037429 -0.90001092
vn -0.13802811 -0.45572387 -0.87935431
vn -0.28517414 -0.52032461 -0.80494597
vn -0.30196432 -0.52477989 -0.79587915
vn -0.24458998 0.01749805 -0.96946870
vn -0.14249576 -0.00032022 -0.98979536
vn -0.05165492 0.12407001 -0.99092805
vn -0.36014168 -0.79483879 -0.48839458
vn -0.38031620 -0.79464330 -0.47318244
vn -0.42072156 -0.87306936 -0.24646148
vn -0.42203577 -0.90649572 -0.01230088
vn 0.06499517 0.12951773 -0.98944469
vn 0.43012056 -0.90264299 0.01522918
vn 0.42134382 -0.90689931 -0.00174207
vn 0.21713439 -0.97571280 -0.02893428
vn 0.17551349 -0.84665962 -0.50235695
vn 0.15590130 -0.68291665 -0.71366633
vn 0.34704012 -0.70695290 -0.61626354
vn 0.26462686 -0.29500764 -0.91811934
vn 0.11908737 -0.22416705 -0.96724730
vn 0.26853720 -0.29664883 -0.91645362
vn 0.13042847 -0.45036825 -0.88326488
vn 0.32454413 -0.70439756 -0.63126475
vn 0.28720737 -0.51849579 -0.80540303
vn 0.26019536 -0.30486087 -0.91616495
vn 0.39862414 -0.88943216 -0.22362745
vn 0.21338191 -0.95228282 -0.21823288
vn 0.42495690 -0.88245600 -0.20170036
vn 0.42918506 -0.89794012 -0.09748707
vn 0.23363561 0.07713913 -0.96925949
vn 0.13677287 0.00863808 -0.99056477
vn 0.25493478 -0.15697563 -0.95413149
vn 0.25784019 -0.29266894 -0.92079494
vn 0.38666342 -0.82250643 -0.41710259
vn 0.36084605 -0.70767657 -0.60744053
vn 0.34775373 -0.70642292 -0.61646898
vn 0.97148170 0.00425387 -0.23707637
vn 0.53926760 -0.70027402 -0.46776783
vn 0.55943927 -0.79946697 -0.21881559
vn 0.67045381 -0.72093952 -0.17532224
vn 0.56128055 -0.82692042 -0.03415788
vn 0.65201695 -0.20222808 -0.73073778
vn 0.53163099 -0.27834170 -0.79993399
vn 0.59260241 -0.35487049 -0.72311086
vn 0.93703742 -0.33548565 -0.09700648
vn 0.88269615 -0.44010489 -0.16478833
vn 0.86062491 -0.50359690 -0.07559712
vn 0.65436223 -0.72692640 -0.20829807
vn 0.99771421 -0.06757458 -0.00017270
vn 0.98888493 -0.14849653 -0.00744120
vn 0.96335141 -0.26808403 -0.00922056
vn 0.91722600 -0.39726546 -0.02960775
vn 0.89330773 -0.39424185 -0.21581164
vn 0.94857124 -0.29078372 -0.12512964
vn 0.89836387 -0.31992795 -0.30097916
vn 0.97357812 -0.22372433 -0.04575005
vn 0.99348516 -0.11315563 -0.01352915
vn 0.97802247 -0.20042319 -0.05746823
vn 0.99500761 -0.09731581 -0.02212449
vn 0.98081522 -0.17421097 -0.08747592
vn 0.99570293 -0.08509362 -0.03653417
vn 0.82438748 -0.17948151 -0.53681623
vn 0.87041656 -0.24505130 -0.42699517
vn 0.92758451 -0.15433288 -0.34024747
vn 0.95268859 -0.23457815 -0.19328097
vn 0.94358212 -0.19258041 -0.26937998
vn 0.98166339 -0.14625990 -0.12224985
vn 0.97828405 -0.11800459 -0.17039730
vn 0.99588338 -0.07125360 -0.05602881
vn 0.99477282 -0.05739772 -0.08445435
vn 0.89701072 -0.11505847 -0.42677079
vn 0.97036301 -0.08959075 -0.22443068
vn 0.95364957 -0.06070689 -0.29473237
vn 0.99214332 -0.04192631 -0.11787206
vn 0.98601216 -0.02442400 -0.16487418
vn 0.45720058 -0.46495837 -0.75814336
vn 0.52655650 -0.58940444 -0.61265052
vn 0.65794321 -0.43641613 -0.61371956
vn 0.81237631 -0.41190269 -0.41277223
vn 0.78183178 -0.33637844 -0.52496535
vn 0.40937158 -0.33528126 -0.84852896
vn 0.37468412 -0.23830014 -0.89600494
vn 0.46625303 -0.16780314 -0.86859094
vn 0.59189107 -0.12752734 -0.79586540
vn 0.68593471 -0.07963639 -0.72329220
vn 0.39556720 0.00168212 -0.91843550
vn 0.36023104 0.15435178 -0.92000496
vn 0.71612137 -0.25309017 -0.65047333
vn 0.76377730 -0.13773086 -0.63061433
vn 0.83868941 -0.07572752 -0.53931940
vn 0.78812473 -0.03518200 -0.61450927
vn 0.91678138 -0.02982046 -0.39827459
vn 0.81547364 -0.01310037 -0.57864594
vn 0.68492392 -0.50200842 -0.52807837
vn 0.80812139 -0.48944392 -0.32769569
vn 0.67888664 -0.57550291 -0.45597075
vn 0.79318481 -0.55326530 -0.25447076
vn 0.67023329 -0.64574675 -0.36578472
vn 0.77609378 -0.61776770 -0.12665511
vn 0.97464887 -0.01275157 -0.22337630
vn 0.90780249 -0.00519865 -0.41936574
vn 0.81320617 -0.04912568 -0.57989860
vn 0.74038335 -0.02677647 -0.67165133
vn 0.61452701 0.00848193 -0.78885018
vn 0.51815124 -0.00672735 -0.85526255
vn 0.99948061 -0.01891533 0.02609047
vn 0.99978604 -0.01423996 0.01500355
vn 0.94771623 -0.08148201 0.30853627
vn 0.13309543 -0.03018257 0.99064354
vn 0.99907287 -0.00225326 -0.04299202
vn 0.89697320 -0.43919859 0.05043483
vn 0.89847518 -0.43667746 0.04533369
vn 0.92558222 -0.37842546 0.00957733
vn 0.96575336 -0.25942841 0.00416451
vn 0.97972774 -0.20009950 -0.00968217
vn 0.97723563 -0.21200539 0.00801506
vn 0.26841271 -0.96291288 -0.02744815
vn 0.35170483 -0.93582372 0.02318792
vn 0.38567691 -0.92251002 0.01511928
vn 0.00000041 -0.40924452 0.91242475
vn 0.15330185 -0.48354736 0.86178913
vn 0.12532341 -0.30877669 0.94284198
vn 0.20028348 -0.88126475 0.42808757
vn 0.18549351 -0.79136479 0.58252376
vn 0.00000025 -0.81849041 0.57452019
vn 0.00000038 -0.50377012 0.86383775
vn 0.00000035 -0.62188899 0.78310541
vn 0.17361865 -0.67972390 0.71262332
vn 0.00486285 -0.73057095 0.68281948
vn 0.00457049 -0.73052121 0.68287471
vn 0.00000019 -0.89569022 0.44467857
vn 0.00000014 -0.94470265 0.32792821
vn 0.20134315 -0.94987990 0.23914243
vn 0.00000009 -0.97930223 0.20240341
vn 0.00000005 -0.99434787 0.10617111
vn 0.19880931 -0.97657388 0.08233056
vn 0.00019094 -0.99977747 0.02109458
vn 0.19135795 -0.98145910 0.01096226
vn 0.00023773 -0.99977755 0.02109009
vn 0.00002282 -0.99999496 0.00317354
vn 0.56235996 -0.82671412 0.01717644
vn 0.38990739 -0.91739195 0.07977620
vn 0.56563583 -0.82132888 0.07399311
vn 0.39270800 -0.89197852 0.22395256
vn 0.56708611 -0.79923418 0.19909313
vn 0.38613976 -0.83417961 0.39375178
vn 0.55759423 -0.75320781 0.34895081
vn 0.37269929 -0.75519269 0.53923950
vn 0.53984817 -0.69025046 0.48178652
vn 0.34111209 -0.66083292 0.66853750
vn 0.51253836 -0.61798691 0.59615150
vn 0.30057502 -0.57771784 0.75887862
vn 0.47773411 -0.53315693 0.69822189
vn 0.12459421 -0.99189432 0.02493874
vn 0.11838508 -0.99270166 0.02298649
vn 0.00525515 -0.99997938 0.00369206
vn 0.49771846 -0.29952912 0.81397705
vn 0.58864808 -0.41939018 0.69108995
vn 0.73697059 -0.37619855 0.56155944
vn 0.79883486 -0.45052989 0.39860468
vn 0.99229552 -0.05089753 0.11295593
vn 0.99383620 -0.08075196 0.07595212
vn 0.99996881 -0.00459624 -0.00642329
vn 0.99996278 0.00420362 -0.00753498
vn 0.99474088 -0.09032690 0.04828706
vn 0.99994077 0.00840853 -0.00691063
vn 0.99514906 -0.09427047 0.02813225
vn 0.99993348 0.00884107 -0.00740731
vn 0.96287625 -0.17740946 0.20345812
vn 0.87748516 -0.28642546 0.38468202
vn 0.97069300 -0.20081338 0.13201927
vn 0.90681858 -0.33201640 0.25970208
vn 0.97447216 -0.21077396 0.07731984
vn 0.92123028 -0.35678213 0.15505253
vn 0.97605245 -0.21422268 0.03781878
vn 0.99998620 -0.00239339 -0.00467768
vn 0.99990901 0.00275263 -0.01320579
vn 0.99991023 0.00243957 -0.01317521
vn 0.71598731 -0.69795130 0.01503828
vn 0.83603549 -0.54857312 0.01059203
vn 0.71681527 -0.69421701 0.06510466
vn 0.83822130 -0.54287983 0.05163862
vn 0.71654729 -0.67731195 0.16675884
vn 0.83718099 -0.53198280 0.12697363
vn 0.70651889 -0.64547071 0.29016997
vn 0.83040585 -0.50562382 0.23403135
vn 0.68985953 -0.60195417 0.40217534
vn 0.65975827 -0.53580105 0.52691200
vn 0.93202084 -0.36197865 -0.01756747
vn 0.92721405 -0.37306308 0.03313681
vn 0.92594221 -0.36858212 0.08233013
vn 0.99520417 -0.09780088 -0.00190810
vn 0.99996566 0.00825143 -0.00076672
vn 0.99994867 0.00987433 -0.00227024
vn 0.99508760 -0.09823055 0.01230574
vn 0.70589731 -0.69781820 -0.12148558
vn 0.74078338 -0.67143491 -0.02037518
vn 0.76699537 -0.63862075 0.06230286
vn 0.78712063 -0.61598600 -0.03165999
vn 0.81825259 -0.57018882 -0.07312598
vn 0.99994910 0.00982722 -0.00228325
vn 0.99998509 0.00387602 -0.00384743
vn 0.99993971 0.00792710 -0.00759870
vn 0.37715769 -0.12477562 0.91770536
vn 0.42597623 -0.19772879 0.88286328
vn 0.59152853 -0.19122392 0.78327991
vn 0.53693869 -0.12075593 0.83493404
vn 0.79402493 -0.15499171 0.58779416
vn 0.75788002 -0.10333021 0.64415894
vn 0.32706585 -0.07670493 0.94188337
vn 0.48449805 -0.08227418 0.87091481
vn 0.68819996 -0.07334701 0.72180401
vn 0.94532036 -0.06158376 0.32027623
vn 0.94382397 -0.04529169 0.32733006
vn 0.84605589 -0.05521839 0.53022670
vn 0.95135544 -0.13695662 0.27598136
vn 0.99976305 -0.01499848 0.01577625
vn 0.99976470 -0.00968981 0.01940759
vn 0.99946035 -0.02208637 0.02431450
vn 0.98620801 -0.04210155 0.16006632
vn 0.99940681 -0.00756133 -0.03359843
vn 0.99946264 -0.00578401 -0.03226408
vn 0.83589135 -0.22147254 0.50223058
vn 0.66150690 -0.27932769 0.69597749
vn -0.00058513 -0.02675068 0.99964197
vn 0.00000050 -0.05541517 0.99846340
vn 0.07193853 -0.05748357 0.99575122
vn 0.00000048 -0.10349555 0.99462992
vn 0.08867749 -0.12328311 0.98840153
vn -0.00037708 -0.15364059 0.98812673
vn 0.09944710 -0.18910775 0.97690764
vn -0.00025061 -0.15369524 0.98811827
vn 0.00000044 -0.23374055 0.97229900
vn 0.00000043 -0.30686663 0.95175253
vn 0.15664700 -0.06045150 0.98580289
vn 0.28784254 -0.44087638 0.85016157
vn 0.42381386 -0.42542116 0.79962407
vn 0.24201385 -0.30480105 0.92115450
vn 0.36232155 -0.30303747 0.88141442
vn 0.20447046 -0.19259296 0.95973943
vn 0.30586867 -0.19440367 0.93201479
vn 0.17949568 -0.11732004 0.97673810
vn 0.26788254 -0.12119761 0.95579814
vn 0.22735631 -0.06282342 0.97178306
vn 0.24503660 -0.05072115 0.96818615
vn 0.98944218 -0.14465041 -0.00896840
vn 0.99997636 -0.00309946 -0.00613750
vn 0.99995523 0.00897120 -0.00300924
vn 0.36587903 -0.92967752 0.04280470
vn 0.50822294 -0.85836577 -0.07012598
vn 0.56230207 -0.82687606 0.00961090
vn 0.58409108 -0.80984517 0.05466641
vn 0.99981315 -0.00284021 -0.01912082
vn 0.99981125 -0.00230276 -0.01929138
vn 0.99994537 -0.00547554 0.00890412
vn -0.94351668 -0.04457032 0.32831352
vn -0.36898309 -0.11984257 0.92167741
vn -0.32200381 -0.07484814 0.94377503
vn -0.48145251 -0.07489100 0.87326675
vn -0.82867895 -0.50785518 0.23531746
vn -0.83706784 -0.53265894 0.12486750
vn -0.71630486 -0.67805485 0.16476946
vn -0.56567187 -0.82141055 0.07280140
vn -0.56251422 -0.82658906 0.01811852
vn -0.38605364 -0.92234441 0.01560074
vn -0.12377201 -0.30840529 0.94316842
vn -0.17080033 -0.68083528 0.71224334
vn -0.18803109 -0.79324158 0.57914775
vn -0.19830667 -0.88152697 0.42846781
vn -0.14879552 -0.48057971 0.86423552
vn -0.19975761 -0.95033756 0.23865333
vn -0.19854230 -0.97665796 0.08197674
vn -0.25421017 -0.96705848 -0.01323186
vn -0.12437449 -0.99152022 0.03766480
vn -0.19163518 -0.98140630 0.01084605
vn -0.12242865 -0.99167610 0.03987153
vn -0.35855220 -0.30141304 0.88351033
vn -0.42634252 -0.42864003 0.79655495
vn -0.28491155 -0.44260466 0.85025086
vn -0.31519430 -0.56397620 0.76327151
vn -0.48120396 -0.53213924 0.69661365
vn -0.35018664 -0.66578232 0.65886510
vn -0.65865533 -0.53787564 0.52617767
vn -0.58508987 -0.42416873 0.69119515
vn -0.49405906 -0.29780890 0.81683260
vn -0.42253605 -0.19574226 0.88495664
vn -0.51319200 -0.61676840 0.59685066
vn -0.37212382 -0.75550848 0.53919459
vn -0.53938414 -0.69090855 0.48136278
vn -0.38616930 -0.83404441 0.39400912
vn -0.55737098 -0.75341082 0.34886923
vn -0.39317083 -0.89209440 0.22267530
vn -0.56704879 -0.79968027 0.19740095
vn -0.39046753 -0.91725263 0.07863028
vn -0.71586409 -0.69805290 0.01614824
vn -0.71651124 -0.69465031 0.06381689
vn -0.58390636 -0.80985128 0.05651780
vn -0.58390815 -0.80985015 0.05651555
vn -0.48260148 -0.87561375 -0.01990921
vn -0.36579039 -0.92934053 0.05023520
vn -0.36579150 -0.92934011 0.05023492
vn -0.69279006 -0.59995002 0.40012736
vn -0.70743878 -0.64419731 0.29075796
vn -0.99993556 0.00863979 -0.00736418
vn -0.99494527 -0.09624974 0.02863375
vn -0.99997930 -0.00152804 -0.00624958
vn -0.99442881 -0.09261965 0.05032831
vn -0.99993938 0.00303577 -0.01058375
vn -0.99992156 0.00378425 -0.01193972
vn -0.99349418 -0.08268682 0.07830833
vn -0.99992634 0.00261020 -0.01185333
vn -0.83788298 -0.54352478 0.05032823
vn -0.83663805 -0.54766226 0.01014027
vn -0.76668033 -0.63890929 0.06321545
vn -0.97896556 -0.20353681 -0.01411352
vn -0.96577474 -0.25934815 0.00420709
vn -0.97697996 -0.21305519 0.01084603
vn -0.92305017 -0.38132625 -0.05068210
vn -0.99501869 -0.09890225 0.01249623
vn -0.99995229 0.00951293 -0.00222009
vn -0.99531181 -0.09662790 0.00417712
vn -0.99995372 0.00935489 -0.00224543
vn -0.90861742 -0.41762770 -0.00122193
vn -0.89758460 -0.43679162 0.05962358
vn -0.81403598 -0.57176643 -0.10212038
vn -0.79059477 -0.61141520 -0.03363588
vn -0.99994175 0.00827888 -0.00692536
vn -0.99994947 0.00697323 -0.00724063
vn -0.99998847 0.00368909 -0.00307568
vn -0.24503637 -0.05072112 0.96818621
vn -0.79907668 -0.45538270 0.39255961
vn -0.73817825 -0.37642446 0.55981917
vn -0.66056858 -0.27788399 0.69744508
vn -0.58998448 -0.18940002 0.78488595
vn -0.53659130 -0.12148635 0.83505140
vn -0.98604501 -0.04320867 0.16077394
vn -0.99983055 -0.01648882 0.00818475
vn -0.84619053 -0.05471697 0.53006380
vn -0.94507679 -0.05937704 0.32140975
vn -0.92486650 -0.38021364 0.00771642
vn -0.92731685 -0.37287179 0.03240503
vn -0.97654776 -0.21219497 0.03643845
vn -0.92619765 -0.36847269 0.07991116
vn -0.97584104 -0.20532684 0.07466701
vn -0.92194616 -0.35647783 0.15145571
vn -0.97304051 -0.19327324 0.12584763
vn -0.90877758 -0.33098599 0.25410940
vn -0.96606743 -0.17053056 0.19399238
vn -0.88020314 -0.28480967 0.37963915
vn -0.95444415 -0.13434392 0.26643589
vn -0.83790676 -0.21974826 0.49962282
vn -0.94937637 -0.08087824 0.30355100
vn -0.79529680 -0.15364094 0.58642771
vn -0.75999825 -0.10298488 0.64171394
vn -0.68933184 -0.07049169 0.72100800
vn -0.99905850 -0.00193478 -0.04334024
vn -0.99929247 -0.00939128 -0.03641916
vn -0.99929248 -0.00939129 -0.03641910
vn -0.13159041 -0.02892386 0.99088212
vn -0.07253129 -0.05810645 0.99567206
vn -0.08829729 -0.12269938 0.98850819
vn -0.23880903 -0.30372906 0.92234425
vn -0.20213249 -0.19173668 0.96040590
vn -0.30281763 -0.19285558 0.93333178
vn -0.26484616 -0.11455830 0.95746170
vn -0.22924381 -0.06672372 0.97107941
vn -0.09809438 -0.18853850 0.97715440
vn -0.17824663 -0.11396499 0.97736386
vn -0.15776790 -0.06251180 0.98549559
vn -0.99996580 0.00823485 -0.00077188
vn -0.99994688 0.01030712 0.00000019
vn -0.99989908 0.01383078 -0.00324773
vn -0.99748967 -0.06727242 -0.02210845
vn -0.98717333 -0.15890913 -0.01538502
vn -0.76568776 -0.64035193 0.06059423
vn -0.68457268 -0.72872419 -0.01792491
vn -0.58535741 -0.80906267 0.05267167
vn -0.99969108 -0.01063547 0.02246379
vn -0.99982172 -0.01413573 0.01251826
vn -0.99983137 -0.01430781 0.01151164
vn -0.99939160 -0.02171163 0.02729516
vn -0.99991382 -0.00627705 0.01153036
vn -0.99982137 -0.00192303 -0.01880215
vn -0.99220401 -0.05374059 0.11244181
vn -0.99982267 -0.00214288 -0.01870924
vn -0.99997427 -0.00432437 -0.00572381
vn -0.97718601 -0.02020278 -0.21142219
vn -0.77532896 -0.33208334 -0.53720169
vn -0.81027493 -0.40595175 -0.42267921
vn -0.68446293 -0.49677978 -0.53359193
vn -0.99480129 -0.05698767 -0.08439663
vn -0.89443292 -0.10538874 -0.43460668
vn -0.84191563 -0.07690743 -0.53410048
vn -0.92206360 -0.03759064 -0.38520860
vn -0.92781724 -0.15085280 -0.34117240
vn -0.95345805 -0.05421358 -0.29661191
vn -0.94347893 -0.18844792 -0.27264425
vn -0.96923938 -0.08607151 -0.23057910
vn -0.62197320 -0.75333298 -0.21363233
vn -0.54898493 -0.83482464 -0.04102888
vn -0.77607360 -0.62127690 -0.10828101
vn -0.67565879 -0.71937933 -0.16117873
vn -0.85178221 -0.51894748 -0.07183723
vn -0.96378690 -0.26559247 -0.02398851
vn -0.92030129 -0.38888418 -0.04259844
vn -0.98853584 -0.15055244 -0.01143933
vn -0.99773522 -0.06705794 -0.00525915
vn -0.87498875 -0.45878939 -0.15461881
vn -0.93616622 -0.34309000 -0.07669459
vn -0.99555537 -0.08641375 -0.03744557
vn -0.99472661 -0.09985549 -0.02340624
vn -0.99329870 -0.11522033 -0.00905407
vn -0.97282000 -0.22925990 -0.03257508
vn -0.95137444 -0.23619559 -0.19773293
vn -0.98170902 -0.14524977 -0.12308491
vn -0.98122362 -0.17200001 -0.08727088
vn -0.99578323 -0.07145816 -0.05752819
vn -0.61662203 0.01462417 -0.78712350
vn -0.73114579 -0.00704308 -0.68218489
vn -0.76533110 -0.06480327 -0.64036618
vn -0.81320641 -0.04912587 -0.57989825
vn -0.80969653 -0.00463033 -0.58683055
vn -0.98742277 -0.02394248 -0.15627867
vn -0.99207510 -0.03962980 -0.11923290
vn -0.97796438 -0.11729088 -0.17270934
vn -0.52338264 -0.59000264 -0.61479062
vn -0.46968956 -0.47281183 -0.74554724
vn -0.41165198 -0.33488890 -0.84758012
vn -0.89613659 -0.31487264 -0.31272102
vn -0.86492194 -0.24196684 -0.43972955
vn -0.81491393 -0.17821914 -0.55150088
vn -0.38454305 -0.20415258 -0.90024906
vn -0.64680294 -0.43499594 -0.62643794
vn -0.60461624 -0.37363955 -0.70344346
vn -0.73612145 -0.27844775 -0.61692144
vn -0.53724847 -0.27715417 -0.79658624
vn -0.65142435 -0.20046072 -0.73175257
vn -0.48169195 -0.17484044 -0.85872212
vn -0.58319401 -0.11731311 -0.80381738
vn -0.33415563 0.02542110 -0.94217503
vn -0.41226972 0.01589478 -0.91092318
vn -0.73572952 -0.12613599 -0.66542601
vn -0.68566341 -0.09315506 -0.72193340
vn -0.54047451 -0.69523981 -0.47384481
vn -0.56308850 -0.79928747 -0.20993067
vn -0.79478456 -0.54795410 -0.26089041
vn -0.67867725 -0.63342866 -0.37170597
vn -0.68768858 -0.56607678 -0.45457837
vn -0.81020460 -0.48442759 -0.32999760
vn -0.89388874 -0.39123393 -0.21885825
vn -0.94773880 -0.29069315 -0.13148637
vn -0.97837655 -0.19750127 -0.06142128
vn -0.97220621 -0.00093223 -0.23412438
vn -0.91035172 0.00435127 -0.41381254
vn -0.51408832 -0.00037216 -0.85773718
vn 0.00000009 0.75101703 0.66028283
vn -0.32585402 0.67664224 0.66028361
vn 0.00000024 0.00000000 1.00000000
vn 0.32585413 0.67664223 0.66028356
vn 0.73218723 -0.16711613 0.66028332
vn 0.73218722 0.16711727 0.66028304
vn 0.58716805 0.46825192 0.66028314
vn 0.00000009 -0.75101591 0.66028411
vn 0.32585212 -0.67664382 0.66028292
vn 0.58716894 -0.46825120 0.66028286
vn -0.73218706 -0.16711586 0.66028357
vn -0.58716900 -0.46825098 0.66028296
vn -0.32585201 -0.67664383 0.66028297
vn -0.58716811 0.46825170 0.66028324
vn -0.73218706 0.16711700 0.66028329
vn 0.88300788 -0.46854714 0.02758021
vn -0.02909741 -0.99802324 0.05570417
vn 0.01892368 -0.99812428 0.05822205
vn 0.00581751 -0.99988248 0.01418420
vn 0.07876581 -0.99524824 0.05724418
vn 0.10247144 -0.99108443 0.08515429
vn 0.20152880 -0.97919464 0.02374864
vn 0.16590279 -0.98366112 0.06990757
vn 0.40455075 -0.91365065 0.03976398
vn 0.59380529 -0.80344841 0.04319644
vn 0.76082591 -0.64767307 0.04078646
vn 0.96233204 -0.27168409 -0.01023741
vn 0.24388251 -0.96909632 0.03706261
vn 0.30618039 -0.94868036 0.07911469
vn 0.37375772 -0.92613101 0.05085788
vn 0.38587501 -0.92233757 0.01984673
vn 0.43022239 -0.90235026 0.02593642
vn 0.49949885 -0.86218740 0.08446173
vn 0.54046106 -0.83875422 0.06628117
vn 0.60844744 -0.79329671 0.02172667
vn 0.71248403 -0.70146066 0.01787301
vn 0.67483918 -0.73657057 0.04534170
vn 0.60844358 -0.79329970 0.02172541
vn 0.71482346 -0.69900137 0.02060336
vn 0.77295892 -0.63399406 0.02420818
vn 0.83731831 -0.54459472 0.04811072
vn 0.88315508 -0.46897625 -0.00991883
vn 0.88524344 -0.46481774 -0.01698555
vn 0.91474263 -0.40323837 0.02539183
vn 0.94019537 -0.34059034 0.00555772
vn 0.96187061 -0.27350257 0.00112963
vn 0.95692601 -0.29033187 -0.00012078
vn -0.18325302 -0.98271405 0.02629513
vn -0.12665211 -0.98990801 0.06357180
vn -0.21384263 -0.97565629 0.04864283
vn -0.22412239 -0.97388452 0.03630568
vn -0.90098377 -0.43385235 0.00062387
vn -0.88951252 -0.45565297 0.03388001
vn -0.92955493 -0.36777791 0.02582721
vn -0.96188356 -0.27341774 -0.00477045
vn -0.94035885 -0.33984180 0.01525760
vn -0.96962759 -0.24457050 -0.00275795
vn -0.96907801 -0.24673384 -0.00319870
vn -0.39179587 -0.91910311 0.04177881
vn -0.57610668 -0.81642609 0.03936405
vn -0.77018428 -0.63652090 0.04071008
vn -0.61989437 -0.78391140 0.03484093
vn -0.40031640 -0.91557512 0.03832726
vn -0.32381740 -0.94150571 0.09332352
vn -0.28235944 -0.95489290 0.09193853
vn -0.58652685 -0.80970209 0.01920348
vn -0.58651859 -0.80970811 0.01920212
vn -0.58773750 -0.80889943 0.01569523
vn -0.52242146 -0.85060091 0.05961464
vn -0.45988000 -0.88649488 0.05135382
vn -0.79239198 -0.60999663 -0.00436492
vn -0.78908155 -0.61428370 0.00241689
vn -0.73390231 -0.67837797 0.03450697
vn -0.65708410 -0.75270513 0.04093263
vn -0.87227617 -0.48882135 -0.01370992
vn -0.85631693 -0.51470529 0.04242381
vn -0.83709566 -0.53923477 0.09217762
vn -0.33885340 0.94079699 0.00891023
vn -0.34925443 0.93700267 -0.00687993
vn -0.33884124 0.93932760 -0.05338791
vn -0.08829515 0.32791095 -0.94057343
vn -0.00788727 0.98676431 -0.16196907
vn -0.00423759 0.99790660 -0.06453269
vn -0.15063133 0.98599914 -0.07152557
vn -0.23116585 0.97198970 -0.04240719
vn -0.24879445 0.95154750 -0.18071710
vn -0.45458961 0.89033895 -0.02539355
vn -0.44477094 0.89548281 -0.01701025
vn -0.39304496 0.90949506 -0.13540457
vn -0.33189815 0.91973691 -0.20958919
vn -0.43718197 0.89006670 -0.12904727
vn -0.45165091 0.88879321 -0.07783367
vn -0.46338768 0.88603838 -0.01441722
vn -0.45300129 0.89148094 0.00718092
vn 0.00161518 0.36857719 -0.92959574
vn -0.12737278 0.55073154 -0.82490663
vn 0.00445064 0.57157458 -0.82053805
vn -0.00951255 0.74228989 -0.67001137
vn -0.16467163 0.77804906 -0.60623669
vn -0.17679360 0.96682527 -0.18437168
vn -0.19057588 0.91526714 -0.35491816
vn -0.24433436 0.86960085 -0.42906303
vn -0.20639441 0.67972205 -0.70383186
vn -0.16710087 0.41944728 -0.89226749
vn -0.15520326 0.19669448 -0.96810290
vn -0.32359653 0.53020837 -0.78368640
vn -0.28171051 0.53972631 -0.79330618
vn -0.35957941 0.67704549 -0.64211529
vn -0.32739114 0.80505167 -0.49467853
vn -0.37482299 0.80332263 -0.46279636
vn -0.32728678 0.52676436 -0.78447605
vn -0.34252245 0.34715488 -0.87301882
vn -0.30019559 0.19505805 -0.93372103
vn 0.01035067 0.99971075 -0.02170900
vn -0.11627567 0.99320764 0.00430753
vn -0.12693921 0.99184286 0.01158347
vn -0.23225049 0.97264971 0.00350058
vn -0.00799976 0.74253312 -0.66976157
vn -0.02326138 0.87270943 -0.48768551
vn -0.01142248 0.95120057 -0.30836181
vn 0.00241480 0.95551700 -0.29492615
vn -0.39304418 0.90949579 -0.13540191
vn -0.40480420 0.86572418 -0.29437256
vn -0.38246510 0.79781580 -0.46605836
vn -0.22787940 0.18730605 -0.95550375
vn 0.10593876 0.99435104 -0.00655588
vn 0.30946869 0.81078781 -0.49684229
vn 0.27413205 0.86234658 -0.42568767
vn 0.25217209 0.67013593 -0.69808816
vn 0.41984819 0.89794812 -0.13197222
vn 0.45679147 0.88081371 -0.12453417
vn 0.33303215 0.94127053 -0.05567205
vn 0.45183313 0.88938166 -0.06962095
vn 0.44476024 0.89552179 -0.01513415
vn 0.44476005 0.89552193 -0.01513207
vn 0.45409750 0.89067068 -0.02238758
vn 0.24391696 0.96920839 -0.03375822
vn 0.26211997 0.94874636 -0.17656009
vn 0.31832761 0.92604539 -0.20274978
vn 0.19095048 0.41318053 -0.89040427
vn 0.10898861 0.56511829 -0.81777919
vn 0.15582472 0.20738779 -0.96576858
vn 0.07901580 0.36918369 -0.92599131
vn 0.16190875 0.77908485 -0.60565036
vn 0.19384747 0.90664565 -0.37472234
vn 0.17038309 0.96916034 -0.17803888
vn 0.25462083 0.56733093 -0.78313718
vn 0.32598276 0.49195267 -0.80729042
vn 0.34634588 0.33329187 -0.87690425
vn 0.33955626 0.16765364 -0.92552353
vn 0.25441028 0.20323599 -0.94550015
vn 0.12842389 0.99154360 -0.01867052
vn 0.14266745 0.98733273 -0.06942672
vn 0.23248884 0.97251097 -0.01309050
vn 0.33888479 0.94078617 0.00885866
vn 0.35195042 0.93591190 -0.01413554
vn 0.45841130 0.88873314 -0.00353366
vn 0.32598260 0.49195058 -0.80729176
vn 0.30715098 0.67862771 -0.66717517
vn 0.34814237 0.76429653 -0.54281461
vn 0.37758096 0.77132161 -0.51234324
vn 0.40582685 0.82041238 -0.40277548
vn 0.40862848 0.88575347 -0.22014441
vn 0.39190260 0.91094684 -0.12879518
vn 0.57071589 0.81838272 -0.06732821
vn 0.85804282 0.39510636 -0.32810591
vn 0.87018176 0.44445231 -0.21271072
vn 0.79231225 0.56115297 -0.23947576
vn 0.92423994 0.38172732 0.00804892
vn 0.87755729 0.47928294 0.01345619
vn 0.92189772 0.38643840 -0.02774827
vn 0.99006191 0.07917598 -0.11622640
vn 0.98600254 0.05401906 -0.15773691
vn 0.99188857 0.09866274 -0.08014191
vn 0.99213211 0.11401283 -0.05171993
vn 0.99197254 0.12328005 -0.02815155
vn 0.99134849 0.13101684 -0.00792144
vn 0.99701294 0.07683794 -0.00781820
vn 0.95947861 0.27709382 0.05118403
vn 0.86668323 0.49071572 -0.08976775
vn 0.92683658 0.35509021 -0.12200367
vn 0.92485355 0.37450338 -0.06628073
vn 0.83550854 0.30666595 -0.45594021
vn 0.76713068 0.43363753 -0.47272510
vn 0.66202305 0.59655828 -0.45370001
vn 0.69239519 0.71670039 -0.08324330
vn 0.57568007 0.80092912 -0.16463597
vn 0.75614538 0.65427407 -0.01302286
vn 0.74514409 0.66685129 -0.00834589
vn 0.76119382 0.64702485 -0.04407737
vn 0.66081580 0.74999857 -0.02871605
vn 0.50141109 0.31662602 -0.80519245
vn 0.46042121 0.15783161 -0.87355680
vn 0.61615840 0.23109163 -0.75295782
vn 0.66978654 0.10050182 -0.73572099
vn 0.73796603 0.13168675 -0.66186459
vn 0.51946700 0.60898725 -0.59940684
vn 0.44912207 0.60233252 -0.65991280
vn 0.58065305 0.46338176 -0.66941719
vn 0.69569175 0.31606827 -0.64506886
vn 0.78488801 0.21121519 -0.58252807
vn 0.89761718 0.21399682 -0.38534238
vn 0.91736233 0.27858707 -0.28431603
vn 0.92513413 0.32528105 -0.19575261
vn 0.96669729 0.01074402 -0.25569693
vn 0.97629275 0.02618968 -0.21486404
vn 0.92137988 0.07174846 -0.38198334
vn 0.88513421 0.05763471 -0.46175283
vn 0.98729071 0.15889176 -0.00323490
vn 0.96351356 0.26676950 -0.02180941
vn 0.96700660 0.24999200 -0.04901252
vn 0.96798831 0.23331660 -0.09253105
vn 0.96697832 0.20971265 -0.14482240
vn 0.96149089 0.17516501 -0.21178408
vn 0.94935714 0.12856089 -0.28669342
vn 0.84468344 0.14099319 -0.51636305
vn 0.56286601 0.82639197 -0.01606764
vn 0.77484815 0.63105452 -0.03715547
vn 0.80825928 0.58757395 -0.03838998
vn 0.87949656 0.47574246 0.01244624
vn 0.86185186 0.50635378 -0.02858716
vn 0.55712811 0.75237373 -0.35148547
vn 0.78778477 0.60840309 -0.09612932
vn 0.69262406 0.68710394 -0.21945406
vn 0.99930728 0.03720962 -0.00062886
vn 0.99919769 0.04002492 0.00140521
vn 0.99958303 -0.02700748 -0.01021608
vn 0.99970781 0.02414906 0.00105490
vn 0.98345897 -0.17823216 0.03227631
vn 0.98744440 -0.15746731 0.01255361
vn 0.98984197 -0.14040702 -0.02233247
vn 0.99175754 -0.12690187 -0.01768914
vn 0.99688982 -0.07880281 0.00090038
vn 0.99989436 0.00462793 -0.01377887
vn -0.99720571 0.07418471 0.00879766
vn -0.99771164 0.06757965 -0.00211733
vn -0.99963787 0.02560121 0.00828952
vn -0.99877040 -0.04742429 0.01444413
vn -0.99653899 -0.08247446 0.01039265
vn -0.99562162 -0.09152991 -0.01897038
vn -0.99153308 -0.12790789 -0.02239930
vn -0.99980274 0.01046480 -0.01688087
vn -0.99562105 -0.09153585 -0.01897137
vn -0.98806878 -0.15400794 -0.00127828
vn -0.97855065 -0.20600624 -0.00024489
vn -0.56380362 0.82590810 0.00113620
vn -0.78456592 0.61801837 -0.05009600
vn -0.85741009 0.51375934 -0.02998782
vn -0.86881042 0.48655754 -0.09181617
vn -0.98964347 0.08082189 -0.11863231
vn -0.98572891 0.05282504 -0.15983749
vn -0.99202920 0.11489280 -0.05174652
vn -0.99166028 0.10045223 -0.08074183
vn -0.99189772 0.12399079 -0.02766225
vn -0.99079501 0.13481971 -0.01220191
vn -0.99696948 0.07733557 -0.00843023
vn -0.96687242 0.25066401 -0.04822118
vn -0.96636082 0.25594700 -0.02525675
vn -0.92508412 0.37404730 -0.06563526
vn -0.91998081 0.39150969 -0.01885395
vn -0.87931540 0.47610975 0.01113223
vn -0.92221766 0.38666796 0.00157403
vn -0.96241484 0.26652366 0.05218059
vn -0.98634289 0.16465500 0.00405480
vn -0.53474688 0.76788976 -0.35269120
vn -0.57514739 0.79838741 -0.17827793
vn -0.96676490 0.21106576 -0.14428055
vn -0.91724189 0.27986746 -0.28344580
vn -0.92562886 0.32594854 -0.19227264
vn -0.86282492 0.38988798 -0.32174604
vn -0.87301112 0.44244513 -0.20516794
vn -0.79804482 0.55427504 -0.23643949
vn -0.78975930 0.60493190 -0.10167422
vn -0.69209239 0.71552804 -0.09501444
vn -0.75866849 0.65013576 -0.04178063
vn -0.96779037 0.23441338 -0.09182687
vn -0.92774759 0.35316752 -0.12065282
vn -0.66775033 0.74412252 -0.01977805
vn -0.73757880 0.67495787 -0.02023342
vn -0.76647270 0.64227688 0.00001145
vn -0.80024390 0.59940569 -0.01795885
vn -0.87758414 0.47930254 0.01073102
vn -0.57475638 0.81383373 -0.08561407
vn -0.77403840 0.44994984 -0.44543203
vn -0.82770565 0.30611055 -0.47031870
vn -0.69274272 0.31556004 -0.64848237
vn -0.77176914 0.22210698 -0.59585307
vn -0.60965512 0.21474363 -0.76302412
vn -0.73870451 0.13290133 -0.66079716
vn -0.68215529 0.09295713 -0.72527452
vn -0.46747989 0.16375026 -0.86870501
vn -0.52830040 0.31245018 -0.78947677
vn -0.47296121 0.63563831 -0.61014066
vn -0.42729798 0.61432105 -0.66334462
vn -0.68344998 0.59585879 -0.42172080
vn -0.62975117 0.44504440 -0.63667021
vn -0.96865891 0.01229297 -0.24809030
vn -0.97801543 0.02717642 -0.20675411
vn -0.87937795 0.05755560 -0.47263282
vn -0.84861653 0.15354264 -0.50623575
vn -0.92206921 0.07434660 -0.37981701
vn -0.89356972 0.20203691 -0.40089180
vn -0.94702339 0.12117868 -0.29742633
vn -0.96123537 0.17646690 -0.21186316
vn -0.69573898 0.68085990 -0.22886037
vn 0.00000020 0.64899915 0.76078913
vn 0.28159109 0.58472892 0.76078811
vn 0.50740805 0.40464526 0.76078859
vn 0.63272789 0.14441629 0.76078864
vn 0.63272853 -0.14441545 0.76078826
vn 0.50740831 -0.40464423 0.76078897
vn 0.28158872 -0.58472897 0.76078895
vn 0.00000020 -0.64900112 0.76078746
vn -0.28158841 -0.58472900 0.76078904
vn -0.50740817 -0.40464405 0.76078915
vn -0.63272849 -0.14441528 0.76078833
vn -0.63272785 0.14441612 0.76078870
vn -0.50740791 0.40464507 0.76078878
vn -0.28159078 0.58472895 0.76078820
vn 0.52295388 -0.28344129 0.80385339
vn 0.33480591 -0.23457660 0.91262195
vn 0.32530656 -0.09772819 0.94054497
vn 0.16189792 -0.16356284 0.97315788
vn 0.75827547 -0.07112051 0.64804335
vn 0.86418610 -0.06315745 0.49919287
vn 0.87975784 -0.12674211 0.45821675
vn 0.34351265 -0.82538789 0.44803336
vn 0.34383752 -0.65738797 0.67053473
vn 0.51549229 -0.71490410 0.47241911
vn 0.16092927 -0.60669355 0.77847589
vn 0.69820821 -0.43091708 0.57167802
vn 0.70029992 -0.56489263 0.43643596
vn 0.55344172 -0.52349423 0.64780865
vn 0.81867448 -0.50864627 0.26655406
vn 0.93309847 -0.35861586 0.02686857
vn 0.87298811 -0.48080750 0.08195064
vn 0.88279162 -0.45706288 0.10850104
vn 0.79195573 -0.58493147 0.17510365
vn -0.69796361 -0.43195112 0.57119614
vn -0.69639565 -0.55544278 0.45444077
vn -0.81433077 -0.50910672 0.27870369
vn -0.92609411 -0.37691514 0.01687248
vn 0.70733467 -0.04456429 0.70547267
vn 0.70898459 -0.04828521 0.70356904
vn 0.92019934 -0.01968943 0.39095460
vn 0.94884513 -0.01461658 0.31540336
vn 0.93608750 -0.05110525 0.34803511
vn 0.96182741 -0.27363555 0.00340823
vn 0.95946525 -0.28179047 0.00453416
vn 0.92760136 -0.37307754 0.01920584
vn 0.49881277 -0.84162926 0.20699278
vn -0.17489408 -0.94853926 0.26397980
vn -0.00172541 -0.96158920 0.27448722
vn 0.17061877 -0.94968387 0.26265906
vn 0.34061467 -0.91385073 0.22103956
vn 0.64773476 -0.74818336 0.14374051
vn 0.76399727 -0.63876692 0.09102191
vn 0.86248699 -0.50405524 0.04521620
vn 0.96315880 -0.26893229 -0.00074436
vn 0.93660062 -0.34927318 0.02806291
vn 0.96544698 -0.26049340 -0.00743725
vn 0.96297357 -0.26910466 -0.01626590
vn 0.96377173 -0.26613165 -0.01783244
vn 0.94295939 -0.33063242 0.03885598
vn 0.96678162 -0.25473659 -0.02103746
vn 0.96490722 -0.26160210 -0.02276833
vn 0.97146000 -0.23715394 -0.00484498
vn 0.97013445 -0.24246897 -0.00692368
vn 0.95367165 -0.28675155 0.09101611
vn 0.96911498 -0.24580558 -0.01989416
vn 0.96605563 -0.25729901 -0.02310276
vn 0.98405898 -0.16803260 -0.05824917
vn 0.97703504 -0.21243373 0.01656624
vn 0.98092148 -0.18811874 0.04903457
vn 0.96069505 -0.19646525 0.19612860
vn 0.98330066 -0.16120395 0.08445764
vn 0.98597152 -0.10098697 0.13289765
vn 0.98543840 -0.13309323 0.10581754
vn 0.98313356 -0.16196467 0.08494616
vn 0.98002364 -0.03862531 0.19509420
vn 0.98142678 -0.05455451 0.18391648
vn 0.94745587 -0.10478573 0.30223719
vn 0.98535053 -0.07147843 0.15483915
vn 0.98615316 -0.08429445 0.14281592
vn 0.97839168 -0.02855539 0.20477868
vn 0.97559057 -0.02010891 0.21867481
vn 0.96504381 -0.01143964 0.26183884
vn 0.85239823 -0.03303624 0.52184850
vn 0.80855964 -0.03248082 0.58751707
vn 0.76001800 -0.04820343 0.64811193
vn 0.58881372 -0.03065778 0.80768713
vn 0.60010104 -0.06388655 0.79736896
vn 0.62954072 -0.07158081 0.77366315
vn 0.64935669 -0.06050649 0.75807312
vn 0.40121821 -0.04347102 0.91495039
vn 0.46103861 -0.05337143 0.88577361
vn 0.48096092 -0.05983903 0.87469760
vn 0.53355941 -0.03354091 0.84509725
vn 0.25299965 -0.03537611 0.96681938
vn 0.31291432 -0.04287872 0.94881296
vn 0.32140033 -0.04448322 0.94589802
vn 0.32424574 -0.02976888 0.94550437
vn 0.18498619 -0.01121543 0.98267712
vn 0.16293877 -0.04324271 0.98568810
vn 0.17644855 -0.01968047 0.98411310
vn -0.24759838 -0.02180896 0.96861727
vn -0.16919456 -0.02455863 0.98527665
vn -0.16206625 -0.02333982 0.98650382
vn -0.00005933 -0.01724653 0.99985127
vn -0.00827335 -0.06711265 0.99771110
vn -0.03763103 -0.02706411 0.99892514
vn 0.04170496 -0.03013008 0.99867556
vn 0.08799527 -0.01600807 0.99599226
vn -0.39440477 -0.02334518 0.91864023
vn -0.39348582 -0.02494697 0.91899214
vn -0.32465676 -0.04018337 0.94497793
vn -0.31703396 -0.02746155 0.94801652
vn -0.53179818 -0.02514726 0.84649767
vn -0.52876941 -0.03155423 0.84817878
vn -0.48089781 -0.05840022 0.87482953
vn -0.45763295 -0.02902289 0.88866740
vn -0.65148318 -0.04501877 0.75732621
vn -0.59013013 -0.03188146 0.80667838
vn -0.62769830 -0.06771296 0.77550615
vn -0.70546240 -0.03535537 0.70786496
vn -0.75780569 -0.06735393 0.64899460
vn -0.75964387 -0.03279153 0.64951205
vn -0.75964370 -0.03279151 0.64951225
vn -0.80678322 -0.02739433 0.59021215
vn -0.86333969 -0.05935596 0.50112019
vn -0.85001091 -0.02119326 0.52633857
vn -0.85001082 -0.02119324 0.52633872
vn -0.94394209 -0.01398657 0.32981466
vn -0.92040231 -0.01230390 0.39077897
vn -0.93792524 -0.04644406 0.34371382
vn -0.92040244 -0.01230388 0.39077866
vn -0.88863891 -0.01899115 0.45821417
vn -0.97278015 -0.00960239 0.23153092
vn -0.97598303 -0.02999074 0.21577228
vn -0.97688166 -0.04551124 0.20888021
vn -0.97707383 -0.04449754 0.20819869
vn -0.98154338 -0.06761351 0.17888827
vn -0.95022804 -0.10370856 0.29378770
vn -0.98189311 -0.08618730 0.16869403
vn -0.97848560 -0.20154779 0.04409566
vn -0.98019636 -0.18455727 0.07178936
vn -0.96103335 -0.19916272 0.19170056
vn -0.98360153 -0.15953885 0.08411533
vn -0.98549000 -0.13100944 0.10791659
vn -0.98681548 -0.10485227 0.12329315
vn -0.98657317 -0.09038872 0.13602670
vn -0.98236069 -0.08400452 0.16706498
vn -0.95351230 -0.28747468 0.09040243
vn -0.97455149 -0.22416357 -0.00029050
vn -0.97501558 -0.22169882 0.01393772
vn -0.96593654 -0.25787275 -0.02163882
vn -0.96665061 -0.25487088 -0.02504841
vn -0.98208021 -0.18064589 -0.05371702
vn -0.96892179 -0.24698177 -0.01380457
vn -0.96778607 -0.25099606 -0.01977640
vn -0.96435683 -0.26449556 -0.00761560
vn -0.96467910 -0.26330193 -0.00814418
vn -0.94300037 -0.33023050 0.04120821
vn -0.96526979 -0.26070192 -0.01699253
vn -0.96318518 -0.26877640 0.00579200
vn -0.96390694 -0.26622003 0.00320912
vn -0.93681749 -0.34847867 0.03058778
vn -0.96416022 -0.26531304 -0.00201390
vn -0.95945620 -0.28182170 0.00450938
vn -0.96801390 -0.25086049 0.00425580
vn -0.85965887 -0.50930361 0.03995570
vn -0.76510057 -0.63858850 0.08261866
vn -0.64425970 -0.75281165 0.13492243
vn -0.50136602 -0.84177641 0.20011142
vn -0.33725153 -0.91615017 0.21663396
vn -0.32385808 -0.09727315 0.94109185
vn -0.48654721 -0.12247644 0.86502678
vn -0.51441020 -0.27934567 0.81077010
vn -0.33476974 -0.22523015 0.91498667
vn -0.16373960 -0.17206550 0.97138191
vn -0.00655197 -0.14900227 0.98881515
vn -0.16169121 -0.07293100 0.98414279
vn -0.90251758 -0.24016029 0.35747034
vn -0.87876326 -0.12454808 0.46071998
vn -0.34502195 -0.82113824 0.45463376
vn -0.16753485 -0.82108893 0.54566018
vn 0.00162465 -0.81714900 0.57642421
vn -0.89567965 -0.42224281 0.13953126
vn -0.90653196 -0.35744784 0.22456813
vn -0.82489983 -0.41353081 0.38539920
vn -0.80757271 -0.26947644 0.52460344
vn -0.67480407 -0.27483207 0.68491371
vn -0.77403080 -0.13720791 0.61810218
vn -0.64041694 -0.13713733 0.75568479
vn -0.88296491 -0.45563403 0.11300710
vn -0.93274912 -0.35900100 0.03312652
vn -0.87303867 -0.47896467 0.09163145
vn -0.78736334 -0.58779081 0.18590574
vn -0.67225893 -0.67277951 0.30892663
vn -0.52413307 -0.71430472 0.46373839
vn -0.54346052 -0.51257442 0.66476923
vn -0.35167709 -0.44021835 0.82615436
vn -0.16997885 -0.35704818 0.91848995
vn -0.00612428 -0.32229702 0.94661878
vn 0.15953482 -0.36048624 0.91902030
vn 0.34650927 -0.44625601 0.82509812
vn 0.96231754 -0.27192742 0.00064811
vn 0.67211789 -0.67276185 0.30927177
vn -0.00306920 -0.58176439 0.81335157
vn 0.17059732 -0.82207563 0.54322023
vn -0.16841805 -0.61207970 0.77265374
vn -0.35223997 -0.66411009 0.65945795
vn 0.77583389 -0.14056671 0.61507948
vn 0.90350978 -0.24156179 0.35400280
vn 0.48798583 -0.12740496 0.86350322
vn 0.64263109 -0.14155019 0.75298660
vn 0.67510840 -0.27439130 0.68479052
vn 0.80856861 -0.27014013 0.52272470
vn 0.82509022 -0.41270204 0.38587971
vn 0.90671879 -0.35684812 0.22476758
vn 0.89559145 -0.42296653 0.13789587
vn -0.38608502 0.92246222 -0.00134515
vn -0.43457365 0.90062532 -0.00444729
vn -0.42390771 0.90570503 -0.00081269
vn -0.24608097 0.96887960 -0.02676698
vn -0.24608766 0.96887784 -0.02676923
vn -0.25804748 0.96613220 -0.00026357
vn -0.32564086 0.94525963 0.02103008
vn -0.01933123 0.99980720 -0.00344340
vn -0.06019145 0.99816486 -0.00662549
vn -0.09342368 0.99554150 0.01300517
vn -0.11481970 0.99337159 -0.00541439
vn -0.15383194 0.98680490 0.05051550
vn 0.01038016 0.99993870 0.00385289
vn 0.02139029 0.99972332 -0.00978483
vn 0.16564536 0.98341199 0.07390850
vn 0.07202929 0.99710377 -0.02441005
vn 0.07750181 0.99671032 0.02370661
vn 0.19517595 0.98069246 0.01219182
vn 0.25255239 0.96757114 0.00483444
vn 0.21474613 0.97649331 -0.01857206
vn 0.47516982 0.87987806 -0.00531380
vn 0.38727089 0.92181553 0.01665481
vn 0.45433278 0.89075568 0.01166399
vn 0.35311377 0.93522338 0.02584343
vn 0.29651312 0.95498387 0.00926172
vn 0.68032573 0.73289194 0.00512969
vn 0.62644301 0.77946722 0.00007108
vn 0.63074647 0.77551749 0.02704649
vn 0.51912473 0.85438568 0.02312179
vn 0.57352320 0.81868514 0.02873653
vn 0.73359116 0.67932540 0.01900025
vn 0.73025433 0.68264331 0.02695781
vn 0.85896021 0.51202483 -0.00423483
vn 0.83858527 0.54476466 0.00249215
vn 0.88648530 0.46245365 -0.01674602
vn 0.90475271 0.42593720 0.00021230
vn 0.91877747 0.39476093 -0.00343191
vn 0.81721721 0.57619478 -0.01247458
vn 0.81126368 0.58468017 -0.00057898
vn 0.77637016 0.62972098 0.02647380
vn 0.95773113 0.28502729 0.03886553
vn 0.94227067 0.33468188 -0.01067839
vn 0.94069776 0.33923755 -0.00236978
vn 0.99541805 0.09560350 0.00169401
vn 0.98853922 0.15093401 -0.00302361
vn 0.98713820 0.15985065 -0.00243591
vn 0.97713524 0.21255462 -0.00522056
vn 0.96412976 0.26543061 -0.00063676
vn 0.97768442 -0.20360552 -0.05174916
vn 0.98043200 0.00214478 0.19684637
vn 0.98016222 0.00416649 0.19815315
vn 0.99292663 -0.02380756 0.11631817
vn 0.99722499 -0.00108984 0.07443882
vn 0.99989578 0.00743554 0.01237530
vn 0.99940861 -0.02424543 -0.02438427
vn 0.99869608 0.00412419 -0.05088354
vn 0.99549029 0.00712586 -0.09459553
vn 0.97992019 -0.19936809 -0.00296313
vn 0.97916505 -0.20254223 -0.01457548
vn 0.99094086 -0.13415988 -0.00610984
vn 0.99956501 0.02923550 -0.00388382
vn 0.99818236 -0.05999200 -0.00573939
vn 0.99971759 0.01605713 -0.01751897
vn 0.99745434 -0.03283991 -0.06329601
vn 0.99818539 -0.03067765 -0.05181520
vn 0.99152883 -0.11638023 -0.05767342
vn 0.99919676 -0.00615143 -0.03959784
vn 0.99547157 -0.08957889 -0.03181142
vn 0.99964664 0.00451229 -0.02619591
vn 0.99961444 0.00937878 -0.02613436
vn 0.99416171 -0.03717277 -0.10129504
vn 0.99416183 -0.03717209 -0.10129408
vn 0.99814312 -0.04740195 -0.03825389
vn 0.99345825 -0.04625801 -0.10440735
vn 0.99611779 -0.07445777 -0.04696149
vn 0.99974998 -0.00940957 -0.02028385
vn 0.99770824 -0.02155147 -0.06413889
vn 0.99644352 -0.02120094 -0.08155266
vn 0.99250793 -0.11797195 0.03179037
vn 0.98860530 -0.15051341 -0.00229519
vn 0.97869009 -0.19846498 -0.05270065
vn 0.98333674 -0.17860923 -0.03387626
vn 0.97862844 -0.20281769 -0.03393159
vn 0.98620903 -0.11337386 -0.12057408
vn 0.98524235 -0.14947358 -0.08339766
vn 0.98782813 -0.10216291 -0.11729592
vn 0.98895870 -0.13099052 -0.06929771
vn 0.99324759 -0.06613970 -0.09531409
vn 0.99537788 -0.04887241 -0.08267019
vn 0.99656013 -0.03773426 -0.07378374
vn 0.99302775 -0.07362827 -0.09205848
vn 0.98594724 -0.14532991 -0.08238480
vn 0.99050528 -0.08534535 -0.10777508
vn 0.98629749 -0.11210697 -0.12103423
vn 0.98653725 -0.10705107 -0.12362976
vn 0.98380491 -0.15470805 -0.09051700
vn 0.98748746 -0.10292631 -0.11947677
vn 0.98737160 -0.09989314 -0.12295809
vn 0.98893875 -0.14628348 -0.02452125
vn 0.98597240 -0.15940726 -0.04947487
vn 0.98251018 -0.17236472 -0.07045679
vn 0.98181512 -0.17418680 -0.07548531
vn 0.98500120 -0.16096401 -0.06215482
vn 0.98975832 -0.13752462 -0.03828110
vn 0.99263059 -0.10737596 -0.05616872
vn 0.99385668 -0.10996814 -0.01248592
vn 0.99693145 -0.07774905 0.00909746
vn 0.99836379 -0.04925161 0.02905188
vn 0.99869825 -0.02354241 0.04524998
vn 0.99150265 -0.00520926 0.12998213
vn 0.99490334 -0.05077547 0.08711595
vn 0.99486284 -0.07967670 0.06244645
vn 0.99191193 -0.07353643 -0.10345583
vn 0.99328028 -0.06311994 -0.09700593
vn 0.99370996 -0.05839102 -0.09555624
vn 0.99064455 -0.08140836 -0.10952651
vn 0.98930496 -0.09417225 -0.11138796
vn 0.98936540 -0.09590718 -0.10935231
vn -0.99134330 -0.13118766 -0.00531506
vn -0.99987508 -0.01322074 -0.00866244
vn -0.99880688 -0.01100347 -0.04757876
vn -0.99933097 -0.02061793 -0.03020785
vn -0.99977498 0.00075484 0.02119936
vn -0.99817397 -0.00478714 0.06021472
vn -0.99871972 -0.02182433 0.04563564
vn -0.97956682 -0.20110322 -0.00251911
vn -0.97984531 -0.19941059 -0.01177221
vn -0.97911031 -0.20091806 -0.03122391
vn -0.97803149 -0.20225593 -0.05046717
vn -0.98411010 -0.17576683 -0.02516596
vn -0.97853233 -0.19894297 -0.05381615
vn -0.99141298 -0.12733417 0.02977102
vn -0.99424336 -0.08216643 0.06876640
vn -0.99434972 -0.05325494 0.09182885
vn -0.99265003 -0.02540817 0.11832305
vn -0.98530354 0.00004493 0.17081254
vn -0.98526984 0.00033735 0.17100654
vn -0.99401674 -0.00573716 0.10907707
vn -0.98731737 0.00319882 -0.15872672
vn -0.99871558 0.00026522 -0.05066673
vn -0.99988937 0.00128680 -0.01481894
vn -0.99473301 -0.03082441 -0.09775527
vn -0.99784099 -0.04970669 -0.04292564
vn -0.99357801 -0.04228613 -0.10495058
vn -0.99574066 -0.07574178 -0.05257110
vn -0.99319771 -0.05273490 -0.10381395
vn -0.99357805 -0.04228565 -0.10495042
vn -0.98833472 -0.09763635 -0.11688291
vn -0.98831139 -0.09760868 -0.11710311
vn -0.99158501 -0.11118442 -0.06631129
vn -0.98973388 -0.08673516 -0.11359516
vn -0.99133708 -0.07802937 -0.10565138
vn -0.99250488 -0.06644879 -0.10256034
vn -0.99343436 -0.06118547 -0.09666705
vn -0.98736878 -0.10208937 -0.12116373
vn -0.98627577 -0.14361782 -0.08144952
vn -0.98598304 -0.11350959 -0.12228251
vn -0.98437070 -0.15181100 -0.08926221
vn -0.98589639 -0.11135356 -0.12493473
vn -0.98609662 -0.11235625 -0.12243172
vn -0.99177684 -0.07369188 -0.10463367
vn -0.98949683 -0.08640512 -0.11588866
vn -0.98663163 -0.14149511 -0.08085274
vn -0.98859805 -0.09536671 -0.11652930
vn -0.98755368 -0.10121228 -0.12039019
vn -0.99805526 -0.03024669 -0.05450530
vn -0.99805530 -0.03024696 -0.05450443
vn -0.99178961 -0.11375286 -0.05842654
vn -0.99617052 -0.03973690 -0.07787991
vn -0.99471629 -0.06315349 -0.08093905
vn -0.99910472 -0.00818908 -0.04150543
vn -0.99563226 -0.08848889 -0.02976761
vn -0.99962299 0.00615233 -0.02675874
vn -0.99972899 0.01327392 -0.01912445
vn -0.99810741 -0.06120240 -0.00598832
vn -0.99954349 0.02977849 -0.00510352
vn -0.99931638 0.03685853 -0.00286589
vn -0.98945571 -0.14313513 -0.02212972
vn -0.98662879 -0.15576311 -0.04797369
vn -0.98315939 -0.16903453 -0.06946184
vn -0.98205573 -0.17280047 -0.07554161
vn -0.98629948 -0.15579617 -0.05423000
vn -0.99300182 -0.11675770 -0.01774910
vn -0.99682337 -0.07908370 0.00943102
vn -0.99834282 -0.05056007 0.02748253
vn -0.73319731 0.67908421 0.03558574
vn -0.78634556 0.61755589 0.01689345
vn -0.84739282 0.53094307 0.00498602
vn -0.89114767 0.45367509 0.00589462
vn -0.92512903 0.37892063 -0.02356782
vn -0.90940684 0.41583555 -0.00774530
vn -0.94372937 0.33060496 0.00867371
vn -0.96807735 0.25014810 -0.01587986
vn -0.96036025 0.27707246 0.03064385
vn -0.98780602 0.15549686 -0.00774573
vn -0.99368874 0.11107012 -0.01568827
vn -0.99315553 0.11572935 -0.01577343
vn -0.98005824 0.19854134 0.00819699
vn -0.92205266 0.38657651 0.01942933
vn -0.86662905 0.49887047 -0.00907400
vn -0.86244222 0.50585128 -0.01754705
vn -0.81851458 0.57438945 0.01051822
vn -0.69924890 0.71449227 0.02348962
vn -0.68884383 0.72490118 -0.00352988
vn -0.62851818 0.77778179 0.00451411
vn -0.57021904 0.82130944 0.01735052
vn -0.57141321 0.82044432 0.01892218
vn -0.53050787 0.84762027 0.01006325
vn -0.66583536 0.67623079 0.31523830
vn -0.72324565 0.67415827 0.14975432
vn -0.58437598 0.80538979 0.09925723
vn 0.26564305 -0.53149433 0.80433049
vn 0.24998753 -0.54950060 0.79721724
vn 0.33980462 -0.52140039 0.78273524
vn -0.48060439 0.51929722 0.70664688
vn -0.41127330 0.55873465 0.72018738
vn -0.27359986 0.66644021 0.69354204
vn -0.22451011 0.67430347 0.70349843
vn -0.31503560 0.94779804 0.04930976
vn 0.22359347 0.97448661 0.01954006
vn 0.22090696 0.97512268 0.01832676
vn 0.11266017 0.99194220 0.05795128
vn 0.32576894 0.94043383 0.09725643
vn 0.34298861 0.93432924 0.09689009
vn 0.20628620 0.96048832 0.18683732
vn 0.38684333 0.91218440 0.13517342
vn 0.41450674 0.89745880 0.15083723
vn 0.29035027 0.92179873 0.25687315
vn 0.44373085 0.88482528 0.14208155
vn 0.49531595 0.85143390 0.17240193
vn 0.40910180 0.84902734 0.33434756
vn 0.98521598 -0.04907513 0.16413746
vn 0.98995231 -0.06290268 0.12663991
vn 0.92236073 -0.25163947 0.29313522
vn 0.91806310 -0.05434567 0.39269159
vn 0.81774554 -0.09707088 0.56733542
vn 0.35715208 -0.07788605 0.93079329
vn -0.01933153 -0.06905944 0.99742523
vn 0.16585923 -0.08248476 0.98269374
vn 0.53784665 -0.07408203 0.83978142
vn 0.68639555 -0.13326559 0.71491358
vn 0.98047659 -0.01777371 0.19583091
vn 0.99975176 0.01756348 0.01370902
vn 0.99963615 0.01557732 0.02202063
vn 0.97441874 -0.07175642 0.21297683
vn 0.99960633 -0.00224633 0.02796684
vn 0.99732239 -0.05992911 0.04191115
vn 0.99732235 -0.05993001 0.04191092
vn 0.96199591 -0.14481979 0.23149750
vn 0.99819541 -0.04551026 0.03917569
vn 0.99950877 -0.02643344 0.01683693
vn 0.99534690 -0.07232240 0.06367115
vn 0.94765608 -0.20179111 0.24744355
vn 0.99439786 -0.07846811 0.07082130
vn 0.99338986 -0.08651506 0.07544350
vn 0.93530062 -0.23389299 0.26553121
vn 0.99207443 -0.08487519 0.09265268
vn 0.98873523 -0.08496888 0.12321904
vn 0.98953077 -0.09552945 0.10818032
vn 0.99231262 -0.07749045 0.09649294
vn 0.97821781 -0.02806650 0.20567498
vn 0.91067089 -0.18561900 0.36908552
vn 0.96243071 0.07253456 0.26165981
vn 0.96243066 0.07253509 0.26165988
vn 0.90106266 -0.07315077 0.42747519
vn 0.97401070 0.03008996 0.22449444
vn 0.97821765 -0.02806747 0.20567560
vn 0.95139626 0.14389639 0.27228475
vn 0.87870793 0.06817144 0.47246696
vn 0.93169401 0.21656110 0.29162917
vn 0.90329120 0.31288255 0.29354645
vn 0.83006092 0.26009245 0.49330598
vn 0.86868988 0.38765685 0.30838297
vn 0.77769031 0.55605178 0.29326472
vn 0.77767520 0.55607604 0.29325879
vn 0.72561089 0.49732242 0.47556204
vn 0.82805103 0.47969843 0.29020838
vn 0.86854651 0.39016652 0.30560931
vn 0.72696542 0.63406475 0.26359661
vn 0.57049670 0.70903846 0.41448519
vn 0.66443950 0.70207682 0.25614117
vn 0.53549772 0.81898852 0.20615529
vn 0.61037116 0.76107285 0.21957953
vn 0.66444806 0.70206763 0.25614413
vn 0.30766436 0.94727664 0.08949637
vn 0.23143822 0.97233436 0.03165813
vn 0.24564833 0.96882575 0.03214899
vn 0.15056605 0.98107715 0.12172708
vn 0.25570042 0.96553479 0.04857837
vn 0.27079796 0.96102507 0.05567109
vn 0.23355849 0.97230181 0.00892289
vn 0.10978455 0.99394976 0.00334936
vn 0.23907110 0.97098301 0.00608331
vn 0.23218213 0.97265918 0.00505823
vn 0.10039279 0.70177375 0.70529064
vn 0.12977624 0.70946111 0.69269261
vn 0.28820107 0.95756987 -0.00028194
vn 0.20565872 0.68844764 0.69551732
vn -0.03232568 0.99943740 -0.00894088
vn -0.00272023 0.71070826 0.70348161
vn 0.04532973 0.72497740 0.68727941
vn -0.19915003 0.70347128 0.68225173
vn -0.13986160 0.69782323 0.70248237
vn -0.14604622 0.98924567 -0.00796965
vn -0.09934613 0.72549216 0.68102237
vn -0.04890684 0.72849515 0.68330296
vn -0.41710760 0.59459854 0.68736732
vn -0.34794981 0.60400303 0.71701553
vn -0.45848581 0.88688107 0.05685705
vn -0.31886202 0.64157629 0.69764380
vn -0.86703693 0.44694795 0.22019192
vn -0.87514603 0.47492528 0.09254944
vn -0.87514540 0.47492586 0.09255246
vn -0.85993957 0.50512803 0.07314107
vn -0.47832836 0.48263445 0.73366611
vn -0.53231245 0.43997656 0.72323169
vn -0.58496106 0.36246156 0.72556336
vn 0.34351394 -0.66382461 0.66433053
vn 0.42852673 -0.62264050 0.65473938
vn 0.33584481 -0.63788286 0.69304670
vn 0.38282055 -0.56953798 0.72737537
vn 0.30546582 -0.60886380 0.73210348
vn 0.29156869 -0.57957072 0.76097667
vn 0.35174103 -0.65395840 0.66978852
vn 0.40839678 -0.62539481 0.66490105
vn 0.47944124 -0.61492344 0.62610324
vn 0.27928726 -0.52307828 0.80522527
vn 0.22329839 -0.46217137 0.85821644
vn 0.28557856 -0.42455963 0.85918217
vn 0.19028841 -0.38661833 0.90239492
vn 0.18203520 -0.17143662 0.96823172
vn -0.01826223 -0.07898333 0.99670865
vn -0.09887998 -0.11193843 0.98878336
vn 0.08423054 -0.21740709 0.97243991
vn 0.09669751 -0.22046241 0.97059050
vn 0.23062635 -0.30649343 0.92351138
vn 0.09993477 -0.21692049 0.97106053
vn 0.06815683 -0.33657041 0.93918848
vn 0.17534883 -0.37031147 0.91220733
vn 0.79727791 -0.21546601 0.56384602
vn 0.66727834 -0.26961577 0.69429602
vn 0.76925391 -0.32855144 0.54799851
vn 0.64747317 -0.38668439 0.65669908
vn 0.74328677 -0.41085374 0.52794316
vn 0.63332420 -0.46657421 0.61742122
vn 0.72471898 -0.46634889 0.50724856
vn 0.62682955 -0.52016387 0.58009850
vn 0.71173975 -0.50168811 0.49166612
vn 0.62443701 -0.55758082 0.54697537
vn 0.61943660 -0.55499319 0.55523046
vn -0.16869829 0.98388115 0.05931931
vn -0.02366674 0.99747389 0.06697554
vn 0.01037039 0.98565385 0.16846051
vn -0.13926635 0.97186402 0.18996107
vn -0.07086949 0.94038218 0.33265429
vn -0.21175781 0.89972513 0.38164554
vn -0.09468959 0.81041228 0.57815727
vn -0.20076132 0.70898019 0.67604880
vn -0.05221047 0.54100755 0.83939555
vn 0.17164019 0.90735585 0.38372517
vn 0.32064808 0.79678482 0.51217064
vn 0.22829444 0.68866344 0.68820369
vn 0.42649049 0.42932927 0.79610441
vn 0.35556370 0.23035679 0.90582018
vn 0.48968394 -0.06885669 0.86917685
vn 0.27712631 0.17454714 0.94484618
vn 0.90373427 -0.14657500 0.40221901
vn 0.87936443 -0.24581261 0.40779205
vn 0.85271638 -0.32343086 0.41020392
vn 0.83027355 -0.37703595 0.41047499
vn 0.81241204 -0.40879009 0.41578521
vn 0.69911376 -0.48273841 0.52745008
vn 0.68901964 -0.41829957 0.59184239
vn 0.60972463 -0.50437502 0.61142597
vn 0.68172249 -0.30199275 0.66637439
vn 0.59690991 -0.41598698 0.68604183
vn 0.65314452 -0.13244499 0.74556056
vn 0.56282769 -0.27896772 0.77807583
vn 0.57578004 0.12395086 0.80815439
vn 0.79913097 -0.36559917 0.47720743
vn 0.78884684 -0.28406888 0.54500050
vn 0.78183857 -0.14179790 0.60714232
vn 0.74830440 0.05591772 0.66099450
vn 0.65765955 0.32736511 0.67846592
vn 0.49964646 0.60079794 0.62401542
vn -0.41770279 0.41919820 0.80610002
vn -0.27408745 0.27787851 0.92068431
vn -0.41215385 0.29870126 0.86075941
vn -0.55810190 0.38837473 0.73327167
vn -0.58604359 0.37519762 0.71817801
vn -0.54853200 0.61301866 0.56861302
vn -0.71706173 0.43975585 0.54077468
vn -0.80229125 0.49253577 0.33724956
vn -0.81647073 0.48025373 0.32051817
vn -0.83975538 0.42304997 0.34035221
vn -0.53916973 0.80691980 0.24119793
vn -0.40656725 0.53572520 0.74006863
vn -0.45939808 0.76185079 0.45665828
vn -0.41947554 0.88510050 0.20158715
vn -0.11336478 -0.11850085 0.98646134
vn -0.21228699 0.13956499 0.96718966
vn -0.22537172 0.13698874 0.96459405
vn -0.28651490 0.93824699 0.19391185
vn -0.34165677 0.83583299 0.42971371
vn -0.36103608 0.68012263 0.63803304
vn -0.25613829 0.41114465 0.87484470
vn 0.04419797 -0.14962160 0.98775499
vn 0.14669580 -0.14294878 0.97879824
vn 0.25118352 -0.19968309 0.94711853
vn 0.28846628 -0.28505689 0.91407318
vn 0.41682132 -0.43213424 0.79969993
vn 0.37965471 -0.39481550 0.83664988
vn 0.49311851 -0.56472889 0.66175178
vn 0.43259746 -0.47332234 0.76734959
vn 0.39897939 -0.40674572 0.82181103
vn 0.40868595 -0.60108928 0.68678051
vn 0.44613886 -0.59113542 0.67195166
vn 0.45093713 -0.58201602 0.67669273
vn -0.24034973 0.55815953 0.79415990
vn -0.10221803 0.39598193 0.91255125
vn 0.06735852 0.17619908 0.98204721
vn 0.09894017 0.32868266 0.93924361
vn 0.28321591 -0.11442137 0.95220612
vn 0.07187368 0.96037738 0.26927581
vn 0.04466053 0.86256718 0.50396756
vn 0.02613489 0.68768241 0.72554109
vn 0.20738181 0.32588736 0.92238290
vn 0.17660407 0.50101390 0.84722847
vn 0.28572438 0.05722767 0.95660157
vn 0.43191699 -0.21213517 0.87661073
vn 0.45041177 -0.41323140 0.79143480
vn 0.53119882 -0.16998556 0.83001971
vn 0.36176405 -0.18220417 0.91429121
vn 0.52472436 -0.30397685 0.79514931
vn 0.37687590 -0.31635211 0.87056642
vn 0.52370338 -0.42066740 0.74079262
vn 0.40268375 -0.43262396 0.80664882
vn 0.52824725 -0.49788864 0.68779484
vn 0.43034146 -0.51101325 0.74409118
vn 0.53743558 -0.55078714 0.63858948
vn 0.45677024 -0.56666079 0.68575250
vn 0.54756442 -0.59192000 0.59144223
vn 0.48160122 -0.61176651 0.62753646
vn 0.55679604 -0.59646685 0.57810507
vn 0.50809098 -0.61657398 0.60139845
vn 0.55096194 -0.53669714 0.63905956
vn 0.50115198 -0.56434737 0.65601733
vn 0.50966498 -0.39183216 0.76596943
vn 0.05268772 0.05732447 0.99696435
vn -0.10800482 0.27647837 0.95493176
vn 0.14625893 -0.14548255 0.97849024
vn 0.12694540 -0.15028296 0.98045902
vn 0.26674695 -0.67265454 0.69020427
vn 0.30548107 -0.64011873 0.70493215
vn -0.73685096 -0.12590161 0.66422845
vn -0.71659399 -0.18405688 0.67276751
vn 0.59048002 0.41136886 0.69434070
vn 0.54918154 0.46849646 0.69203374
vn -0.74171036 0.20098664 0.63989852
vn -0.73648654 0.12250367 0.66526719
vn -0.12538844 -0.70698162 0.69602782
vn -0.06396542 -0.71538843 0.69579294
vn -0.61136305 -0.37685092 0.69585818
vn -0.60122754 -0.41674183 0.68180033
vn -0.55470923 -0.47616128 0.68232551
vn -0.49837988 -0.50524123 0.70452026
vn -0.35091565 -0.63554823 0.68770390
vn -0.27732974 -0.66569490 0.69277595
vn -0.19528274 -0.69884722 0.68809680
vn -0.16957626 -0.68760109 0.70600894
vn -0.76118742 0.04058285 0.64726096
vn -0.75358787 -0.01884818 0.65707691
vn -0.72355825 -0.08467166 0.68505048
vn 0.37107676 0.61362840 0.69696644
vn 0.32595659 0.61985461 0.71381550
vn 0.28680747 0.65709891 0.69711011
vn 0.23165364 0.66424377 0.71071570
vn 0.67330735 0.25944554 0.69234762
vn 0.70250331 0.19076578 0.68563658
vn 0.72251895 0.11553733 0.68162856
vn 0.64830053 0.28853694 0.70459411
vn 0.64192785 0.34999661 0.68222505
vn 0.60886360 0.37306033 0.70007936
vn 0.69333555 -0.18001890 0.69776716
vn 0.72014669 -0.13367558 0.68082273
vn 0.71155212 -0.08062359 0.69799242
vn -0.48044160 -0.54003324 0.69104266
vn -0.42900514 -0.57856106 0.69370144
vn -0.38878400 -0.58915044 0.70834227
vn -0.68673021 -0.22125097 0.69242301
vn -0.68629348 -0.27614490 0.67286347
vn -0.64010890 -0.35065481 0.68359476
vn -0.70715433 0.34459648 0.61740265
vn -0.69679515 0.30926734 0.64717095
vn -0.66150802 0.23893353 0.71085716
vn 0.58436552 -0.43322271 0.68617419
vn 0.63473169 -0.36556250 0.68079346
vn 0.47980368 -0.54967057 0.68384991
vn 0.53680924 -0.49056042 0.68643012
vn 0.55214875 -0.45506391 0.69860475
vn -0.02431293 -0.70320708 0.71056926
vn 0.03452751 -0.72541337 0.68744694
vn 0.06912400 -0.70500725 0.70582338
vn 0.72635118 -0.04496379 0.68585146
vn 0.73193681 0.02968591 0.68072554
vn 0.71661325 0.05331818 0.69542981
vn 0.64488142 -0.31138692 0.69797288
vn 0.67283801 -0.28208727 0.68389750
vn 0.69500978 -0.22002026 0.68450894
vn 0.34348629 -0.63405368 0.69281535
vn 0.40958403 -0.59970246 0.68745755
vn 0.42401365 -0.57457777 0.70005200
vn 0.11776896 -0.71015648 0.69412408
vn 0.17677398 -0.69905027 0.69287782
vn 0.21109216 -0.67360068 0.70830942
vn 0.52164732 0.48025654 0.70515086
vn 0.49172099 0.52623658 0.69374746
vn 0.41924869 0.58516359 0.69412831
vn -0.01459597 -0.23308490 0.97234685
vn -0.94999813 0.28440506 0.12890816
vn -0.37748942 -0.07699299 0.92280757
vn -0.73330365 -0.67621390 -0.07071435
vn -0.70067469 -0.71179916 -0.04895842
vn -0.70253316 -0.69164334 0.16756088
vn -0.50149718 -0.86421140 0.04048758
vn -0.48383832 -0.87392766 0.04637807
vn -0.55028043 -0.80827010 0.20950156
vn -0.73151326 -0.68176788 -0.00899493
vn -0.94478225 0.32689823 -0.02289218
vn -0.98658419 0.13973738 -0.08441035
vn -0.99505051 -0.07069490 -0.06983346
vn -0.95536234 -0.29109887 -0.05044047
vn -0.86459645 -0.50182453 -0.02539908
vn -0.55517002 -0.83173688 0.00013476
vn -0.37629991 -0.92649726 0.00109496
vn -0.37507420 -0.92699478 0.00016888
vn -0.55725200 -0.82996854 0.02494862
vn -0.38095685 -0.92459256 0.00069300
vn -0.38098176 -0.92458208 0.00093562
vn -0.38536387 -0.92274245 0.00640774
vn -0.38916850 -0.92116011 0.00345278
vn -0.38731527 -0.92193677 0.00441225
vn -0.39473685 -0.91876968 0.00671545
vn -0.55768721 -0.82796850 0.05876337
vn -0.40076110 -0.91609059 0.01298358
vn -0.41303976 -0.91033076 0.02638312
vn -0.41250196 -0.91065483 0.02345011
vn -0.55411669 -0.82690937 0.09578924
vn -0.40599675 -0.91373870 0.01575506
vn -0.40217359 -0.91542250 0.01606376
vn -0.41846305 -0.90783754 0.02682665
vn -0.54234924 -0.82841651 0.13994067
vn -0.42533070 -0.90429120 0.03675893
vn -0.45386001 -0.89035651 0.03572634
vn -0.44057419 -0.89715565 0.03171931
vn -0.42486970 -0.90453326 0.03612908
vn -0.42534198 -0.90428651 0.03674376
vn -0.46787948 -0.88272793 0.04336125
vn -0.45227920 -0.89044096 0.05058084
vn -0.54147611 -0.82104564 0.18079733
vn -0.47986390 -0.87639687 0.04073278
vn -0.57604994 -0.81736683 0.00882767
vn -0.57625373 -0.78863947 0.21442811
vn -0.57743810 -0.81635048 0.01171065
vn -0.61392338 -0.76228281 0.20499512
vn -0.60593118 -0.79550825 -0.00374674
vn -0.54772184 -0.83632073 0.02384162
vn -0.52426519 -0.85083767 0.03494650
vn -0.52208408 -0.85230380 0.03172447
vn -0.69973229 -0.71254535 -0.05151544
vn -0.66979844 -0.74162154 -0.03698019
vn -0.65744779 -0.72969318 0.18791025
vn -0.63839349 -0.76950394 -0.01781695
vn -0.63722818 -0.77039664 -0.02071890
vn -0.82310712 -0.55472524 -0.12155073
vn -0.79293543 -0.60062027 -0.10251196
vn -0.75255070 -0.64169050 0.14798898
vn -0.76025714 -0.64477463 -0.07921339
vn -0.75967635 -0.64531257 -0.08039603
vn -0.88567407 -0.43826308 -0.15331963
vn -0.87088527 -0.46809577 -0.14981720
vn -0.82114943 -0.55970893 0.11153260
vn -0.85693791 -0.50060058 -0.12270481
vn -0.84206099 -0.53007399 -0.09977399
vn -0.93648889 -0.32813925 -0.12374646
vn -0.93648853 -0.32814038 -0.12374618
vn -0.88723751 -0.45309699 0.08667592
vn -0.91286955 -0.38057718 -0.14775046
vn -0.90853189 -0.39269756 -0.14268297
vn -0.97808904 -0.17446349 -0.11359717
vn -0.93220760 -0.35432144 0.07379229
vn -0.97745119 -0.17072431 -0.12426735
vn -0.96063418 -0.26517904 0.08283742
vn -0.98221593 -0.15060902 -0.11211065
vn -0.97144764 -0.20308777 -0.12265742
vn -0.95847333 -0.25528381 -0.12711825
vn -0.95319239 -0.27439340 -0.12701391
vn -0.99503804 -0.05890613 -0.08018333
vn -0.99201570 -0.07049862 -0.10456954
vn -0.97694985 -0.18614542 0.10449344
vn -0.99078678 -0.09214163 -0.09925461
vn -0.98813876 -0.12224143 -0.09294527
vn -0.99496566 -0.05492333 -0.08382581
vn -0.98510653 -0.11391302 0.12879810
vn -0.99522115 -0.06136111 -0.07595843
vn -0.98700641 -0.05519520 0.15090339
vn -0.99955945 -0.01461614 -0.02583151
vn -0.99955750 -0.01379956 -0.02635091
vn -0.99925696 -0.02806270 -0.02642001
vn -0.99871655 -0.03374484 -0.03776954
vn -0.99799774 -0.04651598 -0.04285766
vn -0.99991334 -0.00723996 -0.01099482
vn -0.98560016 -0.01521875 0.16840641
vn -0.99998665 0.00157263 -0.00492184
vn -0.99994548 0.00483472 0.00925552
vn -0.98361707 -0.00072457 0.18026905
vn -0.99999140 0.00036673 -0.00413192
vn -0.92935138 -0.00967818 0.36906956
vn -0.83529572 -0.01932614 0.54946116
vn -0.70648765 -0.02938926 0.70711490
vn -0.55448546 -0.04941441 0.83072504
vn -0.19618303 -0.09856160 0.97560127
vn 0.30872748 -0.59167684 0.74471865
vn 0.28170023 -0.64112200 0.71386803
vn 0.13342233 -0.33685531 0.93205525
vn -0.08951534 -0.18528680 0.97859890
vn 0.26287681 -0.48109297 0.83632849
vn -0.34996411 0.07841599 0.93347526
vn -0.80544118 0.19738253 0.55884223
vn -0.58627656 0.19364707 0.78662609
vn -0.61755073 0.10814899 0.77906026
vn -0.35117910 -0.04064524 0.93542568
vn -0.90594030 0.23659446 0.35113421
vn -0.99200857 0.12616624 -0.00103835
vn -0.99641260 -0.08397505 0.01049403
vn -0.72884009 -0.68384416 0.03390126
vn -0.86307282 -0.50401440 0.03278402
vn -0.70790101 -0.69754576 0.11093278
vn -0.83248251 -0.53291697 0.15156640
vn -0.66106094 -0.71667686 0.22219973
vn -0.76163004 -0.57266534 0.30327230
vn -0.62028412 -0.72034412 0.31040611
vn -0.67864370 -0.59959467 0.42418035
vn -0.59384638 -0.71922266 0.36064560
vn -0.61623289 -0.61284931 0.49464407
vn -0.58808305 -0.71251376 0.38273028
vn -0.57390764 -0.62093227 0.53392240
vn -0.59641181 -0.70243985 0.38842144
vn -0.54589944 -0.62785833 0.55478619
vn -0.61459111 -0.68920205 0.38376856
vn -0.53417064 -0.63298585 0.56034869
vn -0.95371640 -0.29974904 0.02399035
vn -0.92248261 -0.34317342 0.17679885
vn -0.83441756 -0.40608089 0.37261997
vn -0.71940677 -0.45371758 0.52592229
vn -0.61916238 -0.48400654 0.61836528
vn -0.53184786 -0.51045836 0.67569972
vn -0.45655421 -0.53752384 0.70896147
vn -0.39776081 -0.56688168 0.72140939
vn -0.53917763 -0.63710070 0.55080867
vn -0.35249538 -0.60568384 0.71336813
vn -0.55993055 -0.63235987 0.53534920
vn -0.33650908 -0.63764841 0.69294021
vn -0.60003522 -0.60865690 0.51912861
vn -0.35938384 -0.64648817 0.67297570
vn -0.65544538 -0.55742358 0.50957857
vn -0.41509990 -0.62067352 0.66517400
vn -0.71753938 -0.47397713 0.51037528
vn -0.49260751 -0.55075385 0.67380119
vn -0.77416252 -0.36055393 0.52026269
vn -0.57383492 -0.43539073 0.69364862
vn -0.81265489 -0.23410510 0.53365423
vn -0.63758861 -0.29440224 0.71190454
vn -0.82975788 -0.12486680 0.54397623
vn -0.67520705 -0.16673173 0.71853738
vn -0.83396922 -0.05204251 0.54935136
vn -0.69472595 -0.07763404 0.71507259
vn -0.63875197 -0.67170285 0.37524819
vn -0.67220170 -0.64859856 0.35702211
vn -0.72546510 -0.60382650 0.33029373
vn -0.78216254 -0.54106659 0.30898011
vn -0.83460680 -0.46335660 0.29787942
vn -0.87804915 -0.37341506 0.29931737
vn -0.90987601 -0.27404223 0.31149076
vn -0.92808318 -0.17317772 0.32965298
vn -0.93356259 -0.08810265 0.34741735
vn -0.93184888 -0.03216302 0.36141833
vn 0.14522041 -0.59661795 0.78927692
vn 0.10118913 -0.34760659 0.93216437
vn 0.03277570 -0.46577660 0.88429515
vn 0.12436320 -0.54879060 0.82665753
vn -0.16480099 -0.19941350 0.96595802
vn -0.08314458 -0.32582891 0.94176563
vn 0.18421697 -0.63572813 0.74960913
vn -0.32800334 -0.15638936 0.93164166
vn -0.52197870 -0.11205918 0.84556548
vn -0.25937540 -0.27048973 0.92712443
vn -0.47872041 -0.21548537 0.85111270
vn -0.17843531 -0.40377882 0.89728675
vn -0.41679161 -0.35179149 0.83816914
vn -0.09177628 -0.53120508 0.84225784
vn -0.33414342 -0.49257241 0.80356742
vn -0.00148089 -0.62539542 0.78030659
vn -0.97346344 -0.13295191 0.18625980
vn -0.98093219 0.08381393 0.17534895
vn -0.88420132 -0.20951742 0.41748111
vn -0.90992762 0.01317580 0.41455775
vn -0.74879283 -0.27510814 0.60301311
vn -0.77672680 -0.05735623 0.62722065
vn -0.60997764 -0.32566091 0.72240726
vn -0.60504493 -0.12979269 0.78554089
vn -0.46739745 -0.37773051 0.79928674
vn -0.39899075 -0.21985736 0.89020735
vn -0.33337023 -0.43214277 0.83792417
vn -0.19835200 -0.31519642 0.92806665
vn -0.22015090 -0.48998984 0.84347112
vn -0.03219576 -0.41097053 0.91107994
vn -0.12941624 -0.56244742 0.81664211
vn 0.08951225 -0.51752318 0.85097433
vn -0.08938983 -0.62437522 0.77599294
vn 0.13618120 -0.60398395 0.78527579
vn -0.10481435 -0.65724239 0.74635540
vn 0.11913715 -0.65287823 0.74803499
vn -0.16010532 -0.65173265 0.74135743
vn 0.08561923 -0.64980777 0.75526102
vn -0.24193648 -0.59827303 0.76389536
vn 0.41596151 0.06097156 -0.90733593
vn 0.41880430 0.15454882 -0.89482826
vn 0.59530677 0.11103344 -0.79578981
vn 0.21859897 0.17593635 -0.95982336
vn -0.12752098 0.80189348 -0.58369962
vn 0.00049217 0.80438563 -0.59410732
vn 0.00129424 0.58379037 -0.81190340
vn 0.12799752 0.57192057 -0.81026138
vn -0.98251242 0.00215777 -0.18618454
vn -0.98864952 0.04337406 -0.14384305
vn -0.85835611 0.51265435 -0.02025587
vn -0.73510402 0.67764244 -0.02056217
vn 0.73243374 0.68053109 -0.02045122
vn 0.94314498 0.33163747 -0.02222921
vn 0.98832389 0.15071483 -0.02238135
vn 0.97216757 -0.05339296 -0.22812145
vn 0.25154163 0.05312228 -0.96638752
vn 0.23522319 0.04690749 -0.97080881
vn 0.20544180 0.02692404 -0.97829891
vn -0.97982207 -0.03218221 -0.19726384
vn -0.97176359 0.00408250 -0.23592131
vn -0.97161976 0.00285209 -0.23653099
vn -0.97120069 0.00608424 -0.23818521
vn -0.93183859 -0.02274216 -0.36215968
vn -0.97131960 0.00685206 -0.23767897
vn -0.72238243 0.00870578 -0.69143896
vn -0.75018161 0.00538152 -0.66120995
vn -0.84268946 -0.00825174 -0.53833669
vn -0.81489530 -0.00031287 -0.57960810
vn -0.88276685 0.00719535 -0.46975623
vn -0.88641196 0.00046086 -0.46289699
vn -0.93107133 -0.00584327 -0.36479041
vn -0.55515643 0.02079747 -0.83148590
vn -0.56228800 0.00904875 -0.82689197
vn -0.57174721 0.02088815 -0.82016389
vn -0.64996552 0.00149104 -0.75996224
vn -0.74454980 0.01155600 -0.66746689
vn -0.43738273 0.00559116 -0.89925807
vn -0.39243132 0.02166747 -0.91952606
vn -0.34077239 0.01399852 -0.94004161
vn -0.19885453 0.02557902 -0.97969515
vn -0.22218708 0.02027008 -0.97479332
vn -0.32302528 0.02224144 -0.94612895
vn 0.00234978 0.02777337 -0.99961148
vn -0.09081187 0.04149592 -0.99500316
vn -0.09067552 0.04170968 -0.99500666
vn 0.16408112 0.03554487 -0.98580624
vn 0.07641530 0.04328710 -0.99613600
vn -0.01062322 0.03587591 -0.99929979
vn -0.08699213 0.03488664 -0.99559796
vn 0.35856194 0.04996388 -0.93216787
vn 0.48281802 0.06568305 -0.87325397
vn 0.40261898 0.02516356 -0.91502172
vn 0.48282278 0.06569313 -0.87325058
vn 0.57622184 0.02351936 -0.81695485
vn 0.72754642 0.01203493 -0.68595289
vn 0.69572089 0.05866982 -0.71591222
vn 0.68690919 0.07473693 -0.72289014
vn 0.58694472 0.06748570 -0.80680951
vn 0.48276258 0.06755163 -0.87314207
vn 0.48233473 0.06702067 -0.87341940
vn 0.84796656 -0.00439059 -0.53003155
vn 0.84345054 0.06286564 -0.53351579
vn 0.76865042 0.05126875 -0.63761121
vn 0.93436137 -0.02017332 -0.35575536
vn 0.94726829 0.04138320 -0.31775811
vn 0.91189797 0.03645942 -0.40879433
vn 0.84524925 0.05293573 -0.53174385
vn 0.84610113 0.05559281 -0.53011538
vn 0.98912155 0.01491476 -0.14634243
vn 0.98890903 0.01236770 -0.14800667
vn 0.98108538 -0.02848796 -0.19146779
vn 0.97299055 0.00589381 -0.23076971
vn 0.95526855 0.03007210 -0.29420686
vn 0.97378297 -0.05499779 -0.22073055
vn 0.98267623 0.00151018 -0.18532443
vn 0.98863978 0.04307107 -0.14400090
vn 0.99142413 0.08266556 -0.10121560
vn 0.99085744 0.12235330 -0.05684362
vn 0.85730213 0.51436113 -0.02157993
vn 0.57974676 0.81457114 -0.01917158
vn 0.40005794 0.91627311 -0.01993049
vn 0.20344408 0.97889912 -0.01915777
vn -0.00164115 0.99983500 -0.01809071
vn -0.20557214 0.97847094 -0.01829514
vn -0.40220460 0.91534167 -0.01952133
vn -0.58112611 0.81356583 -0.02007694
vn -0.94373357 0.33013338 -0.01946561
vn -0.98882776 0.14759663 -0.02085425
vn -0.99143964 0.11630783 -0.05932894
vn -0.99172238 0.08101498 -0.09961577
vn -0.97185601 -0.05285375 -0.22956999
vn -0.97444067 -0.05212975 -0.21851287
vn 0.95844954 0.21464453 -0.18788884
vn 0.95595063 0.26800968 -0.11970464
vn 0.89295417 0.38729336 -0.22942688
vn 0.88152768 0.45169429 -0.13740895
vn 0.78860192 0.55338600 -0.26808758
vn 0.76795257 0.62207078 -0.15256737
vn 0.64296962 0.70342901 -0.30294835
vn 0.61666419 0.76968431 -0.16526144
vn 0.45705631 0.82525488 -0.33174375
vn 0.43211817 0.88464477 -0.17515000
vn 0.23729378 0.90556385 -0.35163300
vn 0.22224431 0.95792178 -0.18164065
vn 0.95385011 0.14496296 -0.26297472
vn 0.89417569 0.29343549 -0.33815004
vn 0.79790533 0.44077500 -0.41117451
vn 0.65911136 0.57906846 -0.47984573
vn 0.47481294 0.69594574 -0.53871347
vn 0.27064087 0.77652613 -0.56899972
vn 0.00322170 0.93749446 -0.34798528
vn 0.97521415 -0.03450875 -0.21855550
vn 0.94164138 0.07067002 -0.32911587
vn 0.87967528 0.18344227 -0.43877139
vn 0.78413643 0.29633904 -0.54526438
vn 0.64852255 0.40371371 -0.64531678
vn 0.46863156 0.49608665 -0.73094630
vn 0.27831442 0.55501675 -0.78389890
vn 0.14046146 0.81280659 -0.56534593
vn 0.41207450 0.90831052 -0.07187903
vn 0.59358148 0.80172762 -0.06995611
vn 0.74731195 0.66104272 -0.06743424
vn 0.86726303 0.49370670 -0.06409779
vn 0.94953618 0.30795026 -0.05956236
vn -0.23795773 0.90985485 -0.33991214
vn -0.25237326 0.77520961 -0.57910086
vn -0.24753059 0.55996315 -0.79067685
vn -0.36979214 0.74549386 -0.55452022
vn -0.36445729 0.52542941 -0.76882691
vn -0.50160067 0.68240346 -0.53171636
vn -0.49380142 0.48582587 -0.72120273
vn -0.65863558 0.57837332 -0.48133509
vn -0.64683905 0.40349316 -0.64714180
vn -0.79748248 0.44008404 -0.41273204
vn -0.78282041 0.29616676 -0.54724533
vn -0.89382399 0.29291740 -0.33952625
vn -0.87874017 0.18346097 -0.44063340
vn -0.95361578 0.14480241 -0.26391135
vn -0.94109977 0.07104011 -0.33058210
vn -0.97507706 -0.03389044 -0.21926279
vn -0.95853408 0.21380315 -0.18841613
vn -0.95632755 0.26649225 -0.12008121
vn -0.89318918 0.38618539 -0.23037781
vn -0.88224880 0.45006610 -0.13812153
vn -0.78904013 0.55220610 -0.26922872
vn -0.76903917 0.62051589 -0.15342357
vn -0.64360749 0.70236417 -0.30406245
vn -0.61807919 0.76836994 -0.16608956
vn -0.46220165 0.82462314 -0.32613849
vn -0.43374260 0.88371897 -0.17580710
vn -0.22399861 0.95744353 -0.18200692
vn -0.00097368 0.98291639 -0.18405005
vn 0.21059254 0.97482276 -0.07328965
vn -0.95043125 0.30477820 -0.06156855
vn -0.86869860 0.49089891 -0.06618918
vn -0.74914860 0.65875841 -0.06938110
vn -0.59566780 0.80003508 -0.07158039
vn -0.41424173 0.90723075 -0.07304905
vn -0.21278767 0.97429865 -0.07391587
vn -0.00114048 0.99725464 -0.07403975
vn -0.40482434 0.06570664 -0.91203064
vn -0.20417632 0.08055352 -0.97561425
vn 0.00281149 0.08468406 -0.99640389
vn -0.12525256 0.57140458 -0.81105400
vn 0.00194798 0.33972381 -0.94052323
vn -0.22756934 0.32545310 -0.91776494
vn -0.92741300 -0.01330404 -0.37380226
vn -0.84545637 0.02984508 -0.53320990
vn -0.73181441 0.07160800 -0.67773148
vn -0.59151085 0.11302252 -0.79833629
vn -0.44489461 0.29103736 -0.84697464
vn -0.61787249 0.23872668 -0.74916164
vn -0.75696948 0.16852314 -0.63134551
vn -0.85998461 0.09315634 -0.50174531
vn -0.93106255 0.01677029 -0.36447398
vn 0.92740848 -0.01672363 -0.37367611
vn 0.84621551 0.02677931 -0.53216743
vn 0.73364842 0.06903438 -0.67601350
vn 0.20956065 0.08070049 -0.97445973
vn 0.00250097 0.18363135 -0.98299200
vn -0.21388187 0.17577956 -0.96091420
vn -0.41448861 0.15423655 -0.89688922
vn 0.93212559 0.01649309 -0.36175940
vn 0.86167258 0.09318929 -0.49883477
vn 0.75927423 0.16873705 -0.62851448
vn 0.62076099 0.23900802 -0.74667996
vn 0.44420106 0.29799694 -0.84491612
vn 0.23889293 0.33158741 -0.91267736
vn 0.21506582 0.19040127 -0.95785910
vn -0.20803472 0.33564673 -0.91872892
vn -0.22339664 0.39238449 -0.89226025
vn -0.10861266 0.46957067 -0.87618872
vn 0.75580604 0.61945054 -0.21222218
vn 0.70891450 0.64340459 -0.28891309
vn 0.58243248 0.79275100 -0.17977277
vn 0.96062884 -0.27222857 -0.05553226
vn 0.88545747 -0.46174069 -0.05254145
vn 0.88818175 -0.44994737 -0.09316938
vn 0.66644606 0.65905520 -0.34856262
vn 0.79659014 0.46403451 -0.38744823
vn 0.98973169 0.03550474 -0.13845793
vn 0.67613182 0.73654854 -0.01849334
vn -0.03285701 -0.99945686 -0.00252915
vn -0.46106749 -0.87713716 -0.13433979
vn -0.52235429 -0.83502314 -0.17286514
vn -0.58683183 -0.78063917 -0.21501368
vn -0.65145754 -0.71370536 -0.25734749
vn -0.71330959 -0.63464698 -0.29734263
vn -0.88179508 -0.25747009 -0.39515389
vn -0.95312770 -0.11122441 -0.28138358
vn -0.98854385 0.00701594 -0.15077080
vn -0.98535910 -0.00513585 -0.17041440
vn -0.97567601 -0.06856023 -0.20822062
vn -0.94687175 0.01450434 -0.32128416
vn -0.96864292 -0.05071067 -0.24322688
vn -0.89489773 -0.15791300 -0.41739853
vn -0.92031446 -0.24330612 -0.30630609
vn -0.85489983 -0.34993006 -0.38300814
vn -0.81727893 -0.45097325 -0.35871755
vn -0.77024920 -0.54423010 -0.33246018
vn -0.40579165 -0.90809882 -0.10339089
vn -0.31330882 -0.94749652 -0.06393684
vn -0.35671067 -0.93070563 -0.08089824
vn -0.27548495 -0.96016932 -0.04672173
vn -0.24733388 -0.96847248 -0.02978260
vn -0.22814902 -0.97350972 -0.01506130
vn -0.21674154 -0.97620506 -0.00684002
vn -0.20808059 -0.97811147 -0.00064422
vn 0.31562095 -0.94877421 -0.01452267
vn 0.48750285 -0.87282814 -0.02262776
vn 0.77764831 -0.62711320 -0.04463333
vn 0.99646696 -0.06699118 -0.05065357
vn 0.93746641 0.34689906 -0.02859679
vn 0.93185554 0.35872093 -0.05444763
vn 0.82721496 0.56056633 -0.03848123
vn 0.50118264 0.86533382 -0.00365344
vn 0.35706288 0.93405606 0.00673644
vn 0.34376980 0.93905141 -0.00218379
vn 0.44633594 0.89177664 -0.07428770
vn 0.32581398 0.94339376 -0.06207630
vn 0.53954701 0.84065847 -0.04671573
vn 0.46611867 0.88170865 -0.07296057
vn 0.69397859 0.71957233 0.02468548
vn 0.60878988 0.79322241 -0.01315633
vn 0.78172329 0.62096861 0.05750372
vn 0.85647303 0.51012135 0.07893130
vn 0.95162338 0.29628905 0.08139859
vn 0.90988970 0.40614394 0.08454483
vn 0.97964346 0.19723427 0.03738099
vn 0.99764076 0.06653185 -0.01692443
vn 0.99763816 0.03281115 -0.06034507
vn 0.99473378 0.02638733 -0.09903748
vn 0.56598820 0.79673559 -0.21182484
vn 0.56465612 0.79186013 -0.23263922
vn 0.85722340 0.42939641 -0.28423013
vn 0.89965330 0.39582676 -0.18424200
vn 0.92098658 0.37467833 -0.10677019
vn 0.79603977 0.59221429 -0.12491165
vn 0.61285922 0.77921979 -0.13122533
vn 0.59995307 0.76549878 -0.23252513
vn 0.64713999 0.75891921 -0.07246704
vn 0.47629917 0.87857484 -0.03528959
vn 0.37747531 0.20699729 -0.90258768
vn 0.52639077 0.21791501 -0.82184293
vn 0.67125589 0.21697072 -0.70875894
vn 0.78947826 0.19621810 -0.58156902
vn -0.08720710 0.42165652 -0.90255232
vn 0.05603125 0.53620406 -0.84222664
vn 0.11300906 0.46116339 -0.88008936
vn 0.96015154 -0.26212195 -0.09695925
vn 0.95439110 -0.25117164 -0.16140148
vn 0.88385849 -0.44038582 -0.15765311
vn 0.93711785 -0.23166428 -0.26103984
vn 0.86702648 -0.42581023 -0.25874840
vn 0.89339913 -0.19842599 -0.40306963
vn 0.82249410 -0.39923414 -0.40511179
vn 0.81360076 -0.15243183 -0.56108674
vn 0.73976606 -0.35727416 -0.57017659
vn 0.71028116 -0.10295169 -0.69634878
vn 0.63065896 -0.30587575 -0.71323860
vn 0.60731969 -0.05961001 -0.79221805
vn 0.51898357 -0.25529268 -0.81577062
vn 0.51622220 -0.02422457 -0.85611203
vn 0.41711369 -0.20955928 -0.88436479
vn 0.43498381 0.00757941 -0.90040638
vn 0.32441732 -0.16575973 -0.93127714
vn 0.35667325 0.04254214 -0.93326007
vn 0.23562380 -0.11787270 -0.96466961
vn 0.27510483 0.08760805 -0.95741431
vn 0.14631907 -0.05948008 -0.98744764
vn 0.18952717 0.14611478 -0.97094280
vn 0.05642391 0.01263050 -0.99832701
vn 0.10439751 0.21546285 -0.97091551
vn -0.03010639 0.09605320 -0.99492079
vn 0.02607226 0.28906939 -0.95695304
vn -0.10713696 0.18355220 -0.97715416
vn -0.03852421 0.35694652 -0.93333009
vn -0.16797839 0.26596975 -0.94923303
vn 0.98932082 0.14067464 -0.03814388
vn 0.98611498 0.14741072 -0.07646781
vn 0.99395772 -0.06141600 -0.09097320
vn 0.97751593 0.16101783 -0.13614650
vn 0.98680215 -0.04904915 -0.15432336
vn 0.95694454 0.18528791 -0.22344025
vn 0.96805471 -0.02631989 -0.24935385
vn 0.91302218 0.22247602 -0.34189900
vn 0.92415107 0.01063762 -0.38187909
vn 0.84309031 0.26483424 -0.46804013
vn 0.84825529 0.05685761 -0.52652651
vn 0.76230628 0.30124971 -0.57283309
vn 0.75428701 0.10117933 -0.64870167
vn 0.69035211 0.32617118 -0.64577576
vn 0.66474405 0.13570425 -0.73464257
vn 0.63387087 0.34140740 -0.69400916
vn 0.58906920 0.16075442 -0.79193149
vn 0.58846033 0.35201550 -0.72787329
vn 0.52388043 0.18147561 -0.83223548
vn 0.54581710 0.36401245 -0.75470433
vn 0.46112409 0.20459011 -0.86342774
vn 0.49787917 0.38382943 -0.77768329
vn 0.39327005 0.23701395 -0.88834850
vn 0.44266449 0.41479301 -0.79498107
vn 0.31888921 0.28207718 -0.90484371
vn 0.38491595 0.45451741 -0.80327681
vn 0.24275357 0.33715681 -0.90961310
vn 0.33006891 0.49804881 -0.80187399
vn 0.17097601 0.39642960 -0.90200376
vn 0.26856936 0.54810162 -0.79212064
vn 0.24515128 0.59671380 -0.76408997
vn 0.88514082 0.15392233 -0.43912829
vn 0.95301419 0.10702883 -0.28338804
vn 0.47681161 0.62092050 -0.62218037
vn 0.72141075 0.56133407 -0.40554975
vn 0.47180749 0.60444397 -0.64190746
vn 0.68612303 0.59407931 -0.41988684
vn 0.50189145 0.57713636 -0.64421937
vn 0.67379755 0.60470777 -0.42464736
vn 0.52815486 0.55392804 -0.64359628
vn 0.66382239 0.61242293 -0.42927612
vn 0.55712440 0.53331068 -0.63654703
vn 0.65574609 0.61986929 -0.43099783
vn 0.58453656 0.51924048 -0.62346318
vn 0.64769761 0.62942145 -0.42932091
vn 0.60635459 0.51353829 -0.60713469
vn 0.63794816 0.64180916 -0.42556216
vn 0.62493605 0.51286267 -0.58858034
vn 0.62947336 0.65397214 -0.41962332
vn 0.64775359 0.51177978 -0.56435516
vn 0.62882105 0.66318003 -0.40592652
vn 0.68222618 0.50569546 -0.52805259
vn 0.63685994 0.66721374 -0.38630978
vn 0.73306544 0.49053905 -0.47115443
vn 0.63870077 0.73654059 -0.22264161
vn 0.68393882 0.69894501 -0.20905395
vn 0.73143236 0.65380714 -0.19375998
vn 0.77699561 0.60354856 -0.17890486
vn 0.81783216 0.55070790 -0.16694723
vn 0.86015334 0.48551941 -0.15622782
vn 0.90245763 0.40257194 -0.15331685
vn -0.95160891 0.01307883 -0.30703325
vn -0.86297373 0.02425983 -0.50466602
vn -0.71827120 0.04021494 -0.69460006
vn -0.94795354 0.01342716 -0.31812546
vn -0.86240022 0.03923370 -0.50470444
vn -0.94770011 0.00271428 -0.31915065
vn -0.54523129 0.06283046 -0.83592773
vn -0.16247614 0.12607225 -0.97862520
vn 0.03028138 0.15970805 -0.98669974
vn 0.10848421 0.33005350 -0.93770777
vn 0.25288638 0.37390443 -0.89232503
vn 0.41395076 0.39741186 -0.81896800
vn 0.57839626 0.39054048 -0.71619543
vn 0.73855826 0.34142174 -0.58134576
vn 0.87267807 0.24847139 -0.42035100
vn 0.95789197 0.13317203 -0.25437802
vn -0.35266735 0.09404983 -0.93101040
vn -0.23628515 0.22536451 -0.94518790
vn -0.07033358 0.28218618 -0.95677800
vn -0.18147140 0.36640447 -0.91258747
vn -0.02470802 0.42566534 -0.90454327
vn -0.13280017 0.46044974 -0.87769593
vn 0.10749823 0.48119492 -0.86999746
vn -0.00980885 0.52115690 -0.85340452
vn 0.27549348 0.51586957 -0.81116086
vn 0.15682053 0.56861099 -0.80752019
vn 0.46806985 0.51647060 -0.71705560
vn 0.36292532 0.58738037 -0.72337370
vn 0.67409695 0.46102488 -0.57710429
vn 0.60094642 0.54723580 -0.58257736
vn 0.85288748 0.33932993 -0.39678475
vn 0.82049013 0.42244124 -0.38514848
vn 0.95987519 0.18150650 -0.21376391
vn 0.95355641 0.24089004 -0.18083736
vn -0.92362346 0.00871671 -0.38320194
vn -0.90869947 -0.04105508 -0.41542720
vn -0.82571189 0.04279737 -0.56246622
vn -0.81307048 -0.04175493 -0.58066593
vn -0.70893093 0.02663134 -0.70477494
vn -0.78796314 -0.14540454 -0.59830728
vn 0.13767955 -0.99046680 -0.00445683
vn 0.12713061 -0.99165313 -0.02149126
vn -0.05066514 -0.99863368 -0.01279916
vn 0.10872433 -0.99268412 -0.05250962
vn -0.06804135 -0.99713558 -0.03303031
vn 0.07714709 -0.99186678 -0.10123549
vn -0.09524863 -0.99340431 -0.06384020
vn 0.02583921 -0.98525611 -0.16912343
vn -0.13696386 -0.98495001 -0.10542479
vn -0.04303412 -0.96887767 -0.24377063
vn -0.19117987 -0.97007566 -0.14967788
vn -0.12002878 -0.94194383 -0.31358398
vn -0.25149949 -0.94863155 -0.19195362
vn -0.19864515 -0.90448876 -0.37741248
vn -0.31498232 -0.91943104 -0.23544152
vn -0.27735379 -0.85512039 -0.43799999
vn -0.38184880 -0.87970226 -0.28339976
vn -0.35553705 -0.79219526 -0.49600411
vn -0.45159846 -0.82688353 -0.33514543
vn -0.43163288 -0.71492458 -0.55006900
vn -0.52208370 -0.75973175 -0.38760325
vn -0.50325294 -0.62343345 -0.59838717
vn -0.59026369 -0.67837446 -0.43748928
vn -0.56801152 -0.51782233 -0.63970536
vn -0.65335077 -0.58320283 -0.48270823
vn -0.62302492 -0.39959321 -0.67243231
vn -0.70835941 -0.47565023 -0.52152066
vn -0.66480221 -0.27549432 -0.69436367
vn -0.75193771 -0.36101062 -0.55159860
vn -0.69581894 -0.13403715 -0.70559907
vn -0.78132361 -0.23224777 -0.57930510
vn -0.72999669 0.07440647 -0.67938833
vn -0.73298927 0.12126706 -0.66934373
vn -0.59706698 0.17827509 -0.78213107
vn -0.60935564 0.21068443 -0.76439373
vn -0.49395157 0.27165149 -0.82596448
vn -0.51536546 0.25210150 -0.81905023
vn -0.41812149 0.31459291 -0.85217705
vn -0.43095038 0.23489514 -0.87126692
vn -0.57331900 0.11839333 -0.81073321
vn -0.40562670 0.16946000 -0.89819279
vn -0.45716666 0.23863276 -0.85676896
vn -0.31853318 0.30209117 -0.89848625
vn -0.38126813 0.33383097 -0.86208555
vn -0.26799621 0.39730193 -0.87768400
vn -0.31869828 0.37860065 -0.86896085
vn -0.19777381 0.44547534 -0.87317652
vn -0.08152347 0.51134985 -0.85549708
vn 0.07733867 0.57204342 -0.81656907
vn 0.28055668 0.61281922 -0.73874255
vn 0.52811363 0.60169919 -0.59921121
vn 0.77459782 0.49822943 -0.38957111
vn 0.94086410 0.29888446 -0.15950805
vn -0.85525700 0.06498769 -0.51411288
vn -0.72664537 0.14855477 -0.67075926
vn -0.61527500 0.18927500 -0.76525267
vn -0.52048237 0.16456398 -0.83786443
vn -0.39987294 0.10185953 -0.91089312
vn 0.48622092 -0.87243599 -0.04944346
vn 0.30961069 -0.95026291 -0.03378795
vn 0.47513622 -0.87421508 -0.09996787
vn 0.29392562 -0.95286798 -0.07516878
vn 0.44788968 -0.87554954 -0.18112935
vn 0.26269505 -0.95447960 -0.14127988
vn 0.39256277 -0.86991692 -0.29856160
vn 0.20676086 -0.94963904 -0.23544773
vn 0.30688876 -0.84828591 -0.43154409
vn 0.12692107 -0.93149211 -0.34090099
vn 0.20390964 -0.80867007 -0.55179125
vn 0.03512114 -0.89837179 -0.43782945
vn 0.09899660 -0.75595902 -0.64709013
vn -0.05782883 -0.85244777 -0.51960430
vn -0.00107566 -0.69394003 -0.72003200
vn -0.14804785 -0.79479405 -0.58854418
vn -0.09540708 -0.62307351 -0.77632267
vn -0.23477294 -0.72504940 -0.64744500
vn -0.18432463 -0.54202676 -0.81989720
vn -0.31725831 -0.64256872 -0.69746154
vn -0.26737918 -0.44899319 -0.85259222
vn -0.39397668 -0.54689109 -0.73871003
vn -0.34311464 -0.34266917 -0.87455714
vn -0.46301289 -0.43754181 -0.77082827
vn -0.40880109 -0.22472655 -0.88452227
vn -0.52162592 -0.31609167 -0.79245975
vn -0.46036238 -0.10322956 -0.88170865
vn -0.56615993 -0.19020699 -0.80205002
vn -0.50085052 0.02572426 -0.86515144
vn -0.59964973 -0.05265813 -0.79852822
vn -0.61577212 0.09411444 -0.78228331
vn -0.71966443 0.12203129 -0.68351406
vn -0.84009921 0.07942132 -0.53658696
vn 0.64200167 -0.76603983 -0.03188780
vn 0.78263402 -0.61707847 -0.08184226
vn 0.64665315 -0.75988309 -0.06646343
vn 0.77789386 -0.61156444 -0.14446480
vn 0.63971320 -0.75851210 -0.12420309
vn 0.75956790 -0.60318737 -0.24335490
vn 0.61757328 -0.75612095 -0.21652793
vn 0.71238152 -0.58498862 -0.38768659
vn 0.56613675 -0.74573086 -0.35124730
vn 0.62713456 -0.54983150 -0.55171330
vn 0.47931033 -0.71810541 -0.50456539
vn 0.51582671 -0.49989754 -0.69571924
vn 0.36984011 -0.67248270 -0.64108136
vn 0.40075471 -0.44472071 -0.80101133
vn 0.25712286 -0.61644097 -0.74423676
vn 0.29366058 -0.38982598 -0.87281107
vn 0.15083861 -0.55549346 -0.81772534
vn 0.19493715 -0.33404648 -0.92217810
vn 0.05185203 -0.48981681 -0.87028206
vn 0.10115408 -0.27277179 -0.95674626
vn -0.04155679 -0.41657184 -0.90815249
vn 0.00974520 -0.20074077 -0.97959592
vn -0.13029280 -0.33216995 -0.93417713
vn -0.07877944 -0.11512028 -0.99022276
vn -0.21335219 -0.23444731 -0.94842781
vn -0.16101691 -0.01804317 -0.98678670
vn -0.28777973 -0.12526732 -0.94946876
vn -0.23143731 0.08274227 -0.96932476
vn -0.34881774 -0.01268478 -0.93710473
vn -0.28455944 0.17687215 -0.94220071
vn -0.32092528 0.25134775 -0.91314362
vn -0.33117378 0.31988404 -0.88769259
vn 0.15259830 0.36935358 -0.91667426
vn 0.35387239 0.85650712 -0.37572581
vn 0.48983055 0.78651936 -0.37610282
vn 0.21129979 0.33917506 -0.91668570
vn 0.61095982 0.69566925 -0.37785233
vn 0.26424168 0.29976887 -0.91668695
vn 0.71856049 0.58330470 -0.37871685
vn 0.30998015 0.25219071 -0.91668542
vn 0.80527238 0.45754859 -0.37707518
vn 0.34725919 0.19772745 -0.91668692
vn 0.86981661 0.31974151 -0.37574518
vn 0.37507396 0.13787694 -0.91668396
vn 0.91058176 0.17221319 -0.37574390
vn 0.39265319 0.07426267 -0.91668344
vn 0.92650689 0.01998893 -0.37574650
vn 0.39951796 0.00861924 -0.91668485
vn 0.91716245 -0.13278017 -0.37574255
vn 0.39549173 -0.05725876 -0.91668300
vn 0.88279732 -0.28193142 -0.37574401
vn 0.38067219 -0.12157218 -0.91668364
vn 0.82435486 -0.42338948 -0.37573982
vn 0.35547418 -0.18257293 -0.91668164
vn 0.74342456 -0.55329823 -0.37574059
vn 0.32057493 -0.23859111 -0.91668206
vn 0.64221062 -0.66811350 -0.37575240
vn 0.27692276 -0.28809243 -0.91668781
vn 0.52347917 -0.76470182 -0.37576680
vn 0.22571907 -0.32973046 -0.91669445
vn 0.39047569 -0.84043722 -0.37575792
vn 0.16837329 -0.36239547 -0.91668967
vn 0.24681867 -0.89324501 -0.37575777
vn 0.10642775 -0.38516559 -0.91669002
vn 0.09643289 -0.92169176 -0.37574591
vn 0.04158320 -0.39744296 -0.91668420
vn -0.05659109 -0.92499235 -0.37574806
vn -0.02440281 -0.39886400 -0.91668534
vn -0.20806885 -0.90306663 -0.37573664
vn -0.08972264 -0.38941956 -0.91668002
vn -0.35386759 -0.85649970 -0.37574723
vn -0.15259118 -0.36932894 -0.91668537
vn 0.78813213 -0.35434411 -0.50327725
vn 0.89348219 -0.44694726 -0.04390582
vn 0.48977790 0.78650622 0.37619886
vn 0.63968633 -0.17700440 -0.74797784
vn 0.75743179 -0.32471827 0.56644076
vn 0.51878904 0.31311954 -0.79549613
vn 0.50670934 0.17573973 -0.84401492
vn 0.61148180 0.69540537 0.37749356
vn 0.51815375 0.05077959 -0.85377873
vn 0.54864801 0.04508002 -0.83483720
vn 0.71712023 0.58477618 0.37917726
vn 0.55865758 0.50470148 -0.65816269
vn 0.55924742 0.51672862 -0.64825447
vn 0.53954041 0.41488433 -0.73264393
vn 0.61354053 0.64884921 0.45006969
vn 0.63569471 0.69384726 0.33833151
vn 0.59094280 0.58010461 0.56059365
vn 0.55776605 0.50566600 0.65817850
vn 0.65550561 0.72236059 0.22024435
vn 0.66635091 0.73610977 0.11882286
vn 0.67307896 0.73869292 0.03602058
vn 0.65043108 0.75955214 -0.00446860
vn 0.80547171 0.45638690 0.37805597
vn 0.67321541 0.73805885 -0.04527844
vn 0.66599645 0.73440625 -0.13075236
vn 0.65633865 0.72054562 -0.22368187
vn 0.63714698 0.69311721 -0.33709383
vn 0.61852308 0.64586354 -0.44753714
vn 0.58497633 0.58223532 -0.56462794
vn 0.61877340 -0.14919379 0.77127212
vn 0.52310092 0.03529055 0.85153979
vn 0.52238050 0.02761288 0.85226530
vn 0.50649492 0.17531776 0.84423135
vn 0.51205752 0.30302788 0.80372333
vn 0.53006143 0.41611604 0.73883850
vn 0.55570426 0.50454804 0.66077534
vn 0.86981687 0.31974143 0.37574464
vn 0.91058210 0.17221296 0.37574319
vn 0.92650699 0.01998909 0.37574624
vn 0.91716248 -0.13278045 0.37574237
vn 0.88279754 -0.28193102 0.37574379
vn 0.82435481 -0.42338978 0.37573958
vn 0.74342427 -0.55329846 0.37574083
vn 0.64221054 -0.66811321 0.37575307
vn 0.52348036 -0.76470106 0.37576668
vn 0.39047540 -0.84043754 0.37575751
vn 0.24681953 -0.89324498 0.37575727
vn 0.09643231 -0.92169193 0.37574565
vn -0.05659009 -0.92499255 0.37574772
vn -0.20806988 -0.90306636 0.37573670
vn -0.35386693 -0.85649978 0.37574769
vn 0.35387553 0.85650604 0.37572531
vn -0.15259047 -0.36932954 0.91668525
vn -0.08972359 -0.38941921 0.91668007
vn -0.02440139 -0.39886381 0.91668546
vn 0.04158271 -0.39744272 0.91668433
vn 0.10642882 -0.38516501 0.91669015
vn 0.16837296 -0.36239530 0.91668980
vn 0.22572067 -0.32972957 0.91669438
vn 0.27692367 -0.28809281 0.91668741
vn 0.32057532 -0.23859170 0.91668177
vn 0.35547420 -0.18257327 0.91668157
vn 0.38067263 -0.12157174 0.91668351
vn 0.39549219 -0.05725912 0.91668278
vn 0.39951840 0.00861940 0.91668465
vn 0.39265377 0.07426243 0.91668321
vn 0.37507396 0.13787669 0.91668399
vn 0.34725917 0.19772788 0.91668684
vn 0.30998212 0.25219123 0.91668461
vn 0.26424164 0.29976911 0.91668688
vn 0.21129969 0.33917623 0.91668529
vn 0.15260190 0.36935161 0.91667445
vn -0.00000009 -0.73533550 0.67770325
vn 0.19839010 -0.70806501 0.67770592
vn 0.00000027 0.00000000 1.00000000
vn -0.19838994 -0.70806513 0.67770584
vn -0.65289288 -0.33830211 0.67770389
vn -0.53740852 -0.50190355 0.67770563
vn -0.38206800 -0.62828558 0.67770294
vn -0.69287644 0.24624953 0.67770451
vn -0.73362021 0.05018142 0.67770436
vn -0.71995404 -0.14960722 0.67770484
vn -0.29295678 0.67445693 0.67770508
vn -0.46406127 0.57040776 0.67770356
vn -0.60074631 0.42405119 0.67770529
vn 0.29295697 0.67445683 0.67770510
vn 0.10012921 0.72848543 0.67770430
vn -0.10012895 0.72848556 0.67770420
vn 0.69287659 0.24624958 0.67770435
vn 0.60074652 0.42405105 0.67770519
vn 0.46406166 0.57040796 0.67770313
vn 0.65289265 -0.33830239 0.67770398
vn 0.71995437 -0.14960759 0.67770442
vn 0.73362026 0.05018175 0.67770429
vn 0.38206830 -0.62828542 0.67770292
vn 0.53740902 -0.50190355 0.67770522
vn -0.00000005 -0.67361762 0.73908004
vn -0.18174024 -0.64864140 0.73907700
vn -0.35000002 -0.57555206 0.73908039
vn -0.49230645 -0.45978138 0.73907742
vn -0.59809559 -0.30990842 0.73907945
vn -0.65953030 -0.13705110 0.73907833
vn -0.67204849 0.04596976 0.73907889
vn -0.63472458 0.22558225 0.73907872
vn -0.55032813 0.38846235 0.73907777
vn -0.42511212 0.52253292 0.73907985
vn -0.26836992 0.61785232 0.73907787
vn -0.09172521 0.66734462 0.73907892
vn 0.09172562 0.66734469 0.73907880
vn 0.26837035 0.61785239 0.73907765
vn 0.42511218 0.52253265 0.73908001
vn 0.55032849 0.38846225 0.73907755
vn 0.63472478 0.22558232 0.73907853
vn 0.67204879 0.04597009 0.73907860
vn 0.65953012 -0.13705134 0.73907845
vn 0.59809591 -0.30990895 0.73907897
vn 0.49230668 -0.45978099 0.73907752
vn 0.35000053 -0.57555194 0.73908024
vn 0.18174052 -0.64864144 0.73907690
vn 0.46025380 -0.60056687 0.65382404
vn 0.35593303 -0.85387666 0.37974509
vn 0.92422422 -0.38185021 0.00000000
vn 0.31681263 -0.94848540 -0.00228135
vn 0.35370947 -0.85535561 -0.37849226
vn 0.85529999 0.35465552 0.37773190
vn 0.74928735 0.09886310 0.65482406
vn 0.60577809 -0.24927167 0.75557696
vn 0.74835109 0.10040069 -0.65566024
vn 0.85415236 0.35654020 -0.37855361
vn 0.89342063 0.44921961 -0.00114793
vn 0.45936942 -0.59930470 -0.65560172
vn 0.60383530 -0.24946598 -0.75706648
vn -0.46032292 0.60051485 0.65382316
vn -0.35598005 0.85389165 0.37966730
vn -0.92422585 0.38184628 0.00000052
vn -0.31681101 0.94848594 -0.00228115
vn -0.35370831 0.85535675 -0.37849076
vn -0.85529873 -0.35465834 0.37773210
vn -0.74952911 -0.09895494 0.65453344
vn -0.60585413 0.24962891 0.75539802
vn -0.74833436 -0.10041907 -0.65567652
vn -0.85450427 -0.35504690 -0.37916243
vn -0.89391314 -0.44824023 0.00000028
vn -0.45937211 0.59930438 -0.65560013
vn -0.60383721 0.24946583 -0.75706500
vn 0.08971544 0.38939338 0.91669184
vn 0.02440182 0.39886373 0.91668549
vn -0.26424123 -0.29976946 0.91668689
vn -0.21129772 -0.33917509 0.91668617
vn -0.27692408 0.28809118 0.91668780
vn -0.37507465 -0.13787687 0.91668369
vn -0.34727066 -0.19773488 0.91668097
vn -0.30998049 -0.25219049 0.91668536
vn -0.32057396 0.23859244 0.91668205
vn -0.35546157 0.18256454 0.91668820
vn -0.38066889 0.12157095 0.91668517
vn -0.04158219 0.39744282 0.91668431
vn -0.10643400 0.38519306 0.91667776
vn -0.16838296 0.36241967 0.91667833
vn -0.22573237 0.32974866 0.91668463
vn -0.39548659 0.05725646 0.91668536
vn -0.39951723 -0.00861916 0.91668516
vn -0.39264888 -0.07425996 0.91668551
vn -0.63965757 0.17694376 -0.74801678
vn -0.54853029 -0.04576394 -0.83487734
vn -0.50666877 -0.17644889 -0.84389131
vn -0.51877890 -0.31309184 -0.79551364
vn -0.57293414 0.12600086 0.80985817
vn -0.53331388 -0.03129810 0.84533824
vn -0.50631668 -0.17600863 0.84419452
vn -0.51205385 -0.30301171 0.80373177
vn -0.54239137 -0.43816795 0.71681271
vn -0.53058209 -0.43469460 0.72768348
vn -0.58478867 -0.56504086 0.58202323
vn -0.61487861 -0.64896527 0.44807184
vn -0.63569391 -0.69385442 0.33831833
vn -0.65549928 -0.72235280 0.22028875
vn -0.67098565 -0.73367169 0.10725719
vn -0.68443478 -0.72907409 0.00011520
vn -0.67144421 -0.73331089 -0.10685417
vn -0.65590790 -0.72220621 -0.21955184
vn -0.62001647 -0.64491100 -0.44684380
vn -0.63714800 -0.69312306 -0.33707987
vn -0.53954132 -0.41488497 -0.73264290
vn -0.55495550 -0.49725991 -0.66690103
vn -0.57810969 -0.56464053 -0.58904182
vn -0.51792277 -0.05145290 -0.85387857
vn -0.61768251 0.14671152 0.77262155
vn -0.75745138 0.32477900 0.56637974
vn -0.89347997 0.44695157 -0.04390718
vn -0.78816117 0.35442999 -0.50317129
vn 0.20806479 0.90305786 0.37575995
vn 0.05658791 0.92499218 0.37574895
vn -0.09643216 0.92169198 0.37574556
vn -0.24682115 0.89325510 0.37573214
vn -0.39047990 0.84044655 0.37573267
vn -0.52348644 0.76470719 0.37574575
vn -0.64221194 0.66811209 0.37575265
vn -0.74342271 0.55330028 0.37574122
vn -0.82434920 0.42338846 0.37575339
vn -0.88279609 0.28193039 0.37574767
vn -0.91716002 0.13278204 0.37574783
vn -0.92650651 -0.01998880 0.37574743
vn -0.91057971 -0.17221469 0.37574818
vn -0.86981673 -0.31974212 0.37574437
vn -0.80547796 -0.45638568 0.37804413
vn -0.71712938 -0.58477791 0.37915727
vn -0.61148103 -0.69540599 0.37749366
vn -0.48977659 -0.78650622 0.37620055
vn -0.48983335 -0.78651901 -0.37609990
vn -0.61194468 -0.69525524 -0.37701970
vn -0.80514481 -0.45814295 -0.37662565
vn -0.71899211 -0.58424233 -0.37644555
vn -0.86981693 -0.31974212 -0.37574392
vn -0.91058004 -0.17221453 -0.37574744
vn -0.92650661 -0.01998883 -0.37574719
vn -0.91716011 0.13278208 -0.37574760
vn -0.88279634 0.28193009 -0.37574730
vn -0.82434886 0.42338912 -0.37575339
vn -0.74342370 0.55329905 -0.37574108
vn -0.64221138 0.66811284 -0.37575228
vn -0.52348619 0.76470715 -0.37574617
vn -0.39048054 0.84044610 -0.37573302
vn -0.24682212 0.89325506 -0.37573160
vn -0.09643180 0.92169223 -0.37574506
vn 0.05658719 0.92499245 -0.37574841
vn 0.20806709 0.90305697 -0.37576081
vn -0.21129894 -0.33917635 -0.91668542
vn -0.26424189 -0.29976917 -0.91668679
vn -0.30998148 -0.25219015 -0.91668512
vn -0.34727076 -0.19773555 -0.91668079
vn -0.37507468 -0.13787675 -0.91668369
vn -0.39264902 -0.07425970 -0.91668547
vn -0.39951745 -0.00861917 -0.91668507
vn -0.39548690 0.05725650 -0.91668523
vn -0.38066913 0.12157053 -0.91668513
vn -0.35546162 0.18256541 -0.91668801
vn -0.32057524 0.23859098 -0.91668199
vn -0.27692337 0.28809185 -0.91668780
vn -0.22573280 0.32974926 -0.91668431
vn -0.16838420 0.36241961 -0.91667813
vn -0.10643519 0.38519239 -0.91667790
vn -0.04158192 0.39744231 -0.91668455
vn 0.02440072 0.39886330 -0.91668570
vn 0.08971810 0.38939347 -0.91669154
f 1//1 2//2 3//3
f 3//3 2//2 4//4
f 3//3 4//4 5//5
f 6//6 7//7 3//3
f 3//3 7//7 8//8
f 3//3 8//8 1//1
f 9//9 10//10 3//3
f 3//3 10//10 11//11
f 3//3 11//11 6//6
f 5//5 12//12 3//3
f 3//3 12//12 13//13
f 3//3 13//13 9//9
f 14//14 2//2 15//15
f 15//15 2//2 1//1
f 15//15 1//1 16//16
f 16//16 1//1 8//8
f 16//16 8//8 17//17
f 17//17 8//8 7//7
f 17//17 7//7 18//18
f 18//18 7//7 6//6
f 18//18 6//6 19//19
f 19//19 6//6 11//11
f 19//19 11//11 20//20
f 20//20 11//11 10//10
f 20//20 10//10 21//21
f 21//21 10//10 9//9
f 21//21 9//9 22//22
f 22//22 9//9 13//13
f 22//22 13//13 23//23
f 23//23 13//13 12//12
f 23//23 12//12 24//24
f 24//24 12//12 5//5
f 24//24 5//5 25//25
f 25//25 5//5 4//4
f 25//25 4//4 14//14
f 14//14 4//4 2//2
f 26//26 27//27 28//28
f 29//29 30//30 31//31
f 32//32 33//33 34//34
f 35//35 36//36 37//37
f 38//38 39//39 40//40
f 41//41 42//42 43//43
f 44//44 45//45 46//46
f 47//47 48//48 49//49
f 49//49 48//48 50//50
f 49//49 50//50 51//51
f 52//52 53//53 54//54
f 54//54 53//53 55//55
f 54//54 55//55 56//56
f 57//57 58//58 59//59
f 57//57 59//59 60//60
f 30//30 61//61 62//62
f 63//63 64//64 29//29
f 29//29 64//64 65//65
f 61//61 30//30 66//66
f 66//66 30//30 29//29
f 66//66 29//29 37//37
f 37//37 29//29 65//65
f 37//37 65//65 35//35
f 67//67 68//68 69//69
f 70//70 71//71 69//69
f 69//69 71//71 72//72
f 69//69 72//72 67//67
f 67//67 72//72 73//73
f 67//67 73//73 74//74
f 75//75 76//76 77//77
f 77//77 76//76 68//68
f 77//77 68//68 78//78
f 78//78 68//68 67//67
f 78//78 67//67 79//79
f 79//79 67//67 74//74
f 79//79 74//74 80//80
f 81//81 70//70 82//82
f 82//82 70//70 69//69
f 82//82 69//69 83//83
f 83//83 69//69 68//68
f 83//83 68//68 84//84
f 84//84 68//68 76//76
f 28//28 27//27 85//85
f 85//85 27//27 86//86
f 87//87 88//88 89//89
f 89//89 88//88 90//90
f 89//89 90//90 91//91
f 86//86 92//92 85//85
f 85//85 92//92 93//93
f 93//93 92//92 94//94
f 58//58 52//52 59//59
f 59//59 52//52 54//54
f 59//59 54//54 95//95
f 54//54 96//96 95//95
f 95//95 96//96 97//97
f 95//95 97//97 98//98
f 98//98 97//97 99//99
f 98//98 99//99 100//100
f 100//100 99//99 101//101
f 100//100 101//101 102//102
f 102//102 101//101 103//103
f 102//102 103//103 104//104
f 104//104 103//103 105//105
f 104//104 105//105 106//106
f 106//106 105//105 107//107
f 106//106 107//107 108//108
f 108//108 107//107 87//87
f 108//108 87//87 109//109
f 109//109 87//87 89//89
f 109//109 89//89 110//110
f 110//110 89//89 91//91
f 110//110 91//91 111//111
f 112//112 113//113 114//114
f 114//114 113//113 115//115
f 116//116 117//117 118//118
f 118//118 117//117 119//119
f 115//115 113//113 120//120
f 115//115 120//120 116//116
f 116//116 120//120 117//117
f 121//121 122//122 123//123
f 121//121 123//123 124//124
f 118//118 119//119 125//125
f 118//118 125//125 121//121
f 121//121 125//125 122//122
f 126//126 47//47 127//127
f 127//127 47//47 49//49
f 127//127 49//49 128//128
f 128//128 49//49 114//114
f 128//128 114//114 129//129
f 129//129 114//114 115//115
f 129//129 115//115 130//130
f 130//130 115//115 116//116
f 130//130 116//116 131//131
f 131//131 116//116 118//118
f 131//131 118//118 132//132
f 132//132 118//118 121//121
f 132//132 121//121 133//133
f 133//133 121//121 124//124
f 133//133 124//124 134//134
f 134//134 124//124 135//135
f 134//134 135//135 136//136
f 112//112 114//114 137//137
f 137//137 114//114 49//49
f 137//137 49//49 44//44
f 44//44 49//49 51//51
f 44//44 51//51 45//45
f 56//56 126//126 54//54
f 54//54 126//126 127//127
f 54//54 127//127 96//96
f 96//96 127//127 128//128
f 96//96 128//128 97//97
f 97//97 128//128 129//129
f 97//97 129//129 99//99
f 99//99 129//129 130//130
f 99//99 130//130 101//101
f 101//101 130//130 131//131
f 101//101 131//131 103//103
f 103//103 131//131 132//132
f 103//103 132//132 105//105
f 105//105 132//132 133//133
f 105//105 133//133 107//107
f 107//107 133//133 134//134
f 107//107 134//134 87//87
f 87//87 134//134 136//136
f 87//87 136//136 88//88
f 138//138 139//139 140//140
f 140//140 139//139 141//141
f 140//140 141//141 142//142
f 142//142 141//141 143//143
f 142//142 143//143 144//144
f 145//145 146//146 147//147
f 147//147 146//146 148//148
f 147//147 148//148 149//149
f 149//149 148//148 150//150
f 149//149 150//150 138//138
f 138//138 150//150 151//151
f 138//138 151//151 139//139
f 80//80 152//152 79//79
f 79//79 152//152 153//153
f 79//79 153//153 154//154
f 33//33 32//32 155//155
f 155//155 32//32 156//156
f 155//155 156//156 157//157
f 157//157 156//156 147//147
f 157//157 147//147 158//158
f 158//158 147//147 149//149
f 158//158 149//149 159//159
f 159//159 149//149 138//138
f 159//159 138//138 160//160
f 160//160 138//138 140//140
f 160//160 140//140 31//31
f 31//31 140//140 142//142
f 31//31 142//142 29//29
f 29//29 142//142 144//144
f 29//29 144//144 63//63
f 161//161 162//162 163//163
f 163//163 162//162 75//75
f 163//163 75//75 34//34
f 34//34 75//75 77//77
f 34//34 77//77 32//32
f 32//32 77//77 78//78
f 32//32 78//78 156//156
f 156//156 78//78 79//79
f 156//156 79//79 147//147
f 147//147 79//79 154//154
f 147//147 154//154 145//145
f 39//39 41//41 40//40
f 40//40 41//41 43//43
f 40//40 43//43 164//164
f 164//164 43//43 165//165
f 164//164 165//165 166//166
f 166//166 165//165 167//167
f 166//166 167//167 168//168
f 168//168 167//167 169//169
f 168//168 169//169 170//170
f 170//170 171//171 172//172
f 172//172 171//171 173//173
f 172//172 173//173 174//174
f 174//174 173//173 175//175
f 169//169 176//176 170//170
f 170//170 176//176 177//177
f 170//170 177//177 171//171
f 171//171 177//177 178//178
f 171//171 178//178 173//173
f 173//173 178//178 179//179
f 173//173 179//179 175//175
f 175//175 179//179 180//180
f 175//175 180//180 181//181
f 182//182 161//161 183//183
f 183//183 161//161 163//163
f 183//183 163//163 181//181
f 181//181 163//163 34//34
f 181//181 34//34 175//175
f 175//175 34//34 33//33
f 175//175 33//33 174//174
f 174//174 33//33 155//155
f 174//174 155//155 172//172
f 172//172 155//155 157//157
f 172//172 157//157 170//170
f 170//170 157//157 158//158
f 170//170 158//158 168//168
f 168//168 158//158 159//159
f 168//168 159//159 166//166
f 166//166 159//159 160//160
f 166//166 160//160 164//164
f 164//164 160//160 31//31
f 164//164 31//31 40//40
f 40//40 31//31 30//30
f 40//40 30//30 38//38
f 38//38 30//30 62//62
f 94//94 184//184 93//93
f 93//93 184//184 185//185
f 93//93 185//185 186//186
f 90//90 187//187 91//91
f 91//91 187//187 188//188
f 91//91 188//188 111//111
f 111//111 188//188 189//189
f 111//111 189//189 182//182
f 123//123 190//190 124//124
f 124//124 190//190 135//135
f 135//135 190//190 191//191
f 191//191 26//26 135//135
f 135//135 26//26 28//28
f 135//135 28//28 136//136
f 136//136 28//28 85//85
f 136//136 85//85 88//88
f 88//88 85//85 93//93
f 88//88 93//93 90//90
f 90//90 93//93 186//186
f 90//90 186//186 187//187
f 182//182 183//183 111//111
f 111//111 183//183 181//181
f 111//111 181//181 110//110
f 110//110 181//181 180//180
f 110//110 180//180 109//109
f 109//109 180//180 179//179
f 109//109 179//179 108//108
f 108//108 179//179 178//178
f 108//108 178//178 106//106
f 106//106 178//178 177//177
f 106//106 177//177 104//104
f 104//104 177//177 176//176
f 104//104 176//176 102//102
f 102//102 176//176 169//169
f 102//102 169//169 100//100
f 100//100 169//169 167//167
f 100//100 167//167 98//98
f 98//98 167//167 165//165
f 98//98 165//165 95//95
f 95//95 165//165 43//43
f 95//95 43//43 59//59
f 59//59 43//43 42//42
f 59//59 42//42 60//60
f 192//192 193//193 194//194
f 195//195 196//196 197//197
f 196//196 195//195 198//198
f 199//199 200//200 201//201
f 202//202 203//203 204//204
f 205//205 206//206 207//207
f 208//208 209//209 210//210
f 211//211 212//212 213//213
f 213//213 212//212 214//214
f 213//213 214//214 215//215
f 216//216 217//217 218//218
f 218//218 217//217 219//219
f 220//220 221//221 222//222
f 223//223 224//224 225//225
f 225//225 224//224 226//226
f 227//227 228//228 229//229
f 229//229 228//228 230//230
f 205//205 207//207 231//231
f 44//44 46//46 232//232
f 232//232 46//46 233//233
f 232//232 233//233 234//234
f 112//112 137//137 232//232
f 232//232 137//137 44//44
f 235//235 113//113 112//112
f 235//235 112//112 236//236
f 236//236 112//112 232//232
f 113//113 235//235 120//120
f 120//120 235//235 237//237
f 120//120 237//237 117//117
f 117//117 237//237 238//238
f 117//117 238//238 119//119
f 239//239 122//122 125//125
f 239//239 125//125 238//238
f 238//238 125//125 119//119
f 122//122 239//239 123//123
f 123//123 239//239 240//240
f 123//123 240//240 190//190
f 26//26 191//191 241//241
f 241//241 191//191 240//240
f 240//240 191//191 190//190
f 92//92 86//86 242//242
f 242//242 86//86 27//27
f 242//242 27//27 241//241
f 241//241 27//27 26//26
f 243//243 244//244 245//245
f 245//245 244//244 204//204
f 204//204 203//203 199//199
f 199//199 203//203 246//246
f 199//199 246//246 200//200
f 247//247 248//248 249//249
f 250//250 251//251 252//252
f 252//252 251//251 253//253
f 252//252 253//253 192//192
f 251//251 254//254 253//253
f 253//253 254//254 255//255
f 253//253 255//255 192//192
f 192//192 255//255 256//256
f 192//192 256//256 193//193
f 257//257 258//258 259//259
f 259//259 258//258 260//260
f 261//261 251//251 262//262
f 262//262 251//251 250//250
f 262//262 250//250 263//263
f 94//94 92//92 264//264
f 264//264 92//92 242//242
f 264//264 242//242 265//265
f 184//184 94//94 266//266
f 266//266 94//94 264//264
f 266//266 264//264 267//267
f 267//267 264//264 265//265
f 267//267 265//265 268//268
f 230//230 223//223 229//229
f 229//229 223//223 225//225
f 229//229 225//225 269//269
f 269//269 225//225 270//270
f 269//269 270//270 271//271
f 271//271 270//270 272//272
f 273//273 274//274 275//275
f 275//275 274//274 276//276
f 275//275 276//276 277//277
f 277//277 276//276 278//278
f 277//277 278//278 279//279
f 279//279 278//278 280//280
f 279//279 280//280 281//281
f 281//281 280//280 282//282
f 281//281 282//282 272//272
f 272//272 282//282 283//283
f 272//272 283//283 271//271
f 197//197 268//268 195//195
f 195//195 268//268 265//265
f 195//195 265//265 284//284
f 284//284 265//265 242//242
f 284//284 242//242 285//285
f 285//285 242//242 241//241
f 285//285 241//241 286//286
f 286//286 241//241 240//240
f 286//286 240//240 287//287
f 287//287 240//240 239//239
f 287//287 239//239 288//288
f 288//288 239//239 238//238
f 288//288 238//238 289//289
f 289//289 238//238 237//237
f 289//289 237//237 290//290
f 290//290 237//237 235//235
f 290//290 235//235 291//291
f 291//291 235//235 236//236
f 291//291 236//236 207//207
f 207//207 236//236 232//232
f 207//207 232//232 231//231
f 231//231 232//232 234//234
f 206//206 227//227 207//207
f 207//207 227//227 229//229
f 207//207 229//229 291//291
f 291//291 229//229 269//269
f 291//291 269//269 290//290
f 290//290 269//269 271//271
f 290//290 271//271 289//289
f 289//289 271//271 283//283
f 289//289 283//283 288//288
f 288//288 283//283 282//282
f 288//288 282//282 287//287
f 287//287 282//282 280//280
f 287//287 280//280 286//286
f 286//286 280//280 278//278
f 286//286 278//278 285//285
f 285//285 278//278 276//276
f 285//285 276//276 284//284
f 284//284 276//276 274//274
f 284//284 274//274 195//195
f 195//195 274//274 273//273
f 195//195 273//273 198//198
f 212//212 292//292 214//214
f 214//214 292//292 293//293
f 214//214 293//293 294//294
f 295//295 296//296 297//297
f 297//297 296//296 298//298
f 297//297 298//298 299//299
f 299//299 298//298 300//300
f 299//299 300//300 301//301
f 209//209 215//215 210//210
f 210//210 215//215 214//214
f 210//210 214//214 300//300
f 300//300 214//214 294//294
f 300//300 294//294 301//301
f 295//295 302//302 296//296
f 296//296 302//302 303//303
f 296//296 303//303 304//304
f 303//303 305//305 304//304
f 304//304 305//305 306//306
f 304//304 306//306 307//307
f 307//307 306//306 308//308
f 307//307 308//308 309//309
f 310//310 311//311 244//244
f 310//310 244//244 309//309
f 311//311 312//312 244//244
f 244//244 312//312 313//313
f 244//244 313//313 204//204
f 204//204 313//313 314//314
f 204//204 314//314 202//202
f 309//309 244//244 307//307
f 307//307 244//244 243//243
f 307//307 243//243 304//304
f 304//304 243//243 315//315
f 304//304 315//315 296//296
f 296//296 315//315 316//316
f 296//296 316//316 298//298
f 298//298 316//316 317//317
f 298//298 317//317 300//300
f 300//300 317//317 318//318
f 300//300 318//318 210//210
f 222//222 216//216 220//220
f 220//220 216//216 218//218
f 220//220 218//218 319//319
f 319//319 218//218 320//320
f 319//319 320//320 321//321
f 321//321 320//320 322//322
f 321//321 322//322 323//323
f 323//323 322//322 324//324
f 323//323 324//324 325//325
f 325//325 324//324 326//326
f 325//325 326//326 327//327
f 327//327 326//326 328//328
f 327//327 328//328 329//329
f 329//329 328//328 330//330
f 329//329 330//330 331//331
f 331//331 330//330 332//332
f 331//331 332//332 249//249
f 248//248 263//263 249//249
f 249//249 263//263 250//250
f 249//249 250//250 331//331
f 331//331 250//250 252//252
f 331//331 252//252 329//329
f 329//329 252//252 192//192
f 329//329 192//192 327//327
f 327//327 192//192 194//194
f 327//327 194//194 325//325
f 201//201 247//247 199//199
f 199//199 247//247 249//249
f 199//199 249//249 204//204
f 204//204 249//249 332//332
f 204//204 332//332 245//245
f 245//245 332//332 330//330
f 245//245 330//330 243//243
f 243//243 330//330 328//328
f 243//243 328//328 315//315
f 315//315 328//328 326//326
f 315//315 326//326 316//316
f 316//316 326//326 324//324
f 316//316 324//324 317//317
f 317//317 324//324 322//322
f 317//317 322//322 318//318
f 318//318 322//322 320//320
f 318//318 320//320 210//210
f 210//210 320//320 218//218
f 210//210 218//218 208//208
f 208//208 218//218 219//219
f 260//260 333//333 259//259
f 259//259 333//333 334//334
f 259//259 334//334 197//197
f 197//197 334//334 335//335
f 197//197 335//335 268//268
f 268//268 335//335 336//336
f 268//268 336//336 267//267
f 267//267 336//336 337//337
f 267//267 337//337 266//266
f 266//266 337//337 185//185
f 266//266 185//185 184//184
f 226//226 338//338 225//225
f 225//225 338//338 221//221
f 225//225 221//221 270//270
f 270//270 221//221 220//220
f 270//270 220//220 272//272
f 272//272 220//220 319//319
f 272//272 319//319 281//281
f 281//281 319//319 321//321
f 281//281 321//321 279//279
f 279//279 321//321 323//323
f 279//279 323//323 277//277
f 277//277 323//323 325//325
f 277//277 325//325 275//275
f 275//275 325//325 194//194
f 275//275 194//194 273//273
f 273//273 194//194 193//193
f 273//273 193//193 198//198
f 198//198 193//193 256//256
f 198//198 256//256 196//196
f 196//196 256//256 255//255
f 196//196 255//255 197//197
f 197//197 255//255 254//254
f 197//197 254//254 259//259
f 259//259 254//254 251//251
f 259//259 251//251 257//257
f 257//257 251//251 261//261
f 257//257 261//261 258//258
f 18//18 41//41 39//39
f 126//126 56//56 19//19
f 339//339 340//340 14//14
f 41//41 18//18 42//42
f 341//341 342//342 15//15
f 66//66 37//37 17//17
f 17//17 37//37 36//36
f 17//17 36//36 343//343
f 21//21 227//227 206//206
f 344//344 345//345 15//15
f 15//15 345//345 346//346
f 15//15 346//346 347//347
f 227//227 21//21 228//228
f 15//15 342//342 14//14
f 14//14 342//342 348//348
f 14//14 348//348 339//339
f 343//343 349//349 17//17
f 17//17 349//349 350//350
f 17//17 350//350 351//351
f 39//39 38//38 18//18
f 18//18 38//38 62//62
f 18//18 62//62 17//17
f 17//17 62//62 61//61
f 17//17 61//61 66//66
f 50//50 48//48 19//19
f 19//19 48//48 47//47
f 19//19 47//47 126//126
f 352//352 353//353 16//16
f 16//16 353//353 354//354
f 16//16 354//354 355//355
f 355//355 356//356 16//16
f 16//16 356//356 357//357
f 16//16 357//357 15//15
f 15//15 357//357 358//358
f 15//15 358//358 344//344
f 351//351 359//359 17//17
f 17//17 359//359 360//360
f 17//17 360//360 16//16
f 16//16 360//360 361//361
f 16//16 361//361 352//352
f 233//233 46//46 20//20
f 20//20 46//46 45//45
f 20//20 45//45 19//19
f 19//19 45//45 51//51
f 19//19 51//51 50//50
f 206//206 205//205 21//21
f 21//21 205//205 231//231
f 21//21 231//231 20//20
f 20//20 231//231 234//234
f 20//20 234//234 233//233
f 362//362 363//363 23//23
f 364//364 365//365 24//24
f 347//347 366//366 15//15
f 15//15 366//366 367//367
f 15//15 367//367 341//341
f 56//56 55//55 19//19
f 19//19 55//55 53//53
f 19//19 53//53 52//52
f 52//52 58//58 19//19
f 19//19 58//58 57//57
f 19//19 57//57 18//18
f 18//18 57//57 60//60
f 18//18 60//60 42//42
f 25//25 368//368 369//369
f 364//364 24//24 370//370
f 340//340 371//371 14//14
f 14//14 371//371 372//372
f 14//14 372//372 25//25
f 216//216 222//222 22//22
f 22//22 222//222 221//221
f 22//22 221//221 338//338
f 22//22 223//223 21//21
f 21//21 223//223 230//230
f 21//21 230//230 228//228
f 363//363 373//373 23//23
f 23//23 373//373 374//374
f 23//23 374//374 211//211
f 369//369 375//375 25//25
f 25//25 375//375 376//376
f 25//25 376//376 24//24
f 24//24 376//376 377//377
f 24//24 377//377 370//370
f 372//372 378//378 25//25
f 25//25 378//378 379//379
f 25//25 379//379 380//380
f 338//338 226//226 22//22
f 22//22 226//226 224//224
f 22//22 224//224 223//223
f 208//208 219//219 22//22
f 22//22 219//219 217//217
f 22//22 217//217 216//216
f 365//365 381//381 24//24
f 24//24 381//381 382//382
f 24//24 382//382 383//383
f 380//380 384//384 25//25
f 25//25 384//384 385//385
f 25//25 385//385 368//368
f 211//211 213//213 23//23
f 23//23 213//213 215//215
f 23//23 215//215 22//22
f 22//22 215//215 209//209
f 22//22 209//209 208//208
f 383//383 386//386 24//24
f 24//24 386//386 387//387
f 24//24 387//387 23//23
f 23//23 387//387 388//388
f 23//23 388//388 362//362
f 389//389 390//390 391//391
f 391//391 390//390 392//392
f 391//391 392//392 393//393
f 394//394 395//395 396//396
f 397//397 398//398 399//399
f 397//397 399//399 400//400
f 401//401 402//402 398//398
f 401//401 398//398 403//403
f 403//403 398//398 397//397
f 378//378 372//372 404//404
f 404//404 372//372 371//371
f 404//404 371//371 340//340
f 404//404 402//402 378//378
f 378//378 402//402 401//401
f 378//378 401//401 379//379
f 379//379 401//401 380//380
f 380//380 401//401 384//384
f 384//384 401//401 405//405
f 384//384 405//405 385//385
f 406//406 407//407 394//394
f 394//394 407//407 397//397
f 394//394 397//397 395//395
f 395//395 397//397 400//400
f 408//408 409//409 392//392
f 392//392 409//409 410//410
f 392//392 410//410 411//411
f 411//411 410//410 412//412
f 411//411 412//412 413//413
f 393//393 392//392 396//396
f 396//396 392//392 411//411
f 396//396 411//411 394//394
f 394//394 411//411 413//413
f 394//394 413//413 406//406
f 414//414 408//408 415//415
f 415//415 408//408 392//392
f 415//415 392//392 416//416
f 416//416 392//392 390//390
f 407//407 417//417 397//397
f 397//397 417//417 418//418
f 397//397 418//418 403//403
f 403//403 418//418 419//419
f 403//403 419//419 401//401
f 401//401 419//419 420//420
f 401//401 420//420 405//405
f 421//421 389//389 391//391
f 422//422 423//423 424//424
f 424//424 341//341 367//367
f 424//424 367//367 422//422
f 422//422 367//367 366//366
f 422//422 366//366 347//347
f 341//341 424//424 342//342
f 342//342 424//424 402//402
f 342//342 402//402 404//404
f 340//340 339//339 404//404
f 404//404 339//339 348//348
f 404//404 348//348 342//342
f 395//395 425//425 426//426
f 426//426 425//425 427//427
f 428//428 429//429 430//430
f 430//430 429//429 431//431
f 427//427 432//432 426//426
f 426//426 432//432 433//433
f 426//426 433//433 431//431
f 431//431 433//433 434//434
f 431//431 434//434 430//430
f 435//435 436//436 437//437
f 437//437 436//436 424//424
f 437//437 424//424 438//438
f 438//438 424//424 423//423
f 439//439 440//440 441//441
f 441//441 440//440 429//429
f 441//441 429//429 442//442
f 442//442 429//429 428//428
f 395//395 426//426 396//396
f 396//396 426//426 431//431
f 396//396 431//431 393//393
f 393//393 431//431 429//429
f 393//393 429//429 391//391
f 391//391 429//429 440//440
f 391//391 440//440 421//421
f 435//435 443//443 436//436
f 436//436 443//443 444//444
f 436//436 444//444 425//425
f 425//425 444//444 445//445
f 425//425 445//445 427//427
f 395//395 400//400 425//425
f 425//425 400//400 399//399
f 425//425 399//399 436//436
f 436//436 399//399 398//398
f 436//436 398//398 424//424
f 424//424 398//398 402//402
f 70//70 81//81 446//446
f 447//447 448//448 449//449
f 423//423 422//422 450//450
f 451//451 452//452 453//453
f 454//454 455//455 456//456
f 357//357 457//457 358//358
f 349//349 343//343 458//458
f 349//349 458//458 350//350
f 350//350 459//459 351//351
f 351//351 459//459 460//460
f 461//461 360//360 460//460
f 460//460 360//360 359//359
f 460//460 359//359 351//351
f 353//353 352//352 461//461
f 461//461 352//352 361//361
f 461//461 361//361 360//360
f 358//358 457//457 344//344
f 344//344 457//457 450//450
f 344//344 450//450 345//345
f 345//345 450//450 346//346
f 346//346 450//450 422//422
f 346//346 422//422 347//347
f 455//455 454//454 462//462
f 462//462 454//454 463//463
f 462//462 463//463 464//464
f 465//465 466//466 467//467
f 467//467 466//466 468//468
f 143//143 468//468 144//144
f 144//144 468//468 466//466
f 144//144 466//466 63//63
f 63//63 466//466 64//64
f 350//350 458//458 459//459
f 459//459 458//458 466//466
f 459//459 466//466 460//460
f 460//460 466//466 465//465
f 460//460 465//465 461//461
f 343//343 36//36 458//458
f 458//458 36//36 35//35
f 458//458 35//35 466//466
f 466//466 35//35 65//65
f 466//466 65//65 64//64
f 354//354 353//353 456//456
f 456//456 353//353 461//461
f 456//456 461//461 454//454
f 454//454 461//461 465//465
f 454//454 465//465 463//463
f 463//463 465//465 467//467
f 463//463 467//467 469//469
f 469//469 467//467 468//468
f 469//469 468//468 470//470
f 471//471 472//472 473//473
f 464//464 474//474 475//475
f 475//475 474//474 476//476
f 475//475 476//476 477//477
f 477//477 476//476 478//478
f 477//477 478//478 479//479
f 471//471 473//473 480//480
f 480//480 473//473 481//481
f 480//480 481//481 482//482
f 482//482 481//481 483//483
f 482//482 483//483 484//484
f 148//148 146//146 478//478
f 478//478 146//146 145//145
f 478//478 145//145 479//479
f 479//479 145//145 154//154
f 479//479 154//154 153//153
f 153//153 483//483 479//479
f 479//479 483//483 481//481
f 479//479 481//481 477//477
f 477//477 481//481 473//473
f 477//477 473//473 475//475
f 475//475 473//473 472//472
f 475//475 472//472 464//464
f 73//73 72//72 484//484
f 153//153 152//152 483//483
f 483//483 152//152 80//80
f 483//483 80//80 484//484
f 484//484 80//80 74//74
f 484//484 74//74 73//73
f 434//434 433//433 485//485
f 485//485 433//433 432//432
f 432//432 486//486 485//485
f 485//485 486//486 487//487
f 485//485 487//487 453//453
f 488//488 489//489 487//487
f 453//453 452//452 485//485
f 485//485 452//452 490//490
f 485//485 490//490 434//434
f 491//491 428//428 490//490
f 490//490 428//428 430//430
f 490//490 430//430 434//434
f 491//491 490//490 492//492
f 492//492 490//490 452//452
f 492//492 452//452 493//493
f 493//493 452//452 451//451
f 493//493 451//451 494//494
f 442//442 495//495 441//441
f 441//441 495//495 496//496
f 441//441 496//496 439//439
f 487//487 489//489 453//453
f 453//453 489//489 497//497
f 453//453 497//497 451//451
f 451//451 497//497 498//498
f 451//451 498//498 494//494
f 494//494 498//498 499//499
f 494//494 499//499 500//500
f 500//500 499//499 501//501
f 500//500 501//501 502//502
f 437//437 438//438 448//448
f 448//448 438//438 423//423
f 437//437 448//448 435//435
f 435//435 448//448 447//447
f 435//435 447//447 443//443
f 432//432 427//427 486//486
f 486//486 427//427 445//445
f 486//486 445//445 447//447
f 447//447 445//445 444//444
f 447//447 444//444 443//443
f 423//423 450//450 448//448
f 448//448 450//450 457//457
f 448//448 457//457 449//449
f 449//449 457//457 357//357
f 449//449 357//357 356//356
f 488//488 503//503 504//504
f 504//504 503//503 505//505
f 504//504 505//505 506//506
f 506//506 505//505 507//507
f 506//506 507//507 508//508
f 488//488 487//487 503//503
f 503//503 487//487 486//486
f 503//503 486//486 505//505
f 505//505 486//486 447//447
f 505//505 447//447 507//507
f 507//507 447//447 449//449
f 507//507 449//449 508//508
f 508//508 449//449 356//356
f 508//508 356//356 355//355
f 71//71 70//70 509//509
f 509//509 70//70 446//446
f 509//509 446//446 501//501
f 501//501 446//446 510//510
f 501//501 510//510 502//502
f 143//143 141//141 468//468
f 468//468 141//141 139//139
f 468//468 139//139 470//470
f 470//470 139//139 151//151
f 470//470 151//151 150//150
f 464//464 463//463 474//474
f 474//474 463//463 469//469
f 474//474 469//469 476//476
f 476//476 469//469 470//470
f 476//476 470//470 478//478
f 478//478 470//470 150//150
f 478//478 150//150 148//148
f 502//502 511//511 500//500
f 500//500 511//511 512//512
f 500//500 512//512 494//494
f 494//494 512//512 513//513
f 494//494 513//513 493//493
f 493//493 513//513 514//514
f 493//493 514//514 492//492
f 492//492 514//514 495//495
f 492//492 495//495 491//491
f 491//491 495//495 442//442
f 491//491 442//442 428//428
f 355//355 354//354 508//508
f 508//508 354//354 456//456
f 508//508 456//456 506//506
f 506//506 456//456 455//455
f 506//506 455//455 504//504
f 504//504 455//455 462//462
f 504//504 462//462 488//488
f 488//488 462//462 464//464
f 488//488 464//464 489//489
f 489//489 464//464 472//472
f 489//489 472//472 497//497
f 497//497 472//472 471//471
f 497//497 471//471 498//498
f 498//498 471//471 480//480
f 498//498 480//480 499//499
f 499//499 480//480 482//482
f 499//499 482//482 501//501
f 501//501 482//482 484//484
f 501//501 484//484 509//509
f 509//509 484//484 72//72
f 509//509 72//72 71//71
f 515//515 516//516 517//517
f 518//518 186//186 185//185
f 186//186 518//518 187//187
f 519//519 81//81 82//82
f 520//520 521//521 522//522
f 523//523 524//524 525//525
f 526//526 527//527 528//528
f 529//529 530//530 531//531
f 532//532 533//533 534//534
f 529//529 535//535 530//530
f 530//530 535//535 536//536
f 530//530 536//536 537//537
f 537//537 536//536 538//538
f 537//537 538//538 533//533
f 533//533 538//538 539//539
f 533//533 539//539 534//534
f 534//534 540//540 532//532
f 532//532 540//540 541//541
f 532//532 541//541 542//542
f 541//541 543//543 542//542
f 542//542 543//543 544//544
f 542//542 544//544 545//545
f 545//545 544//544 546//546
f 545//545 546//546 547//547
f 547//547 546//546 548//548
f 547//547 548//548 549//549
f 528//528 550//550 551//551
f 551//551 550//550 552//552
f 551//551 552//552 553//553
f 553//553 552//552 554//554
f 553//553 554//554 555//555
f 555//555 554//554 556//556
f 555//555 556//556 557//557
f 557//557 556//556 558//558
f 557//557 558//558 559//559
f 559//559 558//558 560//560
f 559//559 560//560 561//561
f 561//561 560//560 562//562
f 563//563 547//547 564//564
f 564//564 547//547 549//549
f 564//564 549//549 565//565
f 566//566 567//567 568//568
f 568//568 567//567 569//569
f 570//570 571//571 572//572
f 573//573 574//574 575//575
f 575//575 574//574 576//576
f 575//575 576//576 577//577
f 578//578 579//579 580//580
f 580//580 579//579 581//581
f 580//580 581//581 582//582
f 582//582 581//581 583//583
f 582//582 583//583 584//584
f 573//573 585//585 574//574
f 574//574 585//585 586//586
f 574//574 586//586 571//571
f 571//571 586//586 587//587
f 571//571 587//587 572//572
f 588//588 589//589 590//590
f 590//590 589//589 591//591
f 590//590 591//591 592//592
f 592//592 591//591 593//593
f 592//592 593//593 594//594
f 594//594 593//593 595//595
f 594//594 595//595 596//596
f 596//596 595//595 569//569
f 596//596 569//569 597//597
f 597//597 569//569 567//567
f 523//523 525//525 598//598
f 521//521 598//598 522//522
f 522//522 598//598 525//525
f 522//522 525//525 599//599
f 599//599 525//525 584//584
f 599//599 584//584 600//600
f 600//600 584//584 583//583
f 601//601 602//602 603//603
f 601//601 603//603 604//604
f 605//605 606//606 588//588
f 588//588 606//606 607//607
f 588//588 607//607 589//589
f 589//589 607//607 608//608
f 589//589 608//608 609//609
f 609//609 520//520 589//589
f 589//589 520//520 522//522
f 589//589 522//522 591//591
f 591//591 522//522 599//599
f 591//591 599//599 593//593
f 593//593 599//599 600//600
f 593//593 600//600 595//595
f 595//595 600//600 583//583
f 595//595 583//583 569//569
f 569//569 583//583 581//581
f 569//569 581//581 568//568
f 568//568 581//581 579//579
f 603//603 610//610 604//604
f 604//604 610//610 611//611
f 604//604 611//611 576//576
f 576//576 611//611 612//612
f 576//576 612//612 577//577
f 613//613 614//614 615//615
f 613//613 615//615 616//616
f 616//616 615//615 617//617
f 616//616 617//617 618//618
f 189//189 619//619 182//182
f 182//182 619//619 620//620
f 182//182 620//620 161//161
f 161//161 620//620 621//621
f 161//161 621//621 162//162
f 162//162 621//621 75//75
f 517//517 516//516 622//622
f 623//623 624//624 622//622
f 622//622 624//624 618//618
f 622//622 618//618 517//517
f 517//517 618//618 617//617
f 517//517 617//617 625//625
f 516//516 626//626 622//622
f 622//622 626//626 627//627
f 622//622 627//627 623//623
f 623//623 627//627 628//628
f 623//623 628//628 629//629
f 629//629 628//628 630//630
f 629//629 630//630 631//631
f 76//76 624//624 84//84
f 84//84 624//624 623//623
f 84//84 623//623 83//83
f 83//83 623//623 629//629
f 83//83 629//629 82//82
f 82//82 629//629 631//631
f 82//82 631//631 519//519
f 625//625 617//617 632//632
f 632//632 617//617 615//615
f 632//632 615//615 633//633
f 633//633 615//615 614//614
f 633//633 614//614 566//566
f 634//634 635//635 636//636
f 636//636 635//635 637//637
f 636//636 637//637 638//638
f 638//638 637//637 639//639
f 638//638 639//639 640//640
f 639//639 641//641 640//640
f 640//640 641//641 642//642
f 640//640 642//642 531//531
f 531//531 642//642 643//643
f 531//531 643//643 529//529
f 185//185 634//634 518//518
f 518//518 634//634 636//636
f 518//518 636//636 644//644
f 644//644 636//636 638//638
f 645//645 646//646 647//647
f 647//647 646//646 648//648
f 647//647 648//648 649//649
f 649//649 648//648 650//650
f 649//649 650//650 651//651
f 651//651 650//650 652//652
f 651//651 652//652 653//653
f 653//653 652//652 619//619
f 653//653 619//619 654//654
f 654//654 619//619 189//189
f 654//654 189//189 188//188
f 530//530 645//645 531//531
f 531//531 645//645 647//647
f 531//531 647//647 640//640
f 640//640 647//647 649//649
f 640//640 649//649 638//638
f 638//638 649//649 651//651
f 638//638 651//651 644//644
f 644//644 651//651 653//653
f 644//644 653//653 518//518
f 518//518 653//653 654//654
f 518//518 654//654 187//187
f 187//187 654//654 188//188
f 655//655 656//656 657//657
f 602//602 601//601 657//657
f 657//657 601//601 655//655
f 570//570 578//578 571//571
f 571//571 578//578 580//580
f 571//571 580//580 574//574
f 574//574 580//580 582//582
f 574//574 582//582 576//576
f 576//576 582//582 584//584
f 576//576 584//584 604//604
f 604//604 584//584 525//525
f 604//604 525//525 601//601
f 601//601 525//525 524//524
f 601//601 524//524 655//655
f 527//527 658//658 528//528
f 528//528 658//658 659//659
f 528//528 659//659 550//550
f 550//550 659//659 660//660
f 550//550 660//660 661//661
f 661//661 605//605 550//550
f 550//550 605//605 588//588
f 550//550 588//588 552//552
f 552//552 588//588 590//590
f 552//552 590//590 554//554
f 554//554 590//590 592//592
f 554//554 592//592 556//556
f 556//556 592//592 594//594
f 556//556 594//594 558//558
f 558//558 594//594 596//596
f 558//558 596//596 560//560
f 560//560 596//596 597//597
f 560//560 597//597 562//562
f 562//562 597//597 567//567
f 572//572 662//662 570//570
f 570//570 662//662 663//663
f 570//570 663//663 664//664
f 566//566 568//568 633//633
f 633//633 568//568 579//579
f 633//633 579//579 632//632
f 632//632 579//579 578//578
f 632//632 578//578 625//625
f 625//625 578//578 570//570
f 625//625 570//570 517//517
f 517//517 570//570 664//664
f 517//517 664//664 515//515
f 563//563 526//526 547//547
f 547//547 526//526 528//528
f 547//547 528//528 545//545
f 545//545 528//528 551//551
f 545//545 551//551 542//542
f 542//542 551//551 553//553
f 542//542 553//553 532//532
f 532//532 553//553 555//555
f 532//532 555//555 533//533
f 533//533 555//555 557//557
f 533//533 557//557 537//537
f 537//537 557//557 559//559
f 537//537 559//559 530//530
f 530//530 559//559 561//561
f 530//530 561//561 645//645
f 645//645 561//561 562//562
f 645//645 562//562 646//646
f 646//646 562//562 567//567
f 646//646 567//567 648//648
f 648//648 567//567 566//566
f 648//648 566//566 650//650
f 650//650 566//566 614//614
f 650//650 614//614 652//652
f 652//652 614//614 613//613
f 652//652 613//613 619//619
f 619//619 613//613 616//616
f 619//619 616//616 620//620
f 620//620 616//616 618//618
f 620//620 618//618 621//621
f 621//621 618//618 624//624
f 621//621 624//624 75//75
f 75//75 624//624 76//76
f 262//262 263//263 665//665
f 666//666 667//667 668//668
f 669//669 670//670 671//671
f 672//672 673//673 674//674
f 529//529 643//643 675//675
f 676//676 677//677 539//539
f 539//539 677//677 534//534
f 534//534 677//677 678//678
f 534//534 678//678 540//540
f 535//535 679//679 536//536
f 536//536 679//679 676//676
f 536//536 676//676 538//538
f 538//538 676//676 539//539
f 540//540 678//678 541//541
f 541//541 678//678 680//680
f 541//541 680//680 543//543
f 543//543 680//680 544//544
f 544//544 680//680 681//681
f 544//544 681//681 546//546
f 682//682 683//683 684//684
f 684//684 683//683 685//685
f 546//546 681//681 548//548
f 548//548 681//681 684//684
f 548//548 684//684 549//549
f 549//549 684//684 685//685
f 549//549 685//685 565//565
f 686//686 687//687 688//688
f 688//688 687//687 689//689
f 689//689 687//687 690//690
f 689//689 690//690 691//691
f 692//692 690//690 693//693
f 693//693 690//690 687//687
f 693//693 687//687 694//694
f 694//694 687//687 686//686
f 694//694 686//686 695//695
f 691//691 696//696 697//697
f 697//697 696//696 698//698
f 697//697 698//698 699//699
f 699//699 698//698 700//700
f 699//699 700//700 701//701
f 701//701 700//700 702//702
f 701//701 702//702 703//703
f 704//704 673//673 705//705
f 705//705 673//673 672//672
f 705//705 672//672 671//671
f 706//706 707//707 673//673
f 673//673 707//707 708//708
f 673//673 708//708 674//674
f 674//674 708//708 709//709
f 674//674 709//709 710//710
f 691//691 690//690 696//696
f 696//696 690//690 692//692
f 696//696 692//692 698//698
f 698//698 692//692 711//711
f 698//698 711//711 700//700
f 700//700 711//711 712//712
f 700//700 712//712 702//702
f 713//713 714//714 715//715
f 715//715 714//714 716//716
f 715//715 716//716 717//717
f 717//717 716//716 718//718
f 718//718 716//716 719//719
f 718//718 719//719 720//720
f 671//671 670//670 705//705
f 705//705 670//670 721//721
f 705//705 721//721 704//704
f 704//704 721//721 722//722
f 704//704 722//722 723//723
f 724//724 725//725 726//726
f 726//726 725//725 727//727
f 728//728 729//729 730//730
f 730//730 729//729 731//731
f 732//732 733//733 722//722
f 733//733 734//734 722//722
f 722//722 734//734 735//735
f 722//722 735//735 723//723
f 713//713 736//736 714//714
f 714//714 736//736 737//737
f 714//714 737//737 728//728
f 728//728 737//737 738//738
f 728//728 738//738 729//729
f 739//739 335//335 334//334
f 674//674 703//703 672//672
f 672//672 703//703 702//702
f 672//672 702//702 671//671
f 671//671 702//702 712//712
f 671//671 712//712 669//669
f 669//669 712//712 711//711
f 669//669 711//711 740//740
f 740//740 711//711 692//692
f 740//740 692//692 741//741
f 741//741 692//692 693//693
f 741//741 693//693 742//742
f 742//742 693//693 694//694
f 742//742 694//694 743//743
f 743//743 694//694 695//695
f 743//743 695//695 744//744
f 263//263 248//248 665//665
f 665//665 248//248 745//745
f 665//665 745//745 746//746
f 261//261 262//262 747//747
f 747//747 262//262 665//665
f 747//747 665//665 748//748
f 748//748 665//665 746//746
f 727//727 749//749 726//726
f 726//726 749//749 750//750
f 726//726 750//750 751//751
f 751//751 750//750 752//752
f 751//751 752//752 753//753
f 753//753 752//752 754//754
f 753//753 754//754 755//755
f 755//755 754//754 756//756
f 755//755 756//756 757//757
f 757//757 756//756 758//758
f 757//757 758//758 759//759
f 759//759 758//758 760//760
f 759//759 760//760 761//761
f 761//761 760//760 762//762
f 761//761 762//762 748//748
f 748//748 762//762 763//763
f 748//748 763//763 747//747
f 747//747 763//763 764//764
f 747//747 764//764 261//261
f 261//261 764//764 258//258
f 248//248 247//247 745//745
f 745//745 247//247 201//201
f 745//745 201//201 765//765
f 765//765 766//766 745//745
f 745//745 766//766 767//767
f 745//745 767//767 746//746
f 727//727 732//732 749//749
f 749//749 732//732 722//722
f 749//749 722//722 750//750
f 750//750 722//722 721//721
f 750//750 721//721 752//752
f 752//752 721//721 670//670
f 752//752 670//670 754//754
f 754//754 670//670 669//669
f 754//754 669//669 756//756
f 756//756 669//669 740//740
f 756//756 740//740 758//758
f 758//758 740//740 741//741
f 758//758 741//741 760//760
f 760//760 741//741 742//742
f 760//760 742//742 762//762
f 762//762 742//742 743//743
f 762//762 743//743 763//763
f 763//763 743//743 744//744
f 763//763 744//744 764//764
f 335//335 739//739 336//336
f 336//336 739//739 768//768
f 336//336 768//768 337//337
f 185//185 337//337 634//634
f 634//634 337//337 768//768
f 634//634 768//768 769//769
f 641//641 639//639 770//770
f 770//770 639//639 637//637
f 770//770 637//637 769//769
f 769//769 637//637 635//635
f 769//769 635//635 634//634
f 535//535 529//529 679//679
f 679//679 529//529 675//675
f 679//679 675//675 771//771
f 771//771 675//675 772//772
f 771//771 772//772 773//773
f 773//773 772//772 774//774
f 773//773 774//774 666//666
f 666//666 774//774 775//775
f 666//666 775//775 667//667
f 643//643 642//642 675//675
f 675//675 642//642 776//776
f 675//675 776//776 772//772
f 772//772 776//776 777//777
f 772//772 777//777 774//774
f 774//774 777//777 778//778
f 774//774 778//778 775//775
f 642//642 641//641 776//776
f 776//776 641//641 770//770
f 776//776 770//770 777//777
f 777//777 770//770 769//769
f 777//777 769//769 778//778
f 778//778 769//769 768//768
f 778//778 768//768 775//775
f 775//775 768//768 739//739
f 775//775 739//739 667//667
f 667//667 739//739 334//334
f 667//667 334//334 668//668
f 668//668 334//334 333//333
f 668//668 333//333 260//260
f 731//731 779//779 730//730
f 730//730 779//779 780//780
f 730//730 780//780 781//781
f 781//781 782//782 730//730
f 730//730 782//782 783//783
f 723//723 784//784 704//704
f 704//704 784//784 785//785
f 704//704 785//785 673//673
f 673//673 785//785 786//786
f 673//673 786//786 706//706
f 746//746 787//787 748//748
f 748//748 787//787 788//788
f 748//748 788//788 761//761
f 761//761 788//788 789//789
f 761//761 789//789 790//790
f 791//791 792//792 793//793
f 793//793 792//792 794//794
f 793//793 794//794 719//719
f 719//719 794//794 795//795
f 719//719 795//795 720//720
f 790//790 791//791 761//761
f 761//761 791//791 793//793
f 761//761 793//793 759//759
f 759//759 793//793 719//719
f 759//759 719//719 757//757
f 757//757 719//719 716//716
f 757//757 716//716 755//755
f 755//755 716//716 714//714
f 755//755 714//714 753//753
f 753//753 714//714 728//728
f 753//753 728//728 751//751
f 751//751 728//728 730//730
f 751//751 730//730 726//726
f 726//726 730//730 783//783
f 726//726 783//783 724//724
f 710//710 682//682 674//674
f 674//674 682//682 684//684
f 674//674 684//684 703//703
f 703//703 684//684 681//681
f 703//703 681//681 701//701
f 701//701 681//681 680//680
f 701//701 680//680 699//699
f 699//699 680//680 678//678
f 699//699 678//678 697//697
f 697//697 678//678 677//677
f 697//697 677//677 691//691
f 691//691 677//677 676//676
f 691//691 676//676 689//689
f 689//689 676//676 679//679
f 689//689 679//679 688//688
f 688//688 679//679 771//771
f 688//688 771//771 686//686
f 686//686 771//771 773//773
f 686//686 773//773 695//695
f 695//695 773//773 666//666
f 695//695 666//666 744//744
f 744//744 666//666 668//668
f 744//744 668//668 764//764
f 764//764 668//668 260//260
f 764//764 260//260 258//258
f 200//200 246//246 796//796
f 797//797 798//798 799//799
f 311//311 310//310 800//800
f 309//309 308//308 306//306
f 801//801 802//802 803//803
f 804//804 801//801 805//805
f 806//806 804//804 807//807
f 376//376 808//808 377//377
f 368//368 385//385 405//405
f 808//808 376//376 809//809
f 809//809 376//376 375//375
f 809//809 375//375 369//369
f 810//810 364//364 811//811
f 811//811 364//364 370//370
f 811//811 370//370 377//377
f 383//383 382//382 812//812
f 812//812 382//382 381//381
f 812//812 381//381 810//810
f 810//810 381//381 365//365
f 810//810 365//365 364//364
f 813//813 388//388 814//814
f 814//814 388//388 387//387
f 814//814 387//387 386//386
f 374//374 373//373 815//815
f 815//815 373//373 363//363
f 815//815 363//363 813//813
f 813//813 363//363 362//362
f 813//813 362//362 388//388
f 815//815 816//816 374//374
f 374//374 816//816 212//212
f 374//374 212//212 211//211
f 817//817 818//818 814//814
f 819//819 302//302 295//295
f 295//295 297//297 820//820
f 820//820 297//297 299//299
f 820//820 299//299 301//301
f 294//294 293//293 821//821
f 821//821 293//293 292//292
f 814//814 818//818 813//813
f 813//813 818//818 822//822
f 813//813 822//822 815//815
f 815//815 822//822 821//821
f 815//815 821//821 816//816
f 816//816 821//821 292//292
f 816//816 292//292 212//212
f 823//823 824//824 825//825
f 825//825 824//824 826//826
f 825//825 826//826 819//819
f 827//827 828//828 829//829
f 829//829 828//828 830//830
f 829//829 830//830 831//831
f 804//804 805//805 807//807
f 807//807 805//805 832//832
f 807//807 832//832 833//833
f 806//806 807//807 834//834
f 834//834 807//807 833//833
f 834//834 833//833 800//800
f 800//800 833//833 312//312
f 800//800 312//312 311//311
f 801//801 803//803 805//805
f 805//805 803//803 796//796
f 805//805 796//796 832//832
f 832//832 796//796 246//246
f 832//832 246//246 203//203
f 203//203 202//202 832//832
f 832//832 202//202 314//314
f 832//832 314//314 833//833
f 833//833 314//314 313//313
f 833//833 313//313 312//312
f 417//417 407//407 835//835
f 835//835 407//407 406//406
f 835//835 406//406 836//836
f 406//406 413//413 836//836
f 836//836 413//413 412//412
f 836//836 412//412 837//837
f 838//838 798//798 839//839
f 839//839 798//798 797//797
f 839//839 797//797 840//840
f 408//408 841//841 409//409
f 409//409 841//841 837//837
f 409//409 837//837 410//410
f 410//410 837//837 412//412
f 842//842 843//843 844//844
f 844//844 843//843 845//845
f 844//844 845//845 846//846
f 846//846 845//845 847//847
f 846//846 847//847 848//848
f 408//408 414//414 841//841
f 841//841 414//414 849//849
f 841//841 849//849 850//850
f 799//799 842//842 797//797
f 797//797 842//842 844//844
f 797//797 844//844 840//840
f 840//840 844//844 846//846
f 840//840 846//846 851//851
f 851//851 846//846 848//848
f 851//851 848//848 852//852
f 420//420 809//809 405//405
f 405//405 809//809 369//369
f 405//405 369//369 368//368
f 853//853 418//418 417//417
f 377//377 808//808 811//811
f 811//811 808//808 809//809
f 811//811 809//809 854//854
f 854//854 809//809 420//420
f 854//854 420//420 419//419
f 386//386 383//383 814//814
f 814//814 383//383 812//812
f 814//814 812//812 817//817
f 817//817 812//812 810//810
f 817//817 810//810 855//855
f 855//855 810//810 811//811
f 855//855 811//811 856//856
f 856//856 811//811 854//854
f 856//856 854//854 853//853
f 853//853 854//854 419//419
f 853//853 419//419 418//418
f 417//417 835//835 853//853
f 853//853 835//835 857//857
f 853//853 857//857 856//856
f 856//856 857//857 858//858
f 856//856 858//858 855//855
f 855//855 858//858 859//859
f 855//855 859//859 817//817
f 817//817 859//859 860//860
f 817//817 860//860 818//818
f 818//818 860//860 861//861
f 818//818 861//861 822//822
f 822//822 861//861 820//820
f 822//822 820//820 821//821
f 821//821 820//820 301//301
f 821//821 301//301 294//294
f 201//201 200//200 862//862
f 862//862 200//200 796//796
f 862//862 796//796 863//863
f 863//863 796//796 803//803
f 863//863 803//803 831//831
f 831//831 803//803 802//802
f 831//831 802//802 829//829
f 303//303 302//302 305//305
f 305//305 302//302 819//819
f 305//305 819//819 306//306
f 306//306 819//819 826//826
f 306//306 826//826 309//309
f 848//848 827//827 852//852
f 852//852 827//827 829//829
f 852//852 829//829 851//851
f 851//851 829//829 802//802
f 851//851 802//802 840//840
f 840//840 802//802 801//801
f 840//840 801//801 839//839
f 839//839 801//801 804//804
f 839//839 804//804 838//838
f 838//838 804//804 806//806
f 838//838 806//806 823//823
f 823//823 806//806 834//834
f 823//823 834//834 824//824
f 824//824 834//834 800//800
f 824//824 800//800 826//826
f 826//826 800//800 310//310
f 826//826 310//310 309//309
f 295//295 820//820 819//819
f 819//819 820//820 861//861
f 819//819 861//861 825//825
f 825//825 861//861 860//860
f 825//825 860//860 823//823
f 823//823 860//860 859//859
f 823//823 859//859 838//838
f 838//838 859//859 858//858
f 838//838 858//858 798//798
f 798//798 858//858 857//857
f 798//798 857//857 799//799
f 799//799 857//857 835//835
f 799//799 835//835 842//842
f 842//842 835//835 836//836
f 842//842 836//836 843//843
f 843//843 836//836 837//837
f 843//843 837//837 845//845
f 845//845 837//837 841//841
f 845//845 841//841 847//847
f 847//847 841//841 850//850
f 847//847 850//850 848//848
f 848//848 850//850 864//864
f 848//848 864//864 827//827
f 865//865 866//866 867//867
f 865//865 867//867 868//868
f 869//869 870//870 867//867
f 867//867 870//870 871//871
f 867//867 871//871 868//868
f 872//872 873//873 867//867
f 867//867 873//873 874//874
f 867//867 874//874 869//869
f 875//875 876//876 867//867
f 867//867 876//876 877//877
f 867//867 877//877 872//872
f 866//866 878//878 867//867
f 867//867 878//878 879//879
f 867//867 879//879 875//875
f 521//521 520//520 880//880
f 881//881 882//882 883//883
f 883//883 882//882 884//884
f 884//884 885//885 886//886
f 886//886 885//885 887//887
f 886//886 563//563 564//564
f 884//884 886//886 883//883
f 883//883 886//886 564//564
f 883//883 564//564 565//565
f 888//888 658//658 527//527
f 888//888 527//527 886//886
f 886//886 527//527 526//526
f 886//886 526//526 563//563
f 889//889 661//661 660//660
f 889//889 660//660 888//888
f 888//888 660//660 659//659
f 888//888 659//659 658//658
f 890//890 606//606 889//889
f 889//889 606//606 605//605
f 889//889 605//605 661//661
f 520//520 609//609 880//880
f 880//880 609//609 608//608
f 880//880 608//608 890//890
f 890//890 608//608 607//607
f 890//890 607//607 606//606
f 521//521 880//880 598//598
f 598//598 880//880 891//891
f 598//598 891//891 523//523
f 887//887 892//892 886//886
f 886//886 892//892 893//893
f 886//886 893//893 888//888
f 888//888 893//893 894//894
f 888//888 894//894 895//895
f 895//895 896//896 888//888
f 888//888 896//896 897//897
f 888//888 897//897 889//889
f 889//889 897//897 898//898
f 889//889 898//898 899//899
f 900//900 890//890 901//901
f 901//901 890//890 889//889
f 901//901 889//889 902//902
f 902//902 889//889 899//899
f 900//900 903//903 890//890
f 890//890 903//903 904//904
f 890//890 904//904 880//880
f 880//880 904//904 905//905
f 880//880 905//905 906//906
f 906//906 907//907 880//880
f 880//880 907//907 908//908
f 880//880 908//908 891//891
f 891//891 908//908 909//909
f 891//891 909//909 910//910
f 910//910 909//909 911//911
f 685//685 912//912 565//565
f 565//565 912//912 883//883
f 881//881 883//883 913//913
f 913//913 883//883 912//912
f 913//913 912//912 914//914
f 914//914 912//912 915//915
f 916//916 917//917 918//918
f 918//918 917//917 919//919
f 918//918 919//919 920//920
f 920//920 919//919 921//921
f 920//920 921//921 922//922
f 917//917 733//733 732//732
f 917//917 732//732 919//919
f 919//919 732//732 727//727
f 919//919 727//727 725//725
f 710//710 923//923 682//682
f 682//682 923//923 912//912
f 682//682 912//912 683//683
f 683//683 912//912 685//685
f 707//707 924//924 708//708
f 708//708 924//924 923//923
f 708//708 923//923 709//709
f 709//709 923//923 710//710
f 784//784 925//925 785//785
f 785//785 925//925 926//926
f 785//785 926//926 786//786
f 786//786 926//926 924//924
f 786//786 924//924 706//706
f 706//706 924//924 707//707
f 784//784 723//723 925//925
f 925//925 723//723 735//735
f 925//925 735//735 917//917
f 917//917 735//735 734//734
f 917//917 734//734 733//733
f 923//923 927//927 928//928
f 923//923 928//928 912//912
f 912//912 928//928 929//929
f 912//912 929//929 915//915
f 930//930 931//931 926//926
f 926//926 931//931 932//932
f 926//926 932//932 924//924
f 924//924 932//932 933//933
f 924//924 933//933 923//923
f 923//923 933//933 934//934
f 923//923 934//934 927//927
f 935//935 936//936 925//925
f 925//925 936//936 937//937
f 925//925 937//937 926//926
f 926//926 937//937 938//938
f 926//926 938//938 930//930
f 916//916 939//939 917//917
f 917//917 939//939 940//940
f 917//917 940//940 925//925
f 925//925 940//940 941//941
f 925//925 941//941 935//935
f 942//942 943//943 944//944
f 416//416 390//390 945//945
f 946//946 947//947 948//948
f 948//948 949//949 950//950
f 951//951 952//952 944//944
f 953//953 954//954 955//955
f 955//955 954//954 944//944
f 955//955 944//944 956//956
f 956//956 944//944 952//952
f 951//951 944//944 957//957
f 957//957 944//944 943//943
f 957//957 943//943 958//958
f 416//416 945//945 415//415
f 390//390 389//389 945//945
f 945//945 389//389 959//959
f 945//945 959//959 960//960
f 959//959 961//961 960//960
f 960//960 961//961 962//962
f 960//960 962//962 963//963
f 946//946 948//948 964//964
f 964//964 948//948 950//950
f 964//964 950//950 965//965
f 965//965 950//950 966//966
f 965//965 966//966 963//963
f 963//963 966//966 967//967
f 963//963 967//967 960//960
f 960//960 967//967 968//968
f 960//960 968//968 945//945
f 945//945 968//968 969//969
f 945//945 969//969 415//415
f 970//970 971//971 972//972
f 972//972 971//971 973//973
f 972//972 973//973 974//974
f 970//970 975//975 971//971
f 971//971 975//975 976//976
f 971//971 976//976 977//977
f 947//947 978//978 979//979
f 947//947 979//979 948//948
f 948//948 979//979 980//980
f 948//948 980//980 949//949
f 949//949 980//980 981//981
f 949//949 981//981 942//942
f 962//962 982//982 963//963
f 963//963 982//982 983//983
f 963//963 983//983 965//965
f 965//965 983//983 984//984
f 965//965 984//984 964//964
f 964//964 984//984 985//985
f 964//964 985//985 946//946
f 953//953 986//986 954//954
f 954//954 986//986 987//987
f 954//954 987//987 973//973
f 973//973 987//987 988//988
f 973//973 988//988 974//974
f 942//942 944//944 949//949
f 949//949 944//944 954//954
f 949//949 954//954 950//950
f 950//950 954//954 973//973
f 950//950 973//973 966//966
f 966//966 973//973 971//971
f 966//966 971//971 967//967
f 967//967 971//971 977//977
f 967//967 977//977 968//968
f 968//968 977//977 989//989
f 968//968 989//989 969//969
f 969//969 989//989 414//414
f 969//969 414//414 415//415
f 990//990 978//978 947//947
f 991//991 992//992 993//993
f 994//994 995//995 996//996
f 996//996 995//995 997//997
f 997//997 998//998 996//996
f 996//996 998//998 999//999
f 996//996 999//999 1000//1000
f 1001//1001 1002//1002 996//996
f 996//996 1002//1002 1003//1003
f 996//996 1003//1003 994//994
f 1004//1004 1005//1005 1006//1006
f 1006//1006 1005//1005 1007//1007
f 959//959 1007//1007 961//961
f 961//961 1007//1007 1005//1005
f 961//961 1005//1005 962//962
f 962//962 1005//1005 982//982
f 1008//1008 993//993 1009//1009
f 1009//1009 993//993 992//992
f 1009//1009 992//992 1010//1010
f 982//982 1005//1005 1008//1008
f 1008//1008 1005//1005 1004//1004
f 1008//1008 1004//1004 993//993
f 993//993 1004//1004 1011//1011
f 993//993 1011//1011 991//991
f 1012//1012 1011//1011 1013//1013
f 1013//1013 1011//1011 1014//1014
f 1014//1014 1011//1011 1015//1015
f 1015//1015 1011//1011 1004//1004
f 1015//1015 1004//1004 439//439
f 439//439 1004//1004 1006//1006
f 439//439 1006//1006 440//440
f 440//440 1006//1006 1007//1007
f 440//440 1007//1007 421//421
f 421//421 1007//1007 959//959
f 421//421 959//959 389//389
f 1016//1016 990//990 1017//1017
f 1017//1017 990//990 947//947
f 1017//1017 947//947 1010//1010
f 1018//1018 1001//1001 1019//1019
f 1019//1019 1001//1001 996//996
f 1019//1019 996//996 1020//1020
f 1020//1020 996//996 1000//1000
f 1020//1020 1000//1000 1021//1021
f 947//947 946//946 1010//1010
f 1010//1010 946//946 985//985
f 1010//1010 985//985 1009//1009
f 1009//1009 985//985 984//984
f 1009//1009 984//984 1008//1008
f 1008//1008 984//984 983//983
f 1008//1008 983//983 982//982
f 1012//1012 1022//1022 1011//1011
f 1011//1011 1022//1022 1023//1023
f 1011//1011 1023//1023 991//991
f 991//991 1023//1023 1024//1024
f 991//991 1024//1024 1025//1025
f 1026//1026 1027//1027 1003//1003
f 1003//1003 1027//1027 1028//1028
f 1003//1003 1028//1028 994//994
f 1025//1025 1026//1026 991//991
f 991//991 1026//1026 1003//1003
f 991//991 1003//1003 992//992
f 992//992 1003//1003 1002//1002
f 992//992 1002//1002 1010//1010
f 1010//1010 1002//1002 1001//1001
f 1010//1010 1001//1001 1017//1017
f 1017//1017 1001//1001 1018//1018
f 1017//1017 1018//1018 1016//1016
f 1000//1000 999//999 1029//1029
f 1030//1030 1031//1031 1032//1032
f 1033//1033 1034//1034 1035//1035
f 663//663 1036//1036 1037//1037
f 586//586 585//585 1038//1038
f 1038//1038 585//585 573//573
f 1038//1038 573//573 1039//1039
f 663//663 662//662 1036//1036
f 1036//1036 662//662 572//572
f 1036//1036 572//572 1038//1038
f 1038//1038 572//572 587//587
f 1038//1038 587//587 586//586
f 612//612 1040//1040 577//577
f 577//577 1040//1040 1039//1039
f 577//577 1039//1039 575//575
f 575//575 1039//1039 573//573
f 603//603 1041//1041 610//610
f 610//610 1041//1041 1040//1040
f 610//610 1040//1040 611//611
f 611//611 1040//1040 612//612
f 656//656 1042//1042 657//657
f 657//657 1042//1042 1041//1041
f 657//657 1041//1041 602//602
f 602//602 1041//1041 603//603
f 1033//1033 1035//1035 1043//1043
f 1032//1032 1031//1031 1044//1044
f 1044//1044 1031//1031 1045//1045
f 1044//1044 1045//1045 1046//1046
f 1047//1047 1030//1030 1048//1048
f 1048//1048 1030//1030 1032//1032
f 1048//1048 1032//1032 1049//1049
f 1050//1050 1029//1029 1051//1051
f 1052//1052 1053//1053 1054//1054
f 1054//1054 1053//1053 1055//1055
f 999//999 998//998 1029//1029
f 1029//1029 998//998 997//997
f 1029//1029 997//997 1051//1051
f 1051//1051 997//997 995//995
f 1051//1051 995//995 994//994
f 1056//1056 1057//1057 1058//1058
f 1058//1058 1057//1057 1059//1059
f 1058//1058 1059//1059 1060//1060
f 1061//1061 1025//1025 1024//1024
f 1024//1024 1023//1023 1062//1062
f 1062//1062 1023//1023 1022//1022
f 1062//1062 1022//1022 1012//1012
f 1056//1056 1013//1013 1057//1057
f 1057//1057 1013//1013 1014//1014
f 1057//1057 1014//1014 496//496
f 496//496 1014//1014 1015//1015
f 496//496 1015//1015 439//439
f 1024//1024 1062//1062 1061//1061
f 1061//1061 1062//1062 1063//1063
f 1061//1061 1063//1063 1049//1049
f 1049//1049 1063//1063 1064//1064
f 1049//1049 1064//1064 1048//1048
f 1048//1048 1064//1064 1065//1065
f 1048//1048 1065//1065 1047//1047
f 1047//1047 1065//1065 1066//1066
f 1047//1047 1066//1066 1030//1030
f 1030//1030 1066//1066 1067//1067
f 1030//1030 1067//1067 1031//1031
f 1031//1031 1067//1067 1068//1068
f 1031//1031 1068//1068 1045//1045
f 81//81 519//519 446//446
f 446//446 519//519 1069//1069
f 446//446 1069//1069 510//510
f 519//519 631//631 1069//1069
f 1069//1069 631//631 630//630
f 1069//1069 630//630 1070//1070
f 630//630 628//628 1070//1070
f 1070//1070 628//628 627//627
f 1070//1070 627//627 1037//1037
f 1037//1037 627//627 626//626
f 1037//1037 626//626 516//516
f 516//516 515//515 1037//1037
f 1037//1037 515//515 664//664
f 1037//1037 664//664 663//663
f 1037//1037 1071//1071 1070//1070
f 1070//1070 1071//1071 1072//1072
f 1070//1070 1072//1072 1069//1069
f 1069//1069 1072//1072 502//502
f 1069//1069 502//502 510//510
f 496//496 495//495 1057//1057
f 1057//1057 495//495 514//514
f 1057//1057 514//514 1059//1059
f 1059//1059 514//514 513//513
f 1059//1059 513//513 512//512
f 1042//1042 1073//1073 1041//1041
f 1041//1041 1073//1073 1074//1074
f 1041//1041 1074//1074 1040//1040
f 1040//1040 1074//1074 1075//1075
f 1040//1040 1075//1075 1039//1039
f 1039//1039 1075//1075 1076//1076
f 1039//1039 1076//1076 1038//1038
f 1038//1038 1076//1076 1077//1077
f 1038//1038 1077//1077 1036//1036
f 1036//1036 1077//1077 1078//1078
f 1036//1036 1078//1078 1037//1037
f 1037//1037 1078//1078 1079//1079
f 1037//1037 1079//1079 1071//1071
f 1071//1071 1079//1079 1080//1080
f 1071//1071 1080//1080 1072//1072
f 1072//1072 1080//1080 1060//1060
f 1072//1072 1060//1060 502//502
f 502//502 1060//1060 1059//1059
f 502//502 1059//1059 511//511
f 511//511 1059//1059 512//512
f 1021//1021 1000//1000 1081//1081
f 1081//1081 1000//1000 1029//1029
f 1081//1081 1029//1029 1055//1055
f 1055//1055 1029//1029 1050//1050
f 1055//1055 1050//1050 1054//1054
f 1054//1054 1050//1050 1082//1082
f 1054//1054 1082//1082 1052//1052
f 1052//1052 1082//1082 1083//1083
f 1034//1034 1084//1084 1035//1035
f 1035//1035 1084//1084 1085//1085
f 1035//1035 1085//1085 1046//1046
f 1027//1027 1026//1026 1086//1086
f 1027//1027 1086//1086 1028//1028
f 1084//1084 1083//1083 1085//1085
f 1085//1085 1083//1083 1082//1082
f 1085//1085 1082//1082 1087//1087
f 1087//1087 1082//1082 1050//1050
f 1087//1087 1050//1050 1088//1088
f 1088//1088 1050//1050 1051//1051
f 1088//1088 1051//1051 1086//1086
f 1086//1086 1051//1051 994//994
f 1086//1086 994//994 1028//1028
f 1046//1046 1085//1085 1044//1044
f 1044//1044 1085//1085 1087//1087
f 1044//1044 1087//1087 1032//1032
f 1032//1032 1087//1087 1088//1088
f 1032//1032 1088//1088 1049//1049
f 1049//1049 1088//1088 1086//1086
f 1049//1049 1086//1086 1061//1061
f 1061//1061 1086//1086 1026//1026
f 1061//1061 1026//1026 1025//1025
f 1073//1073 1043//1043 1074//1074
f 1074//1074 1043//1043 1035//1035
f 1074//1074 1035//1035 1075//1075
f 1075//1075 1035//1035 1046//1046
f 1075//1075 1046//1046 1076//1076
f 1076//1076 1046//1046 1045//1045
f 1076//1076 1045//1045 1077//1077
f 1077//1077 1045//1045 1068//1068
f 1077//1077 1068//1068 1078//1078
f 1078//1078 1068//1068 1067//1067
f 1078//1078 1067//1067 1079//1079
f 1079//1079 1067//1067 1066//1066
f 1079//1079 1066//1066 1080//1080
f 1080//1080 1066//1066 1065//1065
f 1080//1080 1065//1065 1060//1060
f 1060//1060 1065//1065 1064//1064
f 1060//1060 1064//1064 1058//1058
f 1058//1058 1064//1064 1063//1063
f 1058//1058 1063//1063 1056//1056
f 1056//1056 1063//1063 1062//1062
f 1056//1056 1062//1062 1013//1013
f 1013//1013 1062//1062 1012//1012
f 1089//1089 1090//1090 1091//1091
f 1091//1091 1090//1090 1092//1092
f 910//910 911//911 1093//1093
f 1094//1094 1095//1095 1096//1096
f 1096//1096 1095//1095 1097//1097
f 524//524 1096//1096 655//655
f 1093//1093 1094//1094 910//910
f 910//910 1094//1094 1096//1096
f 910//910 1096//1096 891//891
f 891//891 1096//1096 524//524
f 891//891 524//524 523//523
f 656//656 655//655 1098//1098
f 1098//1098 655//655 1096//1096
f 1098//1098 1096//1096 1092//1092
f 1092//1092 1096//1096 1097//1097
f 1092//1092 1097//1097 1091//1091
f 1099//1099 1100//1100 1101//1101
f 1101//1101 1100//1100 1102//1102
f 1103//1103 1104//1104 1105//1105
f 1102//1102 1103//1103 1101//1101
f 1101//1101 1103//1103 1105//1105
f 1101//1101 1105//1105 1106//1106
f 781//781 1106//1106 782//782
f 782//782 1106//1106 1105//1105
f 782//782 1105//1105 783//783
f 1105//1105 921//921 919//919
f 783//783 1105//1105 724//724
f 724//724 1105//1105 919//919
f 724//724 919//919 725//725
f 1104//1104 1107//1107 1105//1105
f 1105//1105 1107//1107 1108//1108
f 1105//1105 1108//1108 921//921
f 921//921 1108//1108 1109//1109
f 921//921 1109//1109 922//922
f 957//957 958//958 1110//1110
f 1111//1111 1112//1112 1113//1113
f 795//795 794//794 1114//1114
f 792//792 791//791 1115//1115
f 1116//1116 713//713 715//715
f 717//717 718//718 1117//1117
f 1117//1117 718//718 720//720
f 731//731 729//729 1118//1118
f 729//729 738//738 1118//1118
f 1118//1118 738//738 737//737
f 1118//1118 737//737 736//736
f 1119//1119 1120//1120 781//781
f 781//781 780//780 1119//1119
f 1119//1119 780//780 779//779
f 1119//1119 779//779 731//731
f 731//731 1118//1118 1119//1119
f 1119//1119 1118//1118 1121//1121
f 1119//1119 1121//1121 1122//1122
f 1122//1122 1121//1121 1123//1123
f 1122//1122 1123//1123 1124//1124
f 1124//1124 1125//1125 1126//1126
f 1124//1124 1126//1126 1122//1122
f 1122//1122 1126//1126 1127//1127
f 1122//1122 1127//1127 1119//1119
f 1119//1119 1127//1127 1128//1128
f 1119//1119 1128//1128 1120//1120
f 986//986 953//953 1129//1129
f 1129//1129 953//953 955//955
f 1129//1129 955//955 1130//1130
f 1131//1131 1132//1132 1133//1133
f 1133//1133 1132//1132 1134//1134
f 1133//1133 1134//1134 1135//1135
f 1135//1135 1134//1134 1136//1136
f 1135//1135 1136//1136 1137//1137
f 1137//1137 1136//1136 1138//1138
f 1137//1137 1138//1138 1139//1139
f 1116//1116 1131//1131 1140//1140
f 1140//1140 1131//1131 1133//1133
f 1140//1140 1133//1133 1141//1141
f 1141//1141 1133//1133 1135//1135
f 1141//1141 1135//1135 1113//1113
f 1113//1113 1135//1135 1137//1137
f 1113//1113 1137//1137 1111//1111
f 1111//1111 1137//1137 1139//1139
f 1110//1110 1142//1142 1138//1138
f 1138//1138 1142//1142 1139//1139
f 1139//1139 1142//1142 1143//1143
f 1139//1139 1143//1143 1111//1111
f 1111//1111 1143//1143 1144//1144
f 1111//1111 1144//1144 1112//1112
f 1112//1112 1144//1144 1145//1145
f 1112//1112 1145//1145 1146//1146
f 951//951 1147//1147 952//952
f 952//952 1147//1147 956//956
f 1148//1148 1149//1149 1150//1150
f 1150//1150 1149//1149 1151//1151
f 1150//1150 1151//1151 1152//1152
f 1152//1152 1151//1151 1153//1153
f 1154//1154 1155//1155 1156//1156
f 414//414 989//989 849//849
f 849//849 989//989 977//977
f 849//849 977//977 850//850
f 976//976 1156//1156 977//977
f 977//977 1156//1156 1155//1155
f 977//977 1155//1155 850//850
f 972//972 1157//1157 970//970
f 970//970 1157//1157 1158//1158
f 970//970 1158//1158 975//975
f 1130//1130 1159//1159 1129//1129
f 1129//1129 1159//1159 1160//1160
f 1129//1129 1160//1160 1157//1157
f 1157//1157 1160//1160 1156//1156
f 1157//1157 1156//1156 1158//1158
f 1158//1158 1156//1156 976//976
f 1158//1158 976//976 975//975
f 1161//1161 766//766 765//765
f 788//788 1162//1162 789//789
f 789//789 1162//1162 1115//1115
f 789//789 1115//1115 790//790
f 790//790 1115//1115 791//791
f 788//788 787//787 1162//1162
f 1162//1162 787//787 746//746
f 1162//1162 746//746 1161//1161
f 1161//1161 746//746 767//767
f 1161//1161 767//767 766//766
f 1163//1163 1164//1164 1165//1165
f 1165//1165 1164//1164 1166//1166
f 1165//1165 1166//1166 1167//1167
f 1167//1167 1166//1166 1168//1168
f 1167//1167 1168//1168 1114//1114
f 1114//1114 1168//1168 1117//1117
f 1114//1114 1117//1117 795//795
f 795//795 1117//1117 720//720
f 794//794 792//792 1114//1114
f 1114//1114 792//792 1115//1115
f 1114//1114 1115//1115 1167//1167
f 1167//1167 1115//1115 1162//1162
f 1167//1167 1162//1162 1165//1165
f 1165//1165 1162//1162 1161//1161
f 1165//1165 1161//1161 1163//1163
f 830//830 828//828 1154//1154
f 1154//1154 828//828 827//827
f 1154//1154 827//827 1155//1155
f 1155//1155 827//827 864//864
f 1155//1155 864//864 850//850
f 830//830 1154//1154 831//831
f 831//831 1154//1154 1163//1163
f 831//831 1163//1163 863//863
f 863//863 1163//1163 1161//1161
f 863//863 1161//1161 862//862
f 862//862 1161//1161 765//765
f 862//862 765//765 201//201
f 1132//1132 1149//1149 1134//1134
f 1134//1134 1149//1149 1148//1148
f 1134//1134 1148//1148 1136//1136
f 1136//1136 1148//1148 1169//1169
f 1136//1136 1169//1169 1138//1138
f 1138//1138 1169//1169 1147//1147
f 1138//1138 1147//1147 1110//1110
f 1110//1110 1147//1147 951//951
f 1110//1110 951//951 957//957
f 1146//1146 1125//1125 1112//1112
f 1112//1112 1125//1125 1124//1124
f 1112//1112 1124//1124 1113//1113
f 1113//1113 1124//1124 1123//1123
f 1113//1113 1123//1123 1141//1141
f 1141//1141 1123//1123 1121//1121
f 1141//1141 1121//1121 1140//1140
f 1140//1140 1121//1121 1118//1118
f 1140//1140 1118//1118 1116//1116
f 1116//1116 1118//1118 736//736
f 1116//1116 736//736 713//713
f 972//972 974//974 1157//1157
f 1157//1157 974//974 988//988
f 1157//1157 988//988 1129//1129
f 1129//1129 988//988 987//987
f 1129//1129 987//987 986//986
f 715//715 717//717 1116//1116
f 1116//1116 717//717 1117//1117
f 1116//1116 1117//1117 1131//1131
f 1131//1131 1117//1117 1168//1168
f 1131//1131 1168//1168 1132//1132
f 1132//1132 1168//1168 1166//1166
f 1132//1132 1166//1166 1149//1149
f 1149//1149 1166//1166 1164//1164
f 1149//1149 1164//1164 1151//1151
f 1151//1151 1164//1164 1163//1163
f 1151//1151 1163//1163 1153//1153
f 1153//1153 1163//1163 1154//1154
f 1153//1153 1154//1154 1152//1152
f 1152//1152 1154//1154 1156//1156
f 1152//1152 1156//1156 1150//1150
f 1150//1150 1156//1156 1160//1160
f 1150//1150 1160//1160 1148//1148
f 1148//1148 1160//1160 1159//1159
f 1148//1148 1159//1159 1169//1169
f 1169//1169 1159//1159 1130//1130
f 1169//1169 1130//1130 1147//1147
f 1147//1147 1130//1130 955//955
f 1147//1147 955//955 956//956
f 1170//1170 868//868 1171//1171
f 1171//1171 868//868 871//871
f 1171//1171 871//871 1172//1172
f 1172//1172 871//871 870//870
f 1172//1172 870//870 1173//1173
f 1173//1173 870//870 869//869
f 1173//1173 869//869 1174//1174
f 1174//1174 869//869 874//874
f 1174//1174 874//874 1175//1175
f 1175//1175 874//874 873//873
f 1175//1175 873//873 1176//1176
f 1176//1176 873//873 872//872
f 1176//1176 872//872 1177//1177
f 1177//1177 872//872 877//877
f 1177//1177 877//877 1178//1178
f 1178//1178 877//877 876//876
f 1178//1178 876//876 1179//1179
f 1179//1179 876//876 875//875
f 1179//1179 875//875 1180//1180
f 1180//1180 875//875 879//879
f 1180//1180 879//879 1181//1181
f 1181//1181 879//879 878//878
f 1181//1181 878//878 1182//1182
f 1182//1182 878//878 866//866
f 1182//1182 866//866 1183//1183
f 1183//1183 866//866 865//865
f 1183//1183 865//865 1170//1170
f 1170//1170 865//865 868//868
f 1184//1184 1185//1185 1186//1186
f 1186//1186 1185//1185 1187//1187
f 1188//1188 1189//1189 1190//1190
f 1191//1191 1192//1192 1193//1193
f 1192//1192 1191//1191 1194//1194
f 1195//1195 1196//1196 1197//1197
f 1196//1196 1195//1195 1198//1198
f 1199//1199 1200//1200 1201//1201
f 1201//1201 1200//1200 1202//1202
f 1203//1203 1204//1204 1205//1205
f 916//916 918//918 1206//1206
f 1207//1207 1208//1208 1188//1188
f 1209//1209 1210//1210 1211//1211
f 1212//1212 1213//1213 1214//1214
f 898//898 897//897 1215//1215
f 913//913 1216//1216 881//881
f 881//881 1216//1216 1217//1217
f 885//885 884//884 1217//1217
f 1217//1217 884//884 882//882
f 1217//1217 882//882 881//881
f 892//892 887//887 1218//1218
f 892//892 1218//1218 893//893
f 894//894 1219//1219 895//895
f 895//895 1219//1219 1215//1215
f 895//895 1215//1215 896//896
f 896//896 1215//1215 897//897
f 1220//1220 902//902 899//899
f 904//904 1221//1221 905//905
f 905//905 1221//1221 1222//1222
f 905//905 1222//1222 906//906
f 904//904 903//903 1221//1221
f 1221//1221 903//903 900//900
f 1221//1221 900//900 1220//1220
f 1220//1220 900//900 901//901
f 1220//1220 901//901 902//902
f 906//906 1222//1222 907//907
f 907//907 1222//1222 1214//1214
f 907//907 1214//1214 908//908
f 908//908 1214//1214 909//909
f 909//909 1214//1214 1213//1213
f 909//909 1213//1213 911//911
f 1223//1223 1224//1224 1225//1225
f 1225//1225 1224//1224 1226//1226
f 1227//1227 1228//1228 1229//1229
f 1229//1229 1228//1228 1230//1230
f 1231//1231 1232//1232 1233//1233
f 1233//1233 1232//1232 1234//1234
f 1233//1233 1234//1234 1235//1235
f 1236//1236 1231//1231 1237//1237
f 1237//1237 1231//1231 1233//1233
f 1237//1237 1233//1233 1238//1238
f 1238//1238 1233//1233 1239//1239
f 1238//1238 1239//1239 1240//1240
f 1241//1241 1242//1242 1239//1239
f 1239//1239 1242//1242 1243//1243
f 1239//1239 1243//1243 1240//1240
f 1244//1244 1245//1245 1246//1246
f 1246//1246 1245//1245 1247//1247
f 1246//1246 1247//1247 1239//1239
f 1239//1239 1247//1247 1248//1248
f 1239//1239 1248//1248 1241//1241
f 1244//1244 1246//1246 1249//1249
f 1249//1249 1246//1246 1211//1211
f 1249//1249 1211//1211 1250//1250
f 1250//1250 1211//1211 1210//1210
f 1250//1250 1210//1210 1251//1251
f 1252//1252 1189//1189 1253//1253
f 1253//1253 1189//1189 1188//1188
f 1253//1253 1188//1188 1254//1254
f 1254//1254 1188//1188 1208//1208
f 1255//1255 1256//1256 1257//1257
f 1257//1257 1256//1256 1258//1258
f 1259//1259 1260//1260 1261//1261
f 1261//1261 1260//1260 1262//1262
f 1263//1263 1264//1264 1265//1265
f 1265//1265 1264//1264 1266//1266
f 1263//1263 1265//1265 1267//1267
f 1267//1267 1265//1265 1268//1268
f 1267//1267 1268//1268 1269//1269
f 1270//1270 1271//1271 1272//1272
f 1272//1272 1271//1271 1273//1273
f 1272//1272 1273//1273 1274//1274
f 1274//1274 1273//1273 1268//1268
f 1271//1271 1275//1275 1273//1273
f 1273//1273 1275//1275 1276//1276
f 1273//1273 1276//1276 1268//1268
f 1268//1268 1276//1276 1277//1277
f 1268//1268 1277//1277 1269//1269
f 1278//1278 1279//1279 1280//1280
f 1280//1280 1279//1279 1281//1281
f 1282//1282 1283//1283 1284//1284
f 1284//1284 1283//1283 1285//1285
f 1286//1286 1287//1287 1288//1288
f 1288//1288 1287//1287 1282//1282
f 1289//1289 1290//1290 1291//1291
f 1291//1291 1290//1290 1292//1292
f 1293//1293 1294//1294 1295//1295
f 1295//1295 1294//1294 1296//1296
f 1297//1297 1298//1298 1299//1299
f 1299//1299 1298//1298 1300//1300
f 1299//1299 1300//1300 1301//1301
f 1302//1302 1297//1297 1303//1303
f 1303//1303 1297//1297 1299//1299
f 1303//1303 1299//1299 1304//1304
f 1304//1304 1299//1299 1305//1305
f 1305//1305 1299//1299 1306//1306
f 1306//1306 1299//1299 1307//1307
f 1306//1306 1307//1307 1308//1308
f 1309//1309 1310//1310 1311//1311
f 1311//1311 1310//1310 1312//1312
f 1311//1311 1312//1312 1313//1313
f 1313//1313 1314//1314 1311//1311
f 1311//1311 1314//1314 1315//1315
f 1311//1311 1315//1315 1307//1307
f 1307//1307 1315//1315 1316//1316
f 1307//1307 1316//1316 1308//1308
f 1317//1317 1318//1318 1319//1319
f 1320//1320 1321//1321 1317//1317
f 1322//1322 1318//1318 1323//1323
f 1323//1323 1318//1318 1317//1317
f 1323//1323 1317//1317 1324//1324
f 1324//1324 1317//1317 1321//1321
f 1325//1325 1326//1326 1327//1327
f 1327//1327 1326//1326 1328//1328
f 1329//1329 1330//1330 1331//1331
f 1331//1331 1330//1330 1332//1332
f 1333//1333 920//920 1334//1334
f 1334//1334 920//920 922//922
f 916//916 1206//1206 939//939
f 941//941 940//940 1335//1335
f 1335//1335 940//940 939//939
f 941//941 1335//1335 935//935
f 935//935 1335//1335 1336//1336
f 935//935 1336//1336 936//936
f 931//931 930//930 1337//1337
f 1337//1337 930//930 938//938
f 1337//1337 938//938 1336//1336
f 1336//1336 938//938 937//937
f 1336//1336 937//937 936//936
f 1338//1338 934//934 933//933
f 1338//1338 933//933 1337//1337
f 1337//1337 933//933 932//932
f 1337//1337 932//932 931//931
f 934//934 1338//1338 927//927
f 927//927 1338//1338 1339//1339
f 927//927 1339//1339 928//928
f 913//913 914//914 1216//1216
f 1216//1216 914//914 915//915
f 1216//1216 915//915 1339//1339
f 1339//1339 915//915 929//929
f 1339//1339 929//929 928//928
f 1340//1340 1341//1341 1284//1284
f 1342//1342 1341//1341 1343//1343
f 1343//1343 1341//1341 1340//1340
f 1343//1343 1340//1340 1344//1344
f 1345//1345 1344//1344 1346//1346
f 1346//1346 1344//1344 1340//1340
f 1346//1346 1340//1340 1280//1280
f 1280//1280 1340//1340 1284//1284
f 1280//1280 1284//1284 1278//1278
f 1278//1278 1284//1284 1285//1285
f 1319//1319 1309//1309 1317//1317
f 1317//1317 1309//1309 1311//1311
f 1317//1317 1311//1311 1347//1347
f 1347//1347 1311//1311 1307//1307
f 1347//1347 1307//1307 1348//1348
f 1348//1348 1307//1307 1299//1299
f 1348//1348 1299//1299 1294//1294
f 1294//1294 1299//1299 1301//1301
f 1294//1294 1301//1301 1296//1296
f 1338//1338 1349//1349 1339//1339
f 1339//1339 1349//1349 1350//1350
f 1339//1339 1350//1350 1216//1216
f 1216//1216 1350//1350 1351//1351
f 1216//1216 1351//1351 1217//1217
f 1217//1217 1351//1351 1218//1218
f 1217//1217 1218//1218 885//885
f 885//885 1218//1218 887//887
f 1332//1332 1325//1325 1331//1331
f 1331//1331 1325//1325 1327//1327
f 1331//1331 1327//1327 1352//1352
f 1352//1352 1327//1327 1353//1353
f 1352//1352 1353//1353 1354//1354
f 1354//1354 1353//1353 1355//1355
f 1354//1354 1355//1355 1356//1356
f 1356//1356 1355//1355 1357//1357
f 1356//1356 1357//1357 1358//1358
f 1358//1358 1357//1357 1290//1290
f 1358//1358 1290//1290 1288//1288
f 1288//1288 1290//1290 1289//1289
f 1288//1288 1289//1289 1286//1286
f 1328//1328 1320//1320 1327//1327
f 1327//1327 1320//1320 1317//1317
f 1327//1327 1317//1317 1353//1353
f 1353//1353 1317//1317 1347//1347
f 1353//1353 1347//1347 1355//1355
f 1355//1355 1347//1347 1348//1348
f 1355//1355 1348//1348 1357//1357
f 1357//1357 1348//1348 1294//1294
f 1357//1357 1294//1294 1290//1290
f 1290//1290 1294//1294 1293//1293
f 1290//1290 1293//1293 1292//1292
f 1282//1282 1284//1284 1288//1288
f 1288//1288 1284//1284 1341//1341
f 1288//1288 1341//1341 1358//1358
f 1358//1358 1341//1341 1342//1342
f 1358//1358 1342//1342 1356//1356
f 1356//1356 1342//1342 1203//1203
f 1356//1356 1203//1203 1354//1354
f 1354//1354 1203//1203 1205//1205
f 1354//1354 1205//1205 1352//1352
f 1352//1352 1205//1205 1359//1359
f 1352//1352 1359//1359 1331//1331
f 1331//1331 1359//1359 1360//1360
f 1331//1331 1360//1360 1329//1329
f 1329//1329 1360//1360 1206//1206
f 1329//1329 1206//1206 1333//1333
f 1333//1333 1206//1206 918//918
f 1333//1333 918//918 920//920
f 1335//1335 1361//1361 1336//1336
f 1336//1336 1361//1361 1362//1362
f 1336//1336 1362//1362 1337//1337
f 1337//1337 1362//1362 1363//1363
f 1337//1337 1363//1363 1338//1338
f 1338//1338 1363//1363 1364//1364
f 1338//1338 1364//1364 1349//1349
f 1204//1204 1203//1203 1365//1365
f 1365//1365 1203//1203 1342//1342
f 1365//1365 1342//1342 1366//1366
f 1366//1366 1342//1342 1343//1343
f 1366//1366 1343//1343 1367//1367
f 1367//1367 1343//1343 1344//1344
f 1367//1367 1344//1344 1368//1368
f 1368//1368 1344//1344 1345//1345
f 1368//1368 1345//1345 1369//1369
f 1369//1369 1345//1345 1187//1187
f 1369//1369 1187//1187 1370//1370
f 1370//1370 1187//1187 1185//1185
f 1370//1370 1185//1185 1197//1197
f 1197//1197 1185//1185 1184//1184
f 1197//1197 1184//1184 1195//1195
f 1371//1371 1212//1212 1199//1199
f 1199//1199 1212//1212 1214//1214
f 1199//1199 1214//1214 1200//1200
f 1200//1200 1214//1214 1222//1222
f 1200//1200 1222//1222 1202//1202
f 1202//1202 1222//1222 1221//1221
f 1202//1202 1221//1221 1372//1372
f 1372//1372 1221//1221 1220//1220
f 1372//1372 1220//1220 1193//1193
f 1373//1373 1194//1194 1374//1374
f 1374//1374 1194//1194 1191//1191
f 1374//1374 1191//1191 1219//1219
f 1219//1219 1191//1191 1193//1193
f 1219//1219 1193//1193 1215//1215
f 1215//1215 1193//1193 1220//1220
f 1215//1215 1220//1220 898//898
f 898//898 1220//1220 899//899
f 894//894 893//893 1219//1219
f 1219//1219 893//893 1218//1218
f 1219//1219 1218//1218 1374//1374
f 1374//1374 1218//1218 1351//1351
f 1374//1374 1351//1351 1373//1373
f 1373//1373 1351//1351 1350//1350
f 1373//1373 1350//1350 1375//1375
f 1375//1375 1350//1350 1349//1349
f 1375//1375 1349//1349 1376//1376
f 1376//1376 1349//1349 1364//1364
f 939//939 1206//1206 1335//1335
f 1335//1335 1206//1206 1360//1360
f 1335//1335 1360//1360 1361//1361
f 1361//1361 1360//1360 1359//1359
f 1361//1361 1359//1359 1362//1362
f 1362//1362 1359//1359 1205//1205
f 1362//1362 1205//1205 1363//1363
f 1363//1363 1205//1205 1204//1204
f 1363//1363 1204//1204 1364//1364
f 1364//1364 1204//1204 1365//1365
f 1364//1364 1365//1365 1376//1376
f 1376//1376 1365//1365 1366//1366
f 1376//1376 1366//1366 1375//1375
f 1375//1375 1366//1366 1367//1367
f 1375//1375 1367//1367 1373//1373
f 1373//1373 1367//1367 1368//1368
f 1373//1373 1368//1368 1194//1194
f 1194//1194 1368//1368 1369//1369
f 1194//1194 1369//1369 1192//1192
f 1192//1192 1369//1369 1370//1370
f 1192//1192 1370//1370 1193//1193
f 1193//1193 1370//1370 1197//1197
f 1193//1193 1197//1197 1372//1372
f 1372//1372 1197//1197 1196//1196
f 1372//1372 1196//1196 1202//1202
f 1202//1202 1196//1196 1198//1198
f 1202//1202 1198//1198 1201//1201
f 1258//1258 1207//1207 1257//1257
f 1257//1257 1207//1207 1188//1188
f 1257//1257 1188//1188 1377//1377
f 1377//1377 1188//1188 1190//1190
f 1377//1377 1190//1190 1378//1378
f 1233//1233 1378//1378 1239//1239
f 1239//1239 1378//1378 1190//1190
f 1239//1239 1190//1190 1246//1246
f 1246//1246 1190//1190 1189//1189
f 1246//1246 1189//1189 1211//1211
f 1211//1211 1189//1189 1252//1252
f 1211//1211 1252//1252 1209//1209
f 1266//1266 1259//1259 1265//1265
f 1265//1265 1259//1259 1261//1261
f 1265//1265 1261//1261 1379//1379
f 1379//1379 1261//1261 1380//1380
f 1379//1379 1380//1380 1381//1381
f 1381//1381 1380//1380 1382//1382
f 1381//1381 1382//1382 1383//1383
f 1383//1383 1382//1382 1384//1384
f 1383//1383 1384//1384 1385//1385
f 1385//1385 1384//1384 1228//1228
f 1385//1385 1228//1228 1224//1224
f 1224//1224 1228//1228 1227//1227
f 1224//1224 1227//1227 1226//1226
f 1262//1262 1255//1255 1261//1261
f 1261//1261 1255//1255 1257//1257
f 1261//1261 1257//1257 1380//1380
f 1380//1380 1257//1257 1377//1377
f 1380//1380 1377//1377 1382//1382
f 1382//1382 1377//1377 1378//1378
f 1382//1382 1378//1378 1384//1384
f 1384//1384 1378//1378 1233//1233
f 1384//1384 1233//1233 1228//1228
f 1228//1228 1233//1233 1235//1235
f 1228//1228 1235//1235 1230//1230
f 1281//1281 1270//1270 1280//1280
f 1280//1280 1270//1270 1272//1272
f 1280//1280 1272//1272 1346//1346
f 1346//1346 1272//1272 1274//1274
f 1346//1346 1274//1274 1345//1345
f 1345//1345 1274//1274 1268//1268
f 1345//1345 1268//1268 1187//1187
f 1187//1187 1268//1268 1265//1265
f 1187//1187 1265//1265 1186//1186
f 1186//1186 1265//1265 1379//1379
f 1186//1186 1379//1379 1184//1184
f 1184//1184 1379//1379 1381//1381
f 1184//1184 1381//1381 1195//1195
f 1195//1195 1381//1381 1383//1383
f 1195//1195 1383//1383 1198//1198
f 1198//1198 1383//1383 1385//1385
f 1198//1198 1385//1385 1201//1201
f 1201//1201 1385//1385 1224//1224
f 1201//1201 1224//1224 1199//1199
f 1199//1199 1224//1224 1223//1223
f 1199//1199 1223//1223 1371//1371
f 1386//1386 1387//1387 1388//1388
f 1389//1389 1390//1390 1391//1391
f 1391//1391 1390//1390 1392//1392
f 1386//1386 1388//1388 1392//1392
f 1393//1393 1394//1394 1395//1395
f 1395//1395 1394//1394 1396//1396
f 1395//1395 1396//1396 1391//1391
f 1391//1391 1396//1396 1397//1397
f 1391//1391 1397//1397 1389//1389
f 979//979 978//978 1395//1395
f 1395//1395 978//978 1398//1398
f 1395//1395 1398//1398 1393//1393
f 1393//1393 1398//1398 1399//1399
f 943//943 942//942 1391//1391
f 1391//1391 942//942 981//981
f 1391//1391 981//981 1395//1395
f 1395//1395 981//981 980//980
f 1395//1395 980//980 979//979
f 1392//1392 1388//1388 1391//1391
f 1391//1391 1388//1388 958//958
f 1391//1391 958//958 943//943
f 1400//1400 1401//1401 1402//1402
f 1402//1402 1401//1401 1399//1399
f 1402//1402 1399//1399 1398//1398
f 1400//1400 1402//1402 1403//1403
f 1403//1403 1402//1402 1404//1404
f 1403//1403 1404//1404 1405//1405
f 1406//1406 1407//1407 1408//1408
f 1408//1408 1407//1407 1409//1409
f 1408//1408 1409//1409 1404//1404
f 1404//1404 1409//1409 1410//1410
f 1404//1404 1410//1410 1405//1405
f 1018//1018 1404//1404 1016//1016
f 1016//1016 1404//1404 1402//1402
f 1016//1016 1402//1402 990//990
f 990//990 1402//1402 1398//1398
f 990//990 1398//1398 978//978
f 1021//1021 1408//1408 1020//1020
f 1020//1020 1408//1408 1404//1404
f 1020//1020 1404//1404 1019//1019
f 1019//1019 1404//1404 1018//1018
f 1411//1411 1412//1412 1053//1053
f 1408//1408 1021//1021 1081//1081
f 1413//1413 1081//1081 1412//1412
f 1412//1412 1081//1081 1055//1055
f 1412//1412 1055//1055 1053//1053
f 1406//1406 1408//1408 1414//1414
f 1414//1414 1408//1408 1081//1081
f 1414//1414 1081//1081 1415//1415
f 1415//1415 1081//1081 1413//1413
f 1411//1411 1053//1053 1416//1416
f 1416//1416 1053//1053 1052//1052
f 1416//1416 1052//1052 1417//1417
f 1418//1418 1419//1419 1420//1420
f 1420//1420 1419//1419 1421//1421
f 1420//1420 1421//1421 1422//1422
f 1418//1418 1423//1423 1419//1419
f 1419//1419 1423//1423 1424//1424
f 1419//1419 1424//1424 1052//1052
f 1052//1052 1424//1424 1425//1425
f 1052//1052 1425//1425 1417//1417
f 1426//1426 1427//1427 1428//1428
f 1429//1429 1430//1430 1431//1431
f 1431//1431 1430//1430 1432//1432
f 1431//1431 1432//1432 1426//1426
f 1426//1426 1432//1432 1433//1433
f 1426//1426 1433//1433 1427//1427
f 1089//1089 1429//1429 1090//1090
f 1090//1090 1429//1429 1431//1431
f 1090//1090 1431//1431 1092//1092
f 1092//1092 1431//1431 1098//1098
f 1033//1033 1426//1426 1421//1421
f 1421//1421 1426//1426 1428//1428
f 1421//1421 1428//1428 1422//1422
f 656//656 1098//1098 1042//1042
f 1042//1042 1098//1098 1431//1431
f 1042//1042 1431//1431 1073//1073
f 1073//1073 1431//1431 1426//1426
f 1073//1073 1426//1426 1043//1043
f 1043//1043 1426//1426 1033//1033
f 1052//1052 1083//1083 1419//1419
f 1419//1419 1083//1083 1084//1084
f 1419//1419 1084//1084 1421//1421
f 1421//1421 1084//1084 1034//1034
f 1421//1421 1034//1034 1033//1033
f 1230//1230 1235//1235 1434//1434
f 1435//1435 1436//1436 1437//1437
f 1438//1438 1439//1439 1440//1440
f 1440//1440 1439//1439 1441//1441
f 1440//1440 1441//1441 1442//1442
f 1443//1443 1094//1094 1093//1093
f 1093//1093 911//911 1213//1213
f 1093//1093 1213//1213 1443//1443
f 1443//1443 1213//1213 1212//1212
f 1443//1443 1212//1212 1444//1444
f 1095//1095 1445//1445 1097//1097
f 1089//1089 1091//1091 1446//1446
f 1446//1446 1091//1091 1447//1447
f 1446//1446 1447//1447 1448//1448
f 1449//1449 1450//1450 1451//1451
f 1451//1451 1450//1450 1452//1452
f 1451//1451 1452//1452 1453//1453
f 1453//1453 1452//1452 1454//1454
f 1453//1453 1454//1454 1447//1447
f 1447//1447 1454//1454 1455//1455
f 1447//1447 1455//1455 1448//1448
f 1456//1456 1457//1457 1458//1458
f 1458//1458 1457//1457 1459//1459
f 1458//1458 1459//1459 1460//1460
f 1442//1442 1461//1461 1440//1440
f 1440//1440 1461//1461 1462//1462
f 1440//1440 1462//1462 1458//1458
f 1458//1458 1462//1462 1463//1463
f 1458//1458 1463//1463 1456//1456
f 1240//1240 1464//1464 1465//1465
f 1232//1232 1231//1231 1466//1466
f 1466//1466 1231//1231 1467//1467
f 1231//1231 1236//1236 1467//1467
f 1467//1467 1236//1236 1237//1237
f 1467//1467 1237//1237 1465//1465
f 1465//1465 1237//1237 1238//1238
f 1465//1465 1238//1238 1240//1240
f 1434//1434 1235//1235 1466//1466
f 1466//1466 1235//1235 1234//1234
f 1466//1466 1234//1234 1232//1232
f 1212//1212 1371//1371 1444//1444
f 1444//1444 1371//1371 1223//1223
f 1444//1444 1223//1223 1468//1468
f 1468//1468 1223//1223 1225//1225
f 1225//1225 1226//1226 1468//1468
f 1468//1468 1226//1226 1227//1227
f 1468//1468 1227//1227 1434//1434
f 1434//1434 1227//1227 1229//1229
f 1434//1434 1229//1229 1230//1230
f 1469//1469 1470//1470 1471//1471
f 1471//1471 1470//1470 1472//1472
f 1473//1473 1474//1474 1451//1451
f 1451//1451 1474//1474 1475//1475
f 1451//1451 1475//1475 1449//1449
f 1473//1473 1451//1451 1476//1476
f 1476//1476 1451//1451 1477//1477
f 1476//1476 1477//1477 1478//1478
f 1469//1469 1479//1479 1470//1470
f 1470//1470 1479//1479 1480//1480
f 1470//1470 1480//1480 1481//1481
f 1481//1481 1480//1480 1482//1482
f 1481//1481 1482//1482 1477//1477
f 1477//1477 1482//1482 1483//1483
f 1477//1477 1483//1483 1478//1478
f 1091//1091 1097//1097 1447//1447
f 1447//1447 1097//1097 1445//1445
f 1447//1447 1445//1445 1453//1453
f 1453//1453 1445//1445 1484//1484
f 1453//1453 1484//1484 1451//1451
f 1451//1451 1484//1484 1485//1485
f 1451//1451 1485//1485 1477//1477
f 1477//1477 1485//1485 1486//1486
f 1477//1477 1486//1486 1481//1481
f 1481//1481 1486//1486 1487//1487
f 1481//1481 1487//1487 1470//1470
f 1470//1470 1487//1487 1488//1488
f 1470//1470 1488//1488 1472//1472
f 1472//1472 1488//1488 1489//1489
f 1472//1472 1489//1489 1490//1490
f 1490//1490 1489//1489 1491//1491
f 1490//1490 1491//1491 1460//1460
f 1460//1460 1491//1491 1492//1492
f 1460//1460 1492//1492 1458//1458
f 1458//1458 1492//1492 1493//1493
f 1458//1458 1493//1493 1440//1440
f 1440//1440 1493//1493 1494//1494
f 1440//1440 1494//1494 1438//1438
f 1438//1438 1494//1494 1495//1495
f 1244//1244 1437//1437 1245//1245
f 1245//1245 1437//1437 1496//1496
f 1245//1245 1496//1496 1247//1247
f 1251//1251 1435//1435 1250//1250
f 1250//1250 1435//1435 1437//1437
f 1250//1250 1437//1437 1249//1249
f 1249//1249 1437//1437 1244//1244
f 1240//1240 1243//1243 1464//1464
f 1464//1464 1243//1243 1242//1242
f 1464//1464 1242//1242 1497//1497
f 1497//1497 1242//1242 1241//1241
f 1497//1497 1241//1241 1496//1496
f 1496//1496 1241//1241 1248//1248
f 1496//1496 1248//1248 1247//1247
f 1498//1498 1490//1490 1499//1499
f 1499//1499 1490//1490 1460//1460
f 1499//1499 1460//1460 1500//1500
f 1500//1500 1460//1460 1459//1459
f 1498//1498 1501//1501 1490//1490
f 1490//1490 1501//1501 1502//1502
f 1490//1490 1502//1502 1472//1472
f 1472//1472 1502//1502 1503//1503
f 1472//1472 1503//1503 1471//1471
f 1095//1095 1094//1094 1445//1445
f 1445//1445 1094//1094 1443//1443
f 1445//1445 1443//1443 1484//1484
f 1484//1484 1443//1443 1444//1444
f 1484//1484 1444//1444 1485//1485
f 1485//1485 1444//1444 1468//1468
f 1485//1485 1468//1468 1486//1486
f 1486//1486 1468//1468 1434//1434
f 1486//1486 1434//1434 1487//1487
f 1487//1487 1434//1434 1466//1466
f 1487//1487 1466//1466 1488//1488
f 1488//1488 1466//1466 1467//1467
f 1488//1488 1467//1467 1489//1489
f 1489//1489 1467//1467 1465//1465
f 1489//1489 1465//1465 1491//1491
f 1491//1491 1465//1465 1464//1464
f 1491//1491 1464//1464 1492//1492
f 1492//1492 1464//1464 1497//1497
f 1492//1492 1497//1497 1493//1493
f 1493//1493 1497//1497 1496//1496
f 1493//1493 1496//1496 1494//1494
f 1494//1494 1496//1496 1437//1437
f 1494//1494 1437//1437 1495//1495
f 1495//1495 1437//1437 1436//1436
f 1107//1107 1104//1104 1504//1504
f 1505//1505 1506//1506 1507//1507
f 1508//1508 1509//1509 1510//1510
f 922//922 1109//1109 1334//1334
f 1334//1334 1109//1109 1511//1511
f 1334//1334 1511//1511 1333//1333
f 1333//1333 1511//1511 1512//1512
f 1333//1333 1512//1512 1329//1329
f 1329//1329 1512//1512 1330//1330
f 1328//1328 1326//1326 1513//1513
f 1513//1513 1326//1326 1325//1325
f 1513//1513 1325//1325 1512//1512
f 1512//1512 1325//1325 1332//1332
f 1512//1512 1332//1332 1330//1330
f 1328//1328 1513//1513 1320//1320
f 1320//1320 1513//1513 1514//1514
f 1320//1320 1514//1514 1321//1321
f 1319//1319 1318//1318 1515//1515
f 1515//1515 1318//1318 1322//1322
f 1515//1515 1322//1322 1516//1516
f 1516//1516 1322//1322 1323//1323
f 1516//1516 1323//1323 1514//1514
f 1514//1514 1323//1323 1324//1324
f 1514//1514 1324//1324 1321//1321
f 1313//1313 1312//1312 1517//1517
f 1517//1517 1312//1312 1310//1310
f 1517//1517 1310//1310 1515//1515
f 1515//1515 1310//1310 1309//1309
f 1515//1515 1309//1309 1319//1319
f 1313//1313 1517//1517 1314//1314
f 1314//1314 1517//1517 1518//1518
f 1314//1314 1518//1518 1315//1315
f 1315//1315 1518//1518 1316//1316
f 1316//1316 1518//1518 1519//1519
f 1316//1316 1519//1519 1308//1308
f 1303//1303 1304//1304 1520//1520
f 1520//1520 1304//1304 1305//1305
f 1520//1520 1305//1305 1519//1519
f 1519//1519 1305//1305 1306//1306
f 1519//1519 1306//1306 1308//1308
f 1302//1302 1303//1303 1521//1521
f 1521//1521 1303//1303 1520//1520
f 1521//1521 1520//1520 1522//1522
f 1522//1522 1520//1520 1523//1523
f 1506//1506 1524//1524 1507//1507
f 1507//1507 1524//1524 1525//1525
f 1507//1507 1525//1525 1526//1526
f 1505//1505 1507//1507 1527//1527
f 1527//1527 1507//1507 1528//1528
f 1527//1527 1528//1528 1529//1529
f 1530//1530 1531//1531 1528//1528
f 1528//1528 1531//1531 1532//1532
f 1528//1528 1532//1532 1529//1529
f 1533//1533 1534//1534 1535//1535
f 1535//1535 1534//1534 1536//1536
f 1536//1536 1537//1537 1535//1535
f 1535//1535 1537//1537 1538//1538
f 1535//1535 1538//1538 1530//1530
f 1530//1530 1538//1538 1539//1539
f 1530//1530 1539//1539 1531//1531
f 1533//1533 1535//1535 1540//1540
f 1540//1540 1535//1535 1541//1541
f 1540//1540 1541//1541 1542//1542
f 1543//1543 1544//1544 1541//1541
f 1541//1541 1544//1544 1545//1545
f 1541//1541 1545//1545 1542//1542
f 1546//1546 1547//1547 1548//1548
f 1548//1548 1547//1547 1549//1549
f 1548//1548 1549//1549 1543//1543
f 1543//1543 1549//1549 1550//1550
f 1543//1543 1550//1550 1544//1544
f 1551//1551 1552//1552 1553//1553
f 1553//1553 1552//1552 1554//1554
f 1553//1553 1554//1554 1548//1548
f 1548//1548 1554//1554 1555//1555
f 1548//1548 1555//1555 1546//1546
f 1551//1551 1553//1553 1556//1556
f 1556//1556 1553//1553 1557//1557
f 1556//1556 1557//1557 1558//1558
f 1558//1558 1557//1557 1559//1559
f 1559//1559 1557//1557 1560//1560
f 1559//1559 1560//1560 1561//1561
f 1560//1560 1103//1103 1102//1102
f 1561//1561 1560//1560 1562//1562
f 1562//1562 1560//1560 1102//1102
f 1562//1562 1102//1102 1100//1100
f 1107//1107 1504//1504 1108//1108
f 1104//1104 1103//1103 1504//1504
f 1504//1504 1103//1103 1560//1560
f 1504//1504 1560//1560 1563//1563
f 1563//1563 1560//1560 1557//1557
f 1563//1563 1557//1557 1564//1564
f 1564//1564 1557//1557 1553//1553
f 1564//1564 1553//1553 1565//1565
f 1565//1565 1553//1553 1548//1548
f 1565//1565 1548//1548 1566//1566
f 1566//1566 1548//1548 1543//1543
f 1566//1566 1543//1543 1567//1567
f 1567//1567 1543//1543 1541//1541
f 1567//1567 1541//1541 1568//1568
f 1568//1568 1541//1541 1535//1535
f 1568//1568 1535//1535 1569//1569
f 1569//1569 1535//1535 1530//1530
f 1569//1569 1530//1530 1570//1570
f 1570//1570 1530//1530 1528//1528
f 1570//1570 1528//1528 1510//1510
f 1510//1510 1528//1528 1507//1507
f 1510//1510 1507//1507 1508//1508
f 1508//1508 1507//1507 1526//1526
f 1109//1109 1108//1108 1511//1511
f 1511//1511 1108//1108 1504//1504
f 1511//1511 1504//1504 1512//1512
f 1512//1512 1504//1504 1563//1563
f 1512//1512 1563//1563 1513//1513
f 1513//1513 1563//1563 1564//1564
f 1513//1513 1564//1564 1514//1514
f 1514//1514 1564//1564 1565//1565
f 1514//1514 1565//1565 1516//1516
f 1516//1516 1565//1565 1566//1566
f 1516//1516 1566//1566 1515//1515
f 1515//1515 1566//1566 1567//1567
f 1515//1515 1567//1567 1517//1517
f 1517//1517 1567//1567 1568//1568
f 1517//1517 1568//1568 1518//1518
f 1518//1518 1568//1568 1569//1569
f 1518//1518 1569//1569 1519//1519
f 1519//1519 1569//1569 1570//1570
f 1519//1519 1570//1570 1520//1520
f 1520//1520 1570//1570 1510//1510
f 1520//1520 1510//1510 1523//1523
f 1523//1523 1510//1510 1509//1509
f 1571//1571 1572//1572 1144//1144
f 1145//1145 1144//1144 1573//1573
f 1574//1574 1575//1575 1576//1576
f 1577//1577 1578//1578 1579//1579
f 1106//1106 781//781 1120//1120
f 1580//1580 1101//1101 1106//1106
f 1581//1581 1100//1100 1099//1099
f 1580//1580 1582//1582 1581//1581
f 1581//1581 1099//1099 1580//1580
f 1580//1580 1099//1099 1101//1101
f 1579//1579 1578//1578 1580//1580
f 1580//1580 1578//1578 1583//1583
f 1580//1580 1583//1583 1582//1582
f 1576//1576 1575//1575 1579//1579
f 1579//1579 1575//1575 1584//1584
f 1579//1579 1584//1584 1577//1577
f 1574//1574 1576//1576 1585//1585
f 1585//1585 1576//1576 1573//1573
f 1585//1585 1573//1573 1586//1586
f 1144//1144 1572//1572 1573//1573
f 1573//1573 1572//1572 1587//1587
f 1573//1573 1587//1587 1586//1586
f 1571//1571 1144//1144 1588//1588
f 1588//1588 1144//1144 1143//1143
f 1588//1588 1143//1143 1589//1589
f 1589//1589 1143//1143 1590//1590
f 1590//1590 1143//1143 1142//1142
f 1590//1590 1142//1142 1591//1591
f 1591//1591 1142//1142 1110//1110
f 1591//1591 1110//1110 1592//1592
f 1388//1388 1387//1387 1593//1593
f 1592//1592 1110//1110 1593//1593
f 1593//1593 1110//1110 958//958
f 1593//1593 958//958 1388//1388
f 1106//1106 1120//1120 1580//1580
f 1580//1580 1120//1120 1128//1128
f 1580//1580 1128//1128 1579//1579
f 1128//1128 1127//1127 1579//1579
f 1579//1579 1127//1127 1126//1126
f 1579//1579 1126//1126 1576//1576
f 1576//1576 1126//1126 1125//1125
f 1576//1576 1125//1125 1573//1573
f 1573//1573 1125//1125 1146//1146
f 1573//1573 1146//1146 1145//1145
f 1594//1594 1595//1595 1596//1596
f 1597//1597 1598//1598 1599//1599
f 1600//1600 1601//1601 1596//1596
f 1602//1602 1603//1603 1604//1604
f 1605//1605 1606//1606 1607//1607
f 1608//1608 1609//1609 1610//1610
f 1611//1611 1612//1612 1613//1613
f 1614//1614 1615//1615 1616//1616
f 1617//1617 1618//1618 1619//1619
f 1210//1210 1209//1209 1620//1620
f 1252//1252 1253//1253 1621//1621
f 1259//1259 1266//1266 1622//1622
f 1276//1276 1275//1275 1623//1623
f 1276//1276 1623//1623 1277//1277
f 1264//1264 1263//1263 1624//1624
f 1624//1624 1263//1263 1267//1267
f 1624//1624 1267//1267 1269//1269
f 1625//1625 1255//1255 1262//1262
f 1259//1259 1622//1622 1260//1260
f 1258//1258 1256//1256 1626//1626
f 1254//1254 1208//1208 1626//1626
f 1626//1626 1208//1208 1207//1207
f 1626//1626 1207//1207 1258//1258
f 1210//1210 1620//1620 1251//1251
f 1438//1438 1495//1495 1627//1627
f 1627//1627 1495//1495 1436//1436
f 1627//1627 1436//1436 1435//1435
f 1439//1439 1438//1438 1628//1628
f 1628//1628 1438//1438 1627//1627
f 1628//1628 1627//1627 1629//1629
f 1629//1629 1627//1627 1630//1630
f 1629//1629 1630//1630 1631//1631
f 1632//1632 1633//1633 1634//1634
f 1634//1634 1633//1633 1635//1635
f 1634//1634 1635//1635 1630//1630
f 1630//1630 1635//1635 1636//1636
f 1630//1630 1636//1636 1631//1631
f 1632//1632 1634//1634 1637//1637
f 1637//1637 1634//1634 1638//1638
f 1637//1637 1638//1638 1639//1639
f 1639//1639 1638//1638 1640//1640
f 1640//1640 1638//1638 1641//1641
f 1640//1640 1641//1641 1642//1642
f 1618//1618 1643//1643 1619//1619
f 1619//1619 1643//1643 1644//1644
f 1619//1619 1644//1644 1641//1641
f 1641//1641 1644//1644 1645//1645
f 1641//1641 1645//1645 1642//1642
f 1646//1646 1617//1617 1647//1647
f 1648//1648 1649//1649 1650//1650
f 1650//1650 1649//1649 1651//1651
f 1650//1650 1651//1651 1647//1647
f 1647//1647 1651//1651 1652//1652
f 1647//1647 1652//1652 1646//1646
f 1648//1648 1650//1650 1653//1653
f 1653//1653 1650//1650 1654//1654
f 1653//1653 1654//1654 1655//1655
f 1655//1655 1654//1654 1656//1656
f 1656//1656 1654//1654 1657//1657
f 1656//1656 1657//1657 1658//1658
f 1659//1659 1660//1660 1661//1661
f 1661//1661 1660//1660 1662//1662
f 1661//1661 1662//1662 1657//1657
f 1657//1657 1662//1662 1663//1663
f 1657//1657 1663//1663 1658//1658
f 1659//1659 1661//1661 1664//1664
f 1664//1664 1661//1661 1665//1665
f 1664//1664 1665//1665 1666//1666
f 1615//1615 1667//1667 1616//1616
f 1616//1616 1667//1667 1668//1668
f 1616//1616 1668//1668 1665//1665
f 1665//1665 1668//1668 1669//1669
f 1665//1665 1669//1669 1666//1666
f 1608//1608 1610//1610 1670//1670
f 1671//1671 1672//1672 1673//1673
f 1673//1673 1672//1672 1674//1674
f 1673//1673 1674//1674 1675//1675
f 1605//1605 1607//1607 1676//1676
f 1677//1677 1678//1678 1679//1679
f 1677//1677 1680//1680 1678//1678
f 1678//1678 1680//1680 1681//1681
f 1678//1678 1681//1681 1682//1682
f 1682//1682 1681//1681 1683//1683
f 1684//1684 1685//1685 1686//1686
f 1687//1687 1688//1688 1689//1689
f 1689//1689 1688//1688 1690//1690
f 1689//1689 1690//1690 1691//1691
f 1692//1692 1693//1693 1694//1694
f 1694//1694 1693//1693 1695//1695
f 1696//1696 1697//1697 1595//1595
f 1595//1595 1697//1697 1698//1698
f 1595//1595 1698//1698 1699//1699
f 1600//1600 1596//1596 1700//1700
f 1700//1700 1596//1596 1595//1595
f 1700//1700 1595//1595 1701//1701
f 1701//1701 1595//1595 1699//1699
f 1701//1701 1699//1699 1702//1702
f 1703//1703 1704//1704 1705//1705
f 1705//1705 1704//1704 1706//1706
f 1705//1705 1706//1706 1707//1707
f 1707//1707 1706//1706 1708//1708
f 1703//1703 1709//1709 1704//1704
f 1704//1704 1709//1709 1710//1710
f 1704//1704 1710//1710 1711//1711
f 1599//1599 1598//1598 1706//1706
f 1706//1706 1598//1598 1712//1712
f 1706//1706 1712//1712 1708//1708
f 1597//1597 1599//1599 1713//1713
f 1713//1713 1599//1599 1714//1714
f 1713//1713 1714//1714 1715//1715
f 1269//1269 1277//1277 1624//1624
f 1624//1624 1277//1277 1623//1623
f 1624//1624 1623//1623 1716//1716
f 1716//1716 1623//1623 1717//1717
f 1716//1716 1717//1717 1718//1718
f 1718//1718 1719//1719 1716//1716
f 1716//1716 1719//1719 1720//1720
f 1716//1716 1720//1720 1721//1721
f 1720//1720 1722//1722 1721//1721
f 1721//1721 1722//1722 1723//1723
f 1721//1721 1723//1723 1714//1714
f 1714//1714 1723//1723 1724//1724
f 1714//1714 1724//1724 1715//1715
f 1253//1253 1254//1254 1621//1621
f 1621//1621 1254//1254 1626//1626
f 1621//1621 1626//1626 1725//1725
f 1725//1725 1626//1626 1726//1726
f 1725//1725 1726//1726 1727//1727
f 1727//1727 1726//1726 1728//1728
f 1727//1727 1728//1728 1729//1729
f 1729//1729 1728//1728 1730//1730
f 1729//1729 1730//1730 1731//1731
f 1731//1731 1730//1730 1732//1732
f 1731//1731 1732//1732 1733//1733
f 1733//1733 1732//1732 1734//1734
f 1733//1733 1734//1734 1735//1735
f 1603//1603 1687//1687 1736//1736
f 1736//1736 1687//1687 1689//1689
f 1736//1736 1689//1689 1684//1684
f 1684//1684 1689//1689 1691//1691
f 1684//1684 1691//1691 1685//1685
f 1679//1679 1676//1676 1677//1677
f 1677//1677 1676//1676 1607//1607
f 1677//1677 1607//1607 1737//1737
f 1737//1737 1607//1607 1738//1738
f 1737//1737 1738//1738 1739//1739
f 1739//1739 1738//1738 1740//1740
f 1739//1739 1740//1740 1741//1741
f 1741//1741 1740//1740 1742//1742
f 1741//1741 1742//1742 1743//1743
f 1743//1743 1742//1742 1744//1744
f 1609//1609 1611//1611 1610//1610
f 1610//1610 1611//1611 1613//1613
f 1610//1610 1613//1613 1745//1745
f 1745//1745 1613//1613 1746//1746
f 1745//1745 1746//1746 1747//1747
f 1747//1747 1746//1746 1748//1748
f 1747//1747 1748//1748 1749//1749
f 1749//1749 1748//1748 1750//1750
f 1749//1749 1750//1750 1751//1751
f 1209//1209 1252//1252 1620//1620
f 1620//1620 1252//1252 1621//1621
f 1620//1620 1621//1621 1752//1752
f 1752//1752 1621//1621 1725//1725
f 1752//1752 1725//1725 1753//1753
f 1753//1753 1725//1725 1727//1727
f 1753//1753 1727//1727 1754//1754
f 1754//1754 1727//1727 1729//1729
f 1754//1754 1729//1729 1755//1755
f 1755//1755 1729//1729 1731//1731
f 1755//1755 1731//1731 1756//1756
f 1756//1756 1731//1731 1733//1733
f 1756//1756 1733//1733 1757//1757
f 1757//1757 1733//1733 1735//1735
f 1757//1757 1735//1735 1758//1758
f 1758//1758 1735//1735 1759//1759
f 1758//1758 1759//1759 1760//1760
f 1760//1760 1759//1759 1761//1761
f 1760//1760 1761//1761 1762//1762
f 1762//1762 1761//1761 1763//1763
f 1762//1762 1763//1763 1764//1764
f 1617//1617 1619//1619 1647//1647
f 1647//1647 1619//1619 1765//1765
f 1647//1647 1765//1765 1650//1650
f 1650//1650 1765//1765 1766//1766
f 1650//1650 1766//1766 1654//1654
f 1654//1654 1766//1766 1767//1767
f 1654//1654 1767//1767 1657//1657
f 1657//1657 1767//1767 1768//1768
f 1657//1657 1768//1768 1661//1661
f 1661//1661 1768//1768 1769//1769
f 1661//1661 1769//1769 1665//1665
f 1665//1665 1769//1769 1770//1770
f 1665//1665 1770//1770 1616//1616
f 1435//1435 1251//1251 1627//1627
f 1627//1627 1251//1251 1620//1620
f 1627//1627 1620//1620 1630//1630
f 1630//1630 1620//1620 1752//1752
f 1630//1630 1752//1752 1634//1634
f 1634//1634 1752//1752 1753//1753
f 1634//1634 1753//1753 1638//1638
f 1638//1638 1753//1753 1754//1754
f 1638//1638 1754//1754 1641//1641
f 1641//1641 1754//1754 1755//1755
f 1641//1641 1755//1755 1619//1619
f 1619//1619 1755//1755 1756//1756
f 1619//1619 1756//1756 1765//1765
f 1765//1765 1756//1756 1757//1757
f 1765//1765 1757//1757 1766//1766
f 1766//1766 1757//1757 1758//1758
f 1766//1766 1758//1758 1767//1767
f 1767//1767 1758//1758 1760//1760
f 1767//1767 1760//1760 1768//1768
f 1768//1768 1760//1760 1762//1762
f 1768//1768 1762//1762 1769//1769
f 1769//1769 1762//1762 1764//1764
f 1769//1769 1764//1764 1770//1770
f 1771//1771 1772//1772 1773//1773
f 1773//1773 1774//1774 1771//1771
f 1771//1771 1774//1774 1775//1775
f 1771//1771 1775//1775 1776//1776
f 1777//1777 1778//1778 1594//1594
f 1594//1594 1778//1778 1779//1779
f 1594//1594 1779//1779 1595//1595
f 1595//1595 1779//1779 1780//1780
f 1595//1595 1780//1780 1696//1696
f 1775//1775 1777//1777 1776//1776
f 1776//1776 1777//1777 1594//1594
f 1776//1776 1594//1594 1781//1781
f 1781//1781 1594//1594 1596//1596
f 1781//1781 1596//1596 1694//1694
f 1694//1694 1596//1596 1601//1601
f 1694//1694 1601//1601 1692//1692
f 1772//1772 1771//1771 1782//1782
f 1782//1782 1771//1771 1776//1776
f 1782//1782 1776//1776 1783//1783
f 1783//1783 1776//1776 1781//1781
f 1783//1783 1781//1781 1784//1784
f 1784//1784 1781//1781 1694//1694
f 1784//1784 1694//1694 1604//1604
f 1604//1604 1694//1694 1695//1695
f 1604//1604 1695//1695 1602//1602
f 1785//1785 1786//1786 1772//1772
f 1772//1772 1786//1786 1787//1787
f 1772//1772 1787//1787 1773//1773
f 1603//1603 1736//1736 1604//1604
f 1604//1604 1736//1736 1788//1788
f 1604//1604 1788//1788 1784//1784
f 1784//1784 1788//1788 1789//1789
f 1784//1784 1789//1789 1783//1783
f 1783//1783 1789//1789 1790//1790
f 1783//1783 1790//1790 1782//1782
f 1782//1782 1790//1790 1791//1791
f 1782//1782 1791//1791 1772//1772
f 1772//1772 1791//1791 1792//1792
f 1772//1772 1792//1792 1785//1785
f 1793//1793 1794//1794 1795//1795
f 1795//1795 1794//1794 1796//1796
f 1795//1795 1796//1796 1797//1797
f 1798//1798 1799//1799 1796//1796
f 1796//1796 1799//1799 1800//1800
f 1796//1796 1800//1800 1797//1797
f 1710//1710 1801//1801 1711//1711
f 1711//1711 1801//1801 1802//1802
f 1711//1711 1802//1802 1798//1798
f 1798//1798 1802//1802 1803//1803
f 1798//1798 1803//1803 1799//1799
f 1804//1804 1743//1743 1805//1805
f 1805//1805 1743//1743 1744//1744
f 1805//1805 1744//1744 1806//1806
f 1806//1806 1744//1744 1807//1807
f 1806//1806 1807//1807 1808//1808
f 1606//1606 1671//1671 1607//1607
f 1607//1607 1671//1671 1673//1673
f 1607//1607 1673//1673 1738//1738
f 1738//1738 1673//1673 1809//1809
f 1738//1738 1809//1809 1740//1740
f 1740//1740 1809//1809 1810//1810
f 1740//1740 1810//1810 1742//1742
f 1742//1742 1810//1810 1811//1811
f 1742//1742 1811//1811 1744//1744
f 1751//1751 1812//1812 1749//1749
f 1749//1749 1812//1812 1813//1813
f 1749//1749 1813//1813 1747//1747
f 1807//1807 1814//1814 1808//1808
f 1808//1808 1814//1814 1815//1815
f 1808//1808 1815//1815 1816//1816
f 1262//1262 1260//1260 1625//1625
f 1625//1625 1260//1260 1622//1622
f 1625//1625 1622//1622 1817//1817
f 1817//1817 1622//1622 1818//1818
f 1817//1817 1818//1818 1819//1819
f 1819//1819 1818//1818 1820//1820
f 1819//1819 1820//1820 1821//1821
f 1821//1821 1820//1820 1822//1822
f 1821//1821 1822//1822 1823//1823
f 1823//1823 1822//1822 1824//1824
f 1823//1823 1824//1824 1825//1825
f 1825//1825 1824//1824 1826//1826
f 1825//1825 1826//1826 1827//1827
f 1827//1827 1826//1826 1828//1828
f 1827//1827 1828//1828 1829//1829
f 1829//1829 1828//1828 1830//1830
f 1829//1829 1830//1830 1831//1831
f 1831//1831 1830//1830 1832//1832
f 1831//1831 1832//1832 1833//1833
f 1675//1675 1670//1670 1673//1673
f 1673//1673 1670//1670 1610//1610
f 1673//1673 1610//1610 1809//1809
f 1809//1809 1610//1610 1745//1745
f 1809//1809 1745//1745 1810//1810
f 1810//1810 1745//1745 1747//1747
f 1810//1810 1747//1747 1811//1811
f 1811//1811 1747//1747 1813//1813
f 1811//1811 1813//1813 1744//1744
f 1744//1744 1813//1813 1812//1812
f 1744//1744 1812//1812 1807//1807
f 1807//1807 1812//1812 1751//1751
f 1807//1807 1751//1751 1814//1814
f 1814//1814 1751//1751 1750//1750
f 1814//1814 1750//1750 1815//1815
f 1815//1815 1750//1750 1833//1833
f 1815//1815 1833//1833 1816//1816
f 1816//1816 1833//1833 1832//1832
f 1266//1266 1264//1264 1622//1622
f 1622//1622 1264//1264 1624//1624
f 1622//1622 1624//1624 1818//1818
f 1818//1818 1624//1624 1716//1716
f 1818//1818 1716//1716 1820//1820
f 1820//1820 1716//1716 1721//1721
f 1820//1820 1721//1721 1822//1822
f 1822//1822 1721//1721 1714//1714
f 1822//1822 1714//1714 1824//1824
f 1824//1824 1714//1714 1599//1599
f 1824//1824 1599//1599 1826//1826
f 1826//1826 1599//1599 1706//1706
f 1826//1826 1706//1706 1828//1828
f 1828//1828 1706//1706 1704//1704
f 1828//1828 1704//1704 1830//1830
f 1830//1830 1704//1704 1711//1711
f 1830//1830 1711//1711 1832//1832
f 1832//1832 1711//1711 1798//1798
f 1832//1832 1798//1798 1816//1816
f 1816//1816 1798//1798 1796//1796
f 1816//1816 1796//1796 1808//1808
f 1808//1808 1796//1796 1794//1794
f 1808//1808 1794//1794 1806//1806
f 1806//1806 1794//1794 1834//1834
f 1806//1806 1834//1834 1805//1805
f 1805//1805 1834//1834 1835//1835
f 1805//1805 1835//1835 1804//1804
f 1793//1793 1836//1836 1794//1794
f 1794//1794 1836//1836 1837//1837
f 1794//1794 1837//1837 1834//1834
f 1834//1834 1837//1837 1792//1792
f 1834//1834 1792//1792 1835//1835
f 1835//1835 1792//1792 1791//1791
f 1835//1835 1791//1791 1804//1804
f 1804//1804 1791//1791 1790//1790
f 1804//1804 1790//1790 1743//1743
f 1743//1743 1790//1790 1789//1789
f 1743//1743 1789//1789 1741//1741
f 1741//1741 1789//1789 1788//1788
f 1741//1741 1788//1788 1739//1739
f 1739//1739 1788//1788 1736//1736
f 1739//1739 1736//1736 1737//1737
f 1737//1737 1736//1736 1684//1684
f 1737//1737 1684//1684 1677//1677
f 1677//1677 1684//1684 1686//1686
f 1677//1677 1686//1686 1680//1680
f 1612//1612 1614//1614 1613//1613
f 1613//1613 1614//1614 1616//1616
f 1613//1613 1616//1616 1746//1746
f 1746//1746 1616//1616 1770//1770
f 1746//1746 1770//1770 1748//1748
f 1748//1748 1770//1770 1764//1764
f 1748//1748 1764//1764 1750//1750
f 1750//1750 1764//1764 1763//1763
f 1750//1750 1763//1763 1833//1833
f 1833//1833 1763//1763 1761//1761
f 1833//1833 1761//1761 1831//1831
f 1831//1831 1761//1761 1759//1759
f 1831//1831 1759//1759 1829//1829
f 1829//1829 1759//1759 1735//1735
f 1829//1829 1735//1735 1827//1827
f 1827//1827 1735//1735 1734//1734
f 1827//1827 1734//1734 1825//1825
f 1825//1825 1734//1734 1732//1732
f 1825//1825 1732//1732 1823//1823
f 1823//1823 1732//1732 1730//1730
f 1823//1823 1730//1730 1821//1821
f 1821//1821 1730//1730 1728//1728
f 1821//1821 1728//1728 1819//1819
f 1819//1819 1728//1728 1726//1726
f 1819//1819 1726//1726 1817//1817
f 1817//1817 1726//1726 1626//1626
f 1817//1817 1626//1626 1625//1625
f 1625//1625 1626//1626 1256//1256
f 1625//1625 1256//1256 1255//1255
f 1838//1838 1839//1839 1176//1176
f 1602//1602 1695//1695 1183//1183
f 1840//1840 1841//1841 1180//1180
f 1842//1842 1843//1843 1172//1172
f 1181//1181 1844//1844 1845//1845
f 1846//1846 1847//1847 1177//1177
f 1848//1848 1849//1849 1179//1179
f 1179//1179 1849//1849 1850//1850
f 1179//1179 1850//1850 1851//1851
f 1852//1852 1853//1853 1178//1178
f 1178//1178 1853//1853 1854//1854
f 1178//1178 1854//1854 1177//1177
f 1177//1177 1854//1854 1855//1855
f 1177//1177 1855//1855 1846//1846
f 1845//1845 1856//1856 1181//1181
f 1181//1181 1856//1856 1857//1857
f 1181//1181 1857//1857 1180//1180
f 1180//1180 1857//1857 1858//1858
f 1180//1180 1858//1858 1840//1840
f 1600//1600 1700//1700 1182//1182
f 1182//1182 1700//1700 1701//1701
f 1182//1182 1701//1701 1702//1702
f 1859//1859 1860//1860 1171//1171
f 1171//1171 1860//1860 1861//1861
f 1171//1171 1861//1861 1862//1862
f 1863//1863 1173//1173 1864//1864
f 1864//1864 1173//1173 1865//1865
f 1863//1863 1866//1866 1173//1173
f 1173//1173 1866//1866 1867//1867
f 1173//1173 1867//1867 1172//1172
f 1172//1172 1867//1867 1868//1868
f 1172//1172 1868//1868 1842//1842
f 1869//1869 1870//1870 1174//1174
f 1174//1174 1870//1870 1871//1871
f 1851//1851 1872//1872 1179//1179
f 1179//1179 1872//1872 1873//1873
f 1179//1179 1873//1873 1178//1178
f 1178//1178 1873//1873 1874//1874
f 1178//1178 1874//1874 1852//1852
f 1841//1841 1875//1875 1180//1180
f 1180//1180 1875//1875 1876//1876
f 1180//1180 1876//1876 1179//1179
f 1179//1179 1876//1876 1877//1877
f 1179//1179 1877//1877 1848//1848
f 1702//1702 1878//1878 1182//1182
f 1182//1182 1878//1878 1879//1879
f 1182//1182 1879//1879 1181//1181
f 1181//1181 1879//1879 1880//1880
f 1181//1181 1880//1880 1844//1844
f 1686//1686 1685//1685 1170//1170
f 1170//1170 1685//1685 1691//1691
f 1170//1170 1691//1691 1690//1690
f 1690//1690 1688//1688 1170//1170
f 1170//1170 1688//1688 1687//1687
f 1170//1170 1687//1687 1183//1183
f 1183//1183 1687//1687 1603//1603
f 1183//1183 1603//1603 1602//1602
f 1175//1175 1881//1881 1882//1882
f 1883//1883 1884//1884 1175//1175
f 1175//1175 1884//1884 1885//1885
f 1175//1175 1885//1885 1881//1881
f 1847//1847 1886//1886 1177//1177
f 1177//1177 1886//1886 1887//1887
f 1177//1177 1887//1887 1888//1888
f 1695//1695 1693//1693 1183//1183
f 1183//1183 1693//1693 1692//1692
f 1183//1183 1692//1692 1182//1182
f 1182//1182 1692//1692 1601//1601
f 1182//1182 1601//1601 1600//1600
f 1862//1862 1683//1683 1171//1171
f 1171//1171 1683//1683 1681//1681
f 1171//1171 1681//1681 1170//1170
f 1170//1170 1681//1681 1680//1680
f 1170//1170 1680//1680 1686//1686
f 1871//1871 1889//1889 1174//1174
f 1174//1174 1889//1889 1890//1890
f 1174//1174 1890//1890 1173//1173
f 1173//1173 1890//1890 1891//1891
f 1173//1173 1891//1891 1865//1865
f 1882//1882 1892//1892 1175//1175
f 1175//1175 1892//1892 1893//1893
f 1175//1175 1893//1893 1174//1174
f 1174//1174 1893//1893 1894//1894
f 1174//1174 1894//1894 1869//1869
f 1839//1839 1895//1895 1176//1176
f 1176//1176 1895//1895 1896//1896
f 1176//1176 1896//1896 1175//1175
f 1175//1175 1896//1896 1897//1897
f 1175//1175 1897//1897 1883//1883
f 1888//1888 1898//1898 1177//1177
f 1177//1177 1898//1898 1899//1899
f 1177//1177 1899//1899 1176//1176
f 1176//1176 1899//1899 1900//1900
f 1176//1176 1900//1900 1838//1838
f 1843//1843 1901//1901 1172//1172
f 1172//1172 1901//1901 1902//1902
f 1172//1172 1902//1902 1171//1171
f 1171//1171 1902//1902 1903//1903
f 1171//1171 1903//1903 1859//1859
f 1722//1722 1720//1720 1904//1904
f 1699//1699 1698//1698 1905//1905
f 1279//1279 1278//1278 1906//1906
f 1907//1907 1908//1908 1909//1909
f 1910//1910 1911//1911 1912//1912
f 1872//1872 1851//1851 1913//1913
f 1702//1702 1699//1699 1878//1878
f 1878//1878 1699//1699 1914//1914
f 1878//1878 1914//1914 1879//1879
f 1879//1879 1914//1914 1880//1880
f 1880//1880 1914//1914 1844//1844
f 1844//1844 1914//1914 1915//1915
f 1844//1844 1915//1915 1845//1845
f 1840//1840 1858//1858 1916//1916
f 1916//1916 1858//1858 1857//1857
f 1916//1916 1857//1857 1915//1915
f 1915//1915 1857//1857 1856//1856
f 1915//1915 1856//1856 1845//1845
f 1876//1876 1875//1875 1917//1917
f 1917//1917 1875//1875 1841//1841
f 1850//1850 1849//1849 1918//1918
f 1918//1918 1849//1849 1848//1848
f 1918//1918 1848//1848 1877//1877
f 1919//1919 1874//1874 1873//1873
f 1920//1920 1921//1921 1919//1919
f 1921//1921 1853//1853 1919//1919
f 1919//1919 1853//1853 1852//1852
f 1919//1919 1852//1852 1874//1874
f 1922//1922 1923//1923 1919//1919
f 1919//1919 1923//1923 1924//1924
f 1919//1919 1924//1924 1920//1920
f 1925//1925 1926//1926 1922//1922
f 1922//1922 1926//1926 1927//1927
f 1922//1922 1927//1927 1923//1923
f 1925//1925 1922//1922 1928//1928
f 1928//1928 1922//1922 1929//1929
f 1928//1928 1929//1929 1930//1930
f 1931//1931 1932//1932 1933//1933
f 1933//1933 1932//1932 1934//1934
f 1933//1933 1934//1934 1929//1929
f 1929//1929 1934//1934 1935//1935
f 1929//1929 1935//1935 1930//1930
f 1931//1931 1933//1933 1936//1936
f 1936//1936 1933//1933 1937//1937
f 1936//1936 1937//1937 1938//1938
f 1939//1939 1940//1940 1937//1937
f 1940//1940 1941//1941 1937//1937
f 1937//1937 1941//1941 1942//1942
f 1937//1937 1942//1942 1938//1938
f 1943//1943 1944//1944 1945//1945
f 1912//1912 1911//1911 1945//1945
f 1945//1945 1911//1911 1946//1946
f 1945//1945 1946//1946 1943//1943
f 1947//1947 1948//1948 1949//1949
f 1949//1949 1948//1948 1950//1950
f 1949//1949 1950//1950 1951//1951
f 1947//1947 1952//1952 1948//1948
f 1948//1948 1952//1952 1953//1953
f 1948//1948 1953//1953 1912//1912
f 1912//1912 1953//1953 1954//1954
f 1912//1912 1954//1954 1910//1910
f 1955//1955 1956//1956 1957//1957
f 1957//1957 1956//1956 1958//1958
f 1957//1957 1958//1958 1950//1950
f 1950//1950 1958//1958 1959//1959
f 1950//1950 1959//1959 1951//1951
f 1960//1960 1961//1961 1962//1962
f 1962//1962 1961//1961 1963//1963
f 1962//1962 1963//1963 1909//1909
f 1909//1909 1963//1963 1964//1964
f 1909//1909 1964//1964 1907//1907
f 1965//1965 1966//1966 1967//1967
f 1967//1967 1966//1966 1968//1968
f 1967//1967 1968//1968 1962//1962
f 1962//1962 1968//1968 1969//1969
f 1962//1962 1969//1969 1960//1960
f 1970//1970 1971//1971 1972//1972
f 1972//1972 1971//1971 1973//1973
f 1972//1972 1973//1973 1967//1967
f 1967//1967 1973//1973 1974//1974
f 1967//1967 1974//1974 1965//1965
f 1975//1975 1976//1976 1977//1977
f 1977//1977 1976//1976 1978//1978
f 1977//1977 1978//1978 1979//1979
f 1975//1975 1980//1980 1976//1976
f 1976//1976 1980//1980 1981//1981
f 1976//1976 1981//1981 1972//1972
f 1972//1972 1981//1981 1982//1982
f 1972//1972 1982//1982 1970//1970
f 1983//1983 1984//1984 1985//1985
f 1985//1985 1984//1984 1986//1986
f 1985//1985 1986//1986 1978//1978
f 1978//1978 1986//1986 1987//1987
f 1978//1978 1987//1987 1979//1979
f 1983//1983 1985//1985 1988//1988
f 1988//1988 1985//1985 1989//1989
f 1988//1988 1989//1989 1990//1990
f 1991//1991 1992//1992 1993//1993
f 1993//1993 1994//1994 1991//1991
f 1991//1991 1994//1994 1995//1995
f 1991//1991 1995//1995 1989//1989
f 1989//1989 1995//1995 1996//1996
f 1989//1989 1996//1996 1990//1990
f 1992//1992 1991//1991 1997//1997
f 1997//1997 1991//1991 1998//1998
f 1997//1997 1998//1998 1999//1999
f 1509//1509 1508//1508 2000//2000
f 1522//1522 1523//1523 2001//2001
f 1523//1523 1509//1509 2001//2001
f 2001//2001 1509//1509 2000//2000
f 2001//2001 2000//2000 1998//1998
f 1998//1998 2000//2000 2002//2002
f 1998//1998 2002//2002 1999//1999
f 1297//1297 1302//1302 2001//2001
f 2001//2001 1302//1302 1521//1521
f 2001//2001 1521//1521 1522//1522
f 1301//1301 1300//1300 2003//2003
f 2003//2003 1300//1300 1298//1298
f 1293//1293 1295//1295 2004//2004
f 2004//2004 1295//1295 1296//1296
f 1289//1289 1291//1291 2005//2005
f 2005//2005 1291//1291 1292//1292
f 1287//1287 1286//1286 2006//2006
f 1285//1285 1283//1283 2006//2006
f 2006//2006 1283//1283 1282//1282
f 2006//2006 1282//1282 1287//1287
f 1279//1279 1906//1906 1281//1281
f 1623//1623 1275//1275 2007//2007
f 2007//2007 1275//1275 1271//1271
f 2007//2007 1271//1271 1270//1270
f 1803//1803 1802//1802 2008//2008
f 2008//2008 1802//1802 1801//1801
f 2008//2008 1801//1801 2009//2009
f 1793//1793 2010//2010 1836//1836
f 1836//1836 2010//2010 2011//2011
f 1836//1836 2011//2011 1837//1837
f 1837//1837 2011//2011 1792//1792
f 1793//1793 1795//1795 2010//2010
f 2010//2010 1795//1795 1797//1797
f 2010//2010 1797//1797 2012//2012
f 2012//2012 1797//1797 1800//1800
f 2012//2012 1800//1800 2008//2008
f 2008//2008 1800//1800 1799//1799
f 2008//2008 1799//1799 1803//1803
f 2013//2013 1787//1787 1786//1786
f 2013//2013 1786//1786 2011//2011
f 2011//2011 1786//1786 1785//1785
f 2011//2011 1785//1785 1792//1792
f 2014//2014 2015//2015 2016//2016
f 2016//2016 2015//2015 2013//2013
f 2016//2016 2013//2013 2017//2017
f 2017//2017 2013//2013 2011//2011
f 1778//1778 1777//1777 2014//2014
f 2014//2014 1777//1777 1775//1775
f 2014//2014 1775//1775 2015//2015
f 2015//2015 1775//1775 1774//1774
f 2015//2015 1774//1774 2013//2013
f 2013//2013 1774//1774 1773//1773
f 2013//2013 1773//1773 1787//1787
f 1698//1698 1697//1697 1905//1905
f 1905//1905 1697//1697 1696//1696
f 1905//1905 1696//1696 2018//2018
f 2018//2018 1696//1696 1780//1780
f 2018//2018 1780//1780 2014//2014
f 2014//2014 1780//1780 1779//1779
f 2014//2014 1779//1779 1778//1778
f 1699//1699 1905//1905 1914//1914
f 1914//1914 1905//1905 2019//2019
f 1914//1914 2019//2019 1915//1915
f 1915//1915 2019//2019 2020//2020
f 1915//1915 2020//2020 1916//1916
f 1851//1851 1850//1850 1913//1913
f 1913//1913 1850//1850 1918//1918
f 1913//1913 1918//1918 2021//2021
f 2021//2021 1918//1918 2022//2022
f 2021//2021 2022//2022 2023//2023
f 2023//2023 2022//2022 2024//2024
f 2023//2023 2024//2024 2025//2025
f 2025//2025 2024//2024 2026//2026
f 2025//2025 2026//2026 2027//2027
f 2027//2027 2026//2026 2028//2028
f 2027//2027 2028//2028 2029//2029
f 2029//2029 2028//2028 2030//2030
f 2029//2029 2030//2030 2031//2031
f 2031//2031 2030//2030 2032//2032
f 2031//2031 2032//2032 2033//2033
f 2033//2033 2032//2032 2034//2034
f 2033//2033 2034//2034 2035//2035
f 2035//2035 2034//2034 2036//2036
f 2035//2035 1957//1957 2033//2033
f 2033//2033 1957//1957 1950//1950
f 2033//2033 1950//1950 2031//2031
f 2031//2031 1950//1950 1948//1948
f 2031//2031 1948//1948 2029//2029
f 2029//2029 1948//1948 1912//1912
f 2029//2029 1912//1912 2027//2027
f 2027//2027 1912//1912 1945//1945
f 2027//2027 1945//1945 2025//2025
f 1873//1873 1872//1872 1919//1919
f 1919//1919 1872//1872 1913//1913
f 1919//1919 1913//1913 1922//1922
f 1922//1922 1913//1913 2021//2021
f 1922//1922 2021//2021 1929//1929
f 1929//1929 2021//2021 2023//2023
f 1929//1929 2023//2023 1933//1933
f 1933//1933 2023//2023 2025//2025
f 1933//1933 2025//2025 1937//1937
f 1937//1937 2025//2025 1945//1945
f 1937//1937 1945//1945 1939//1939
f 1939//1939 1945//1945 1944//1944
f 1877//1877 1876//1876 1918//1918
f 1918//1918 1876//1876 1917//1917
f 1918//1918 1917//1917 2022//2022
f 2022//2022 1917//1917 2037//2037
f 2022//2022 2037//2037 2024//2024
f 2024//2024 2037//2037 2038//2038
f 2024//2024 2038//2038 2026//2026
f 2026//2026 2038//2038 2039//2039
f 2026//2026 2039//2039 2028//2028
f 2028//2028 2039//2039 2040//2040
f 2028//2028 2040//2040 2030//2030
f 2030//2030 2040//2040 2041//2041
f 2030//2030 2041//2041 2032//2032
f 2032//2032 2041//2041 2042//2042
f 2032//2032 2042//2042 2034//2034
f 2034//2034 2042//2042 2043//2043
f 2034//2034 2043//2043 2036//2036
f 2036//2036 2043//2043 2044//2044
f 2036//2036 2044//2044 2045//2045
f 2045//2045 2044//2044 2046//2046
f 2045//2045 2046//2046 2047//2047
f 2047//2047 2046//2046 2048//2048
f 2047//2047 2048//2048 2049//2049
f 2049//2049 2048//2048 2050//2050
f 2049//2049 2050//2050 2051//2051
f 2051//2051 2050//2050 2052//2052
f 2051//2051 2052//2052 2053//2053
f 2053//2053 2052//2052 2054//2054
f 2053//2053 2054//2054 2055//2055
f 2055//2055 2054//2054 2056//2056
f 2055//2055 2056//2056 2057//2057
f 2057//2057 2056//2056 2058//2058
f 2057//2057 2058//2058 2059//2059
f 2059//2059 2058//2058 2060//2060
f 2059//2059 2060//2060 2061//2061
f 2061//2061 2060//2060 2062//2062
f 2061//2061 2062//2062 2004//2004
f 2004//2004 2062//2062 2005//2005
f 2004//2004 2005//2005 1293//1293
f 1293//1293 2005//2005 1292//1292
f 1909//1909 2063//2063 1962//1962
f 1962//1962 2063//2063 2064//2064
f 1962//1962 2064//2064 1967//1967
f 1967//1967 2064//2064 2065//2065
f 1967//1967 2065//2065 1972//1972
f 1972//1972 2065//2065 2066//2066
f 1972//1972 2066//2066 1976//1976
f 1976//1976 2066//2066 2067//2067
f 1976//1976 2067//2067 1978//1978
f 1978//1978 2067//2067 2068//2068
f 1978//1978 2068//2068 1985//1985
f 1985//1985 2068//2068 2069//2069
f 1985//1985 2069//2069 1989//1989
f 1989//1989 2069//2069 2070//2070
f 1989//1989 2070//2070 1991//1991
f 1991//1991 2070//2070 2071//2071
f 1991//1991 2071//2071 1998//1998
f 1998//1998 2071//2071 2072//2072
f 1998//1998 2072//2072 2001//2001
f 2001//2001 2072//2072 2003//2003
f 2001//2001 2003//2003 1297//1297
f 1297//1297 2003//2003 1298//1298
f 1296//1296 1301//1301 2004//2004
f 2004//2004 1301//1301 2003//2003
f 2004//2004 2003//2003 2061//2061
f 2061//2061 2003//2003 2072//2072
f 2061//2061 2072//2072 2059//2059
f 2059//2059 2072//2072 2071//2071
f 2059//2059 2071//2071 2057//2057
f 2057//2057 2071//2071 2070//2070
f 2057//2057 2070//2070 2055//2055
f 2055//2055 2070//2070 2069//2069
f 2055//2055 2069//2069 2053//2053
f 2053//2053 2069//2069 2068//2068
f 2053//2053 2068//2068 2051//2051
f 2051//2051 2068//2068 2067//2067
f 2051//2051 2067//2067 2049//2049
f 2049//2049 2067//2067 2066//2066
f 2049//2049 2066//2066 2047//2047
f 2047//2047 2066//2066 2065//2065
f 2047//2047 2065//2065 2045//2045
f 2045//2045 2065//2065 2064//2064
f 2045//2045 2064//2064 2036//2036
f 2036//2036 2064//2064 2063//2063
f 2036//2036 2063//2063 2035//2035
f 2035//2035 2063//2063 1909//1909
f 2035//2035 1909//1909 1957//1957
f 1957//1957 1909//1909 1908//1908
f 1957//1957 1908//1908 1955//1955
f 1720//1720 1719//1719 1904//1904
f 1904//1904 1719//1719 1718//1718
f 1904//1904 1718//1718 1717//1717
f 2073//2073 1597//1597 1713//1713
f 2073//2073 1713//1713 2074//2074
f 1713//1713 1715//1715 2074//2074
f 2074//2074 1715//1715 1724//1724
f 2074//2074 1724//1724 1904//1904
f 1904//1904 1724//1724 1723//1723
f 1904//1904 1723//1723 1722//1722
f 1598//1598 2075//2075 1712//1712
f 1712//1712 2075//2075 2076//2076
f 1712//1712 2076//2076 1708//1708
f 1623//1623 2007//2007 1717//1717
f 1717//1717 2007//2007 2077//2077
f 1717//1717 2077//2077 1904//1904
f 1904//1904 2077//2077 2078//2078
f 1904//1904 2078//2078 2074//2074
f 2074//2074 2078//2078 2075//2075
f 2074//2074 2075//2075 2073//2073
f 2073//2073 2075//2075 1598//1598
f 2073//2073 1598//1598 1597//1597
f 1708//1708 2076//2076 1707//1707
f 1707//1707 2076//2076 2079//2079
f 1707//1707 2079//2079 1705//1705
f 1801//1801 1710//1710 2009//2009
f 2009//2009 1710//1710 1709//1709
f 2009//2009 1709//1709 2079//2079
f 2079//2079 1709//1709 1703//1703
f 2079//2079 1703//1703 1705//1705
f 1278//1278 1285//1285 1906//1906
f 1906//1906 1285//1285 2006//2006
f 1906//1906 2006//2006 2080//2080
f 2080//2080 2006//2006 2081//2081
f 2080//2080 2081//2081 2082//2082
f 2082//2082 2081//2081 2083//2083
f 2082//2082 2083//2083 2084//2084
f 2084//2084 2083//2083 2085//2085
f 2084//2084 2085//2085 2086//2086
f 2086//2086 2085//2085 2087//2087
f 2086//2086 2087//2087 2088//2088
f 2089//2089 2090//2090 2091//2091
f 2091//2091 2090//2090 2092//2092
f 2091//2091 2092//2092 2093//2093
f 2093//2093 2092//2092 2094//2094
f 2093//2093 2094//2094 2095//2095
f 2095//2095 2094//2094 2096//2096
f 2095//2095 2096//2096 2097//2097
f 2097//2097 2096//2096 2098//2098
f 2097//2097 2098//2098 2099//2099
f 2099//2099 2098//2098 2100//2100
f 2099//2099 2100//2100 2101//2101
f 2101//2101 2100//2100 2102//2102
f 2101//2101 2102//2102 2103//2103
f 2103//2103 2102//2102 2104//2104
f 2103//2103 2104//2104 2105//2105
f 2105//2105 2104//2104 2106//2106
f 2105//2105 2106//2106 2107//2107
f 2107//2107 2106//2106 2108//2108
f 2107//2107 2108//2108 2109//2109
f 2109//2109 2108//2108 2110//2110
f 2109//2109 2110//2110 2111//2111
f 1270//1270 1281//1281 2007//2007
f 2007//2007 1281//1281 1906//1906
f 2007//2007 1906//1906 2077//2077
f 2077//2077 1906//1906 2080//2080
f 2077//2077 2080//2080 2078//2078
f 2078//2078 2080//2080 2082//2082
f 2078//2078 2082//2082 2075//2075
f 2075//2075 2082//2082 2084//2084
f 2075//2075 2084//2084 2076//2076
f 2076//2076 2084//2084 2086//2086
f 2076//2076 2086//2086 2079//2079
f 2079//2079 2086//2086 2088//2088
f 2079//2079 2088//2088 2009//2009
f 2087//2087 2111//2111 2088//2088
f 2088//2088 2111//2111 2110//2110
f 2088//2088 2110//2110 2009//2009
f 2009//2009 2110//2110 2108//2108
f 2009//2009 2108//2108 2008//2008
f 2008//2008 2108//2108 2106//2106
f 2008//2008 2106//2106 2012//2012
f 2012//2012 2106//2106 2104//2104
f 2012//2012 2104//2104 2010//2010
f 2010//2010 2104//2104 2102//2102
f 2010//2010 2102//2102 2011//2011
f 2011//2011 2102//2102 2100//2100
f 2011//2011 2100//2100 2017//2017
f 2017//2017 2100//2100 2098//2098
f 2017//2017 2098//2098 2016//2016
f 2016//2016 2098//2098 2096//2096
f 2016//2016 2096//2096 2014//2014
f 2014//2014 2096//2096 2094//2094
f 2014//2014 2094//2094 2018//2018
f 2018//2018 2094//2094 2092//2092
f 2018//2018 2092//2092 1905//1905
f 1905//1905 2092//2092 2090//2090
f 1905//1905 2090//2090 2019//2019
f 2019//2019 2090//2090 2089//2089
f 2019//2019 2089//2089 2020//2020
f 1841//1841 1840//1840 1917//1917
f 1917//1917 1840//1840 1916//1916
f 1917//1917 1916//1916 2037//2037
f 2037//2037 1916//1916 2020//2020
f 2037//2037 2020//2020 2038//2038
f 2038//2038 2020//2020 2089//2089
f 2038//2038 2089//2089 2039//2039
f 2039//2039 2089//2089 2091//2091
f 2039//2039 2091//2091 2040//2040
f 2040//2040 2091//2091 2093//2093
f 2040//2040 2093//2093 2041//2041
f 2041//2041 2093//2093 2095//2095
f 2041//2041 2095//2095 2042//2042
f 2042//2042 2095//2095 2097//2097
f 2042//2042 2097//2097 2043//2043
f 2043//2043 2097//2097 2099//2099
f 2043//2043 2099//2099 2044//2044
f 2044//2044 2099//2099 2101//2101
f 2044//2044 2101//2101 2046//2046
f 2046//2046 2101//2101 2103//2103
f 2046//2046 2103//2103 2048//2048
f 2048//2048 2103//2103 2105//2105
f 2048//2048 2105//2105 2050//2050
f 2050//2050 2105//2105 2107//2107
f 2050//2050 2107//2107 2052//2052
f 2052//2052 2107//2107 2109//2109
f 2052//2052 2109//2109 2054//2054
f 2054//2054 2109//2109 2111//2111
f 2054//2054 2111//2111 2056//2056
f 2056//2056 2111//2111 2087//2087
f 2056//2056 2087//2087 2058//2058
f 2058//2058 2087//2087 2085//2085
f 2058//2058 2085//2085 2060//2060
f 2060//2060 2085//2085 2083//2083
f 2060//2060 2083//2083 2062//2062
f 2062//2062 2083//2083 2081//2081
f 2062//2062 2081//2081 2005//2005
f 2005//2005 2081//2081 2006//2006
f 2005//2005 2006//2006 1289//1289
f 1289//1289 2006//2006 1286//1286
f 2112//2112 2113//2113 2114//2114
f 2113//2113 2112//2112 2115//2115
f 2116//2116 2117//2117 2118//2118
f 2118//2118 2117//2117 2119//2119
f 1545//1545 1544//1544 2120//2120
f 1550//1550 1549//1549 2121//2121
f 1574//1574 1585//1585 2122//2122
f 1571//1571 1588//1588 2123//2123
f 1411//1411 1416//1416 2124//2124
f 1422//1422 1428//1428 2125//2125
f 1430//1430 1429//1429 2126//2126
f 1471//1471 1503//1503 2127//2127
f 2128//2128 2129//2129 2130//2130
f 1506//1506 1505//1505 2131//2131
f 1524//1524 1506//1506 2132//2132
f 2132//2132 1506//1506 2131//2131
f 2132//2132 2131//2131 2133//2133
f 2133//2133 2131//2131 2134//2134
f 2134//2134 2131//2131 2135//2135
f 2134//2134 2135//2135 2136//2136
f 2137//2137 2138//2138 2139//2139
f 2139//2139 2138//2138 2140//2140
f 2140//2140 2141//2141 2139//2139
f 2139//2139 2141//2141 2142//2142
f 2139//2139 2142//2142 2135//2135
f 2135//2135 2142//2142 2143//2143
f 2135//2135 2143//2143 2136//2136
f 2144//2144 2145//2145 2146//2146
f 2146//2146 2145//2145 2147//2147
f 2146//2146 2147//2147 2137//2137
f 2137//2137 2147//2147 2148//2148
f 2137//2137 2148//2148 2138//2138
f 2144//2144 2146//2146 2149//2149
f 2149//2149 2146//2146 2150//2150
f 2149//2149 2150//2150 2151//2151
f 2152//2152 2153//2153 2150//2150
f 2150//2150 2153//2153 2154//2154
f 2150//2150 2154//2154 2151//2151
f 2155//2155 2156//2156 2152//2152
f 2152//2152 2156//2156 2157//2157
f 2152//2152 2157//2157 2153//2153
f 2158//2158 2159//2159 2155//2155
f 2159//2159 2160//2160 2155//2155
f 2155//2155 2160//2160 2161//2161
f 2155//2155 2161//2161 2156//2156
f 2128//2128 2130//2130 2162//2162
f 2163//2163 2164//2164 2165//2165
f 2165//2165 2164//2164 2166//2166
f 2167//2167 2168//2168 2169//2169
f 2170//2170 2171//2171 2166//2166
f 2166//2166 2171//2171 2172//2172
f 2166//2166 2172//2172 2165//2165
f 2173//2173 2174//2174 2167//2167
f 2167//2167 2174//2174 2175//2175
f 2167//2167 2175//2175 2168//2168
f 2176//2176 2177//2177 2173//2173
f 2173//2173 2177//2177 2178//2178
f 2178//2178 2179//2179 2173//2173
f 2173//2173 2179//2179 2180//2180
f 2173//2173 2180//2180 2174//2174
f 2181//2181 2182//2182 2183//2183
f 2183//2183 2182//2182 2184//2184
f 2183//2183 2184//2184 2176//2176
f 2176//2176 2184//2184 2185//2185
f 2176//2176 2185//2185 2177//2177
f 1442//1442 2181//2181 1461//1461
f 1461//1461 2181//2181 2183//2183
f 1461//1461 2183//2183 1462//1462
f 1462//1462 2183//2183 1463//1463
f 1500//1500 1459//1459 2183//2183
f 1459//1459 1457//1457 2183//2183
f 2183//2183 1457//1457 1456//1456
f 2183//2183 1456//1456 1463//1463
f 1502//1502 1501//1501 2186//2186
f 2186//2186 1501//1501 1498//1498
f 2186//2186 1498//1498 1499//1499
f 1471//1471 2127//2127 1469//1469
f 1482//1482 1480//1480 2187//2187
f 2187//2187 1480//1480 1479//1479
f 1476//1476 1478//1478 2188//2188
f 2188//2188 1478//1478 1483//1483
f 2188//2188 1483//1483 1482//1482
f 2189//2189 1473//1473 1476//1476
f 1450//1450 1449//1449 2190//2190
f 2190//2190 1449//1449 1475//1475
f 2190//2190 1475//1475 1474//1474
f 1455//1455 1454//1454 2190//2190
f 2190//2190 1454//1454 1452//1452
f 2190//2190 1452//1452 1450//1450
f 1429//1429 1089//1089 2126//2126
f 2126//2126 1089//1089 1446//1446
f 2126//2126 1446//1446 1448//1448
f 1428//1428 1427//1427 2125//2125
f 2125//2125 1427//1427 1433//1433
f 2125//2125 1433//1433 2126//2126
f 2126//2126 1433//1433 1432//1432
f 2126//2126 1432//1432 1430//1430
f 2191//2191 1423//1423 1418//1418
f 2191//2191 1418//1418 2125//2125
f 2125//2125 1418//1418 1420//1420
f 2125//2125 1420//1420 1422//1422
f 1416//1416 1417//1417 2124//2124
f 2124//2124 1417//1417 1425//1425
f 2124//2124 1425//1425 2191//2191
f 2191//2191 1425//1425 1424//1424
f 2191//2191 1424//1424 1423//1423
f 1414//1414 2192//2192 1406//1406
f 1406//1406 2192//2192 2193//2193
f 1406//1406 2193//2193 1407//1407
f 1407//1407 2193//2193 1409//1409
f 1414//1414 1415//1415 2192//2192
f 2192//2192 1415//1415 1413//1413
f 2192//2192 1413//1413 2124//2124
f 2124//2124 1413//1413 1412//1412
f 2124//2124 1412//1412 1411//1411
f 1409//1409 2193//2193 1410//1410
f 1410//1410 2193//2193 2194//2194
f 1410//1410 2194//2194 1405//1405
f 1394//1394 1393//1393 2195//2195
f 2195//2195 1393//1393 1399//1399
f 1399//1399 1401//1401 2195//2195
f 2195//2195 1401//1401 1400//1400
f 2195//2195 1400//1400 2194//2194
f 2194//2194 1400//1400 1403//1403
f 2194//2194 1403//1403 1405//1405
f 2196//2196 1389//1389 1397//1397
f 2196//2196 1397//1397 2195//2195
f 2195//2195 1397//1397 1396//1396
f 2195//2195 1396//1396 1394//1394
f 1387//1387 1386//1386 2197//2197
f 2197//2197 1386//1386 1392//1392
f 2197//2197 1392//1392 2196//2196
f 2196//2196 1392//1392 1390//1390
f 2196//2196 1390//1390 1389//1389
f 1387//1387 2197//2197 1593//1593
f 1593//1593 2197//2197 2198//2198
f 1593//1593 2198//2198 1592//1592
f 1588//1588 1589//1589 2123//2123
f 2123//2123 1589//1589 1590//1590
f 2123//2123 1590//1590 2198//2198
f 2198//2198 1590//1590 1591//1591
f 2198//2198 1591//1591 1592//1592
f 1585//1585 1586//1586 2122//2122
f 2122//2122 1586//1586 1587//1587
f 2122//2122 1587//1587 2123//2123
f 2123//2123 1587//1587 1572//1572
f 2123//2123 1572//1572 1571//1571
f 1578//1578 2199//2199 1583//1583
f 1583//1583 2199//2199 2200//2200
f 1583//1583 2200//2200 1582//1582
f 1578//1578 1577//1577 2199//2199
f 2199//2199 1577//1577 1584//1584
f 2199//2199 1584//1584 2122//2122
f 2122//2122 1584//1584 1575//1575
f 2122//2122 1575//1575 1574//1574
f 1582//1582 2200//2200 1581//1581
f 1581//1581 2200//2200 1562//1562
f 1581//1581 1562//1562 1100//1100
f 1558//1558 1559//1559 2200//2200
f 2200//2200 1559//1559 1561//1561
f 2200//2200 1561//1561 1562//1562
f 1555//1555 1554//1554 2201//2201
f 1554//1554 1552//1552 2201//2201
f 2201//2201 1552//1552 1551//1551
f 2201//2201 1551//1551 1556//1556
f 1547//1547 1546//1546 2202//2202
f 2203//2203 1533//1533 1540//1540
f 1537//1537 1536//1536 2204//2204
f 2204//2204 1536//1536 1534//1534
f 1505//1505 1527//1527 2131//2131
f 2131//2131 1527//1527 1529//1529
f 2131//2131 1529//1529 1532//1532
f 1531//1531 1539//1539 2204//2204
f 2204//2204 1539//1539 1538//1538
f 2204//2204 1538//1538 1537//1537
f 1476//1476 2188//2188 2189//2189
f 2189//2189 2188//2188 2205//2205
f 2189//2189 2205//2205 2206//2206
f 2206//2206 2205//2205 2207//2207
f 2206//2206 2207//2207 2208//2208
f 2208//2208 2207//2207 2209//2209
f 2208//2208 2209//2209 2210//2210
f 2210//2210 2209//2209 2211//2211
f 2210//2210 2211//2211 2212//2212
f 2212//2212 2211//2211 2213//2213
f 2212//2212 2213//2213 2214//2214
f 2214//2214 2213//2213 2215//2215
f 2214//2214 2215//2215 2216//2216
f 1482//1482 2187//2187 2188//2188
f 2188//2188 2187//2187 2217//2217
f 2188//2188 2217//2217 2205//2205
f 2205//2205 2217//2217 2218//2218
f 2205//2205 2218//2218 2207//2207
f 2207//2207 2218//2218 2219//2219
f 2207//2207 2219//2219 2209//2209
f 2209//2209 2219//2219 2220//2220
f 2209//2209 2220//2220 2211//2211
f 2211//2211 2220//2220 2221//2221
f 2211//2211 2221//2221 2213//2213
f 2213//2213 2221//2221 2222//2222
f 2213//2213 2222//2222 2215//2215
f 2215//2215 2222//2222 2223//2223
f 2215//2215 2223//2223 2216//2216
f 1479//1479 2224//2224 2187//2187
f 2187//2187 2224//2224 2225//2225
f 2187//2187 2225//2225 2217//2217
f 2217//2217 2225//2225 2226//2226
f 2217//2217 2226//2226 2218//2218
f 2218//2218 2226//2226 2227//2227
f 2218//2218 2227//2227 2219//2219
f 2219//2219 2227//2227 2228//2228
f 2219//2219 2228//2228 2220//2220
f 2220//2220 2228//2228 2229//2229
f 2220//2220 2229//2229 2221//2221
f 2221//2221 2229//2229 2230//2230
f 2221//2221 2230//2230 2222//2222
f 2222//2222 2230//2230 2231//2231
f 2222//2222 2231//2231 2223//2223
f 2216//2216 2232//2232 2214//2214
f 2214//2214 2232//2232 2233//2233
f 2214//2214 2233//2233 2212//2212
f 2212//2212 2233//2233 2234//2234
f 2212//2212 2234//2234 2210//2210
f 2210//2210 2234//2234 2235//2235
f 2210//2210 2235//2235 2208//2208
f 2208//2208 2235//2235 2236//2236
f 2208//2208 2236//2236 2206//2206
f 2206//2206 2236//2236 2190//2190
f 2206//2206 2190//2190 2189//2189
f 2189//2189 2190//2190 1474//1474
f 2189//2189 1474//1474 1473//1473
f 2230//2230 2119//2119 2231//2231
f 2231//2231 2119//2119 2117//2117
f 2231//2231 2117//2117 2223//2223
f 2223//2223 2117//2117 2116//2116
f 2223//2223 2116//2116 2237//2237
f 2238//2238 2239//2239 2240//2240
f 2240//2240 2239//2239 2241//2241
f 2240//2240 2241//2241 2242//2242
f 2242//2242 2241//2241 2243//2243
f 2242//2242 2243//2243 2244//2244
f 2244//2244 2243//2243 2245//2245
f 2244//2244 2245//2245 2246//2246
f 2246//2246 2245//2245 2247//2247
f 2246//2246 2247//2247 2248//2248
f 2248//2248 2247//2247 2249//2249
f 2248//2248 2249//2249 2250//2250
f 2250//2250 2249//2249 2251//2251
f 2250//2250 2251//2251 2120//2120
f 2120//2120 2251//2251 2252//2252
f 2120//2120 2252//2252 1545//1545
f 1545//1545 2252//2252 1542//1542
f 1549//1549 1547//1547 2121//2121
f 2121//2121 1547//1547 2202//2202
f 2121//2121 2202//2202 2253//2253
f 2253//2253 2202//2202 2254//2254
f 2253//2253 2254//2254 2255//2255
f 2255//2255 2254//2254 2256//2256
f 2255//2255 2256//2256 2257//2257
f 2257//2257 2256//2256 2258//2258
f 2257//2257 2258//2258 2259//2259
f 2259//2259 2258//2258 2260//2260
f 2259//2259 2260//2260 2261//2261
f 2261//2261 2260//2260 2262//2262
f 2261//2261 2262//2262 2237//2237
f 2237//2237 2262//2262 2263//2263
f 2237//2237 2263//2263 2223//2223
f 2223//2223 2263//2263 2264//2264
f 2223//2223 2264//2264 2216//2216
f 2216//2216 2264//2264 2265//2265
f 2216//2216 2265//2265 2232//2232
f 1546//1546 1555//1555 2202//2202
f 2202//2202 1555//1555 2201//2201
f 2202//2202 2201//2201 2254//2254
f 2254//2254 2201//2201 2266//2266
f 2254//2254 2266//2266 2256//2256
f 2256//2256 2266//2266 2267//2267
f 2256//2256 2267//2267 2258//2258
f 2258//2258 2267//2267 2268//2268
f 2258//2258 2268//2268 2260//2260
f 2260//2260 2268//2268 2269//2269
f 2260//2260 2269//2269 2262//2262
f 2262//2262 2269//2269 2270//2270
f 2262//2262 2270//2270 2263//2263
f 2263//2263 2270//2270 2271//2271
f 2263//2263 2271//2271 2264//2264
f 2264//2264 2271//2271 2272//2272
f 2264//2264 2272//2272 2265//2265
f 1556//1556 1558//1558 2201//2201
f 2201//2201 1558//1558 2200//2200
f 2201//2201 2200//2200 2266//2266
f 2266//2266 2200//2200 2199//2199
f 2266//2266 2199//2199 2267//2267
f 2267//2267 2199//2199 2122//2122
f 2267//2267 2122//2122 2268//2268
f 2268//2268 2122//2122 2123//2123
f 2268//2268 2123//2123 2269//2269
f 2269//2269 2123//2123 2198//2198
f 2269//2269 2198//2198 2270//2270
f 2270//2270 2198//2198 2197//2197
f 2270//2270 2197//2197 2271//2271
f 2271//2271 2197//2197 2196//2196
f 2271//2271 2196//2196 2272//2272
f 2272//2272 2196//2196 2195//2195
f 2272//2272 2195//2195 2265//2265
f 2265//2265 2195//2195 2194//2194
f 2265//2265 2194//2194 2232//2232
f 2232//2232 2194//2194 2193//2193
f 2232//2232 2193//2193 2233//2233
f 2233//2233 2193//2193 2192//2192
f 2233//2233 2192//2192 2234//2234
f 2234//2234 2192//2192 2124//2124
f 2234//2234 2124//2124 2235//2235
f 2235//2235 2124//2124 2191//2191
f 2235//2235 2191//2191 2236//2236
f 2236//2236 2191//2191 2125//2125
f 2236//2236 2125//2125 2190//2190
f 2190//2190 2125//2125 2126//2126
f 2190//2190 2126//2126 1455//1455
f 1455//1455 2126//2126 1448//1448
f 2146//2146 2273//2273 2150//2150
f 2150//2150 2273//2273 2274//2274
f 2150//2150 2274//2274 2152//2152
f 2152//2152 2274//2274 2275//2275
f 2152//2152 2275//2275 2155//2155
f 2155//2155 2275//2275 2130//2130
f 2155//2155 2130//2130 2158//2158
f 2158//2158 2130//2130 2129//2129
f 2276//2276 2277//2277 2278//2278
f 1532//1532 1531//1531 2131//2131
f 2131//2131 1531//1531 2204//2204
f 2131//2131 2204//2204 2135//2135
f 2135//2135 2204//2204 2279//2279
f 2135//2135 2279//2279 2139//2139
f 2139//2139 2279//2279 2280//2280
f 2139//2139 2280//2280 2137//2137
f 2137//2137 2280//2280 2281//2281
f 2137//2137 2281//2281 2146//2146
f 2146//2146 2281//2281 2282//2282
f 2146//2146 2282//2282 2273//2273
f 2238//2238 2276//2276 2239//2239
f 2239//2239 2276//2276 2278//2278
f 2239//2239 2278//2278 2241//2241
f 2241//2241 2278//2278 2283//2283
f 2241//2241 2283//2283 2243//2243
f 2243//2243 2283//2283 2284//2284
f 2243//2243 2284//2284 2245//2245
f 2245//2245 2284//2284 2285//2285
f 2245//2245 2285//2285 2247//2247
f 2247//2247 2285//2285 2286//2286
f 2247//2247 2286//2286 2249//2249
f 2249//2249 2286//2286 2287//2287
f 2249//2249 2287//2287 2251//2251
f 2251//2251 2287//2287 2203//2203
f 2251//2251 2203//2203 2252//2252
f 2252//2252 2203//2203 1540//1540
f 2252//2252 1540//1540 1542//1542
f 1499//1499 1500//1500 2186//2186
f 2186//2186 1500//1500 2183//2183
f 2186//2186 2183//2183 2288//2288
f 2288//2288 2183//2183 2176//2176
f 2288//2288 2176//2176 2289//2289
f 2289//2289 2176//2176 2173//2173
f 2289//2289 2173//2173 2290//2290
f 2290//2290 2173//2173 2167//2167
f 2290//2290 2167//2167 2114//2114
f 2163//2163 2162//2162 2164//2164
f 2164//2164 2162//2162 2130//2130
f 2164//2164 2130//2130 2291//2291
f 2291//2291 2130//2130 2275//2275
f 2291//2291 2275//2275 2292//2292
f 2292//2292 2275//2275 2274//2274
f 2292//2292 2274//2274 2293//2293
f 2293//2293 2274//2274 2273//2273
f 2293//2293 2273//2273 2294//2294
f 2294//2294 2273//2273 2282//2282
f 1503//1503 1502//1502 2127//2127
f 2127//2127 1502//1502 2186//2186
f 2127//2127 2186//2186 2295//2295
f 2295//2295 2186//2186 2288//2288
f 2295//2295 2288//2288 2296//2296
f 2296//2296 2288//2288 2289//2289
f 2296//2296 2289//2289 2297//2297
f 2297//2297 2289//2289 2290//2290
f 2297//2297 2290//2290 2298//2298
f 2298//2298 2290//2290 2114//2114
f 2298//2298 2114//2114 2299//2299
f 2299//2299 2114//2114 2113//2113
f 2299//2299 2113//2113 2300//2300
f 2300//2300 2113//2113 2115//2115
f 2300//2300 2115//2115 2277//2277
f 2169//2169 2170//2170 2167//2167
f 2167//2167 2170//2170 2166//2166
f 2167//2167 2166//2166 2114//2114
f 2114//2114 2166//2166 2164//2164
f 2114//2114 2164//2164 2112//2112
f 2112//2112 2164//2164 2291//2291
f 2112//2112 2291//2291 2115//2115
f 2115//2115 2291//2291 2292//2292
f 2115//2115 2292//2292 2277//2277
f 2277//2277 2292//2292 2293//2293
f 2277//2277 2293//2293 2278//2278
f 2278//2278 2293//2293 2294//2294
f 2278//2278 2294//2294 2283//2283
f 2283//2283 2294//2294 2282//2282
f 2283//2283 2282//2282 2284//2284
f 2284//2284 2282//2282 2281//2281
f 2284//2284 2281//2281 2285//2285
f 2285//2285 2281//2281 2280//2280
f 2285//2285 2280//2280 2286//2286
f 2286//2286 2280//2280 2279//2279
f 2286//2286 2279//2279 2287//2287
f 2287//2287 2279//2279 2204//2204
f 2287//2287 2204//2204 2203//2203
f 2203//2203 2204//2204 1534//1534
f 2203//2203 1534//1534 1533//1533
f 1479//1479 1469//1469 2224//2224
f 2224//2224 1469//1469 2127//2127
f 2224//2224 2127//2127 2225//2225
f 2225//2225 2127//2127 2295//2295
f 2225//2225 2295//2295 2226//2226
f 2226//2226 2295//2295 2296//2296
f 2226//2226 2296//2296 2227//2227
f 2227//2227 2296//2296 2297//2297
f 2227//2227 2297//2297 2228//2228
f 2228//2228 2297//2297 2298//2298
f 2228//2228 2298//2298 2229//2229
f 2229//2229 2298//2298 2299//2299
f 2229//2229 2299//2299 2230//2230
f 2230//2230 2299//2299 2300//2300
f 2230//2230 2300//2300 2119//2119
f 2119//2119 2300//2300 2277//2277
f 2119//2119 2277//2277 2118//2118
f 2118//2118 2277//2277 2276//2276
f 2118//2118 2276//2276 2116//2116
f 2116//2116 2276//2276 2238//2238
f 2116//2116 2238//2238 2237//2237
f 2237//2237 2238//2238 2240//2240
f 2237//2237 2240//2240 2261//2261
f 2261//2261 2240//2240 2242//2242
f 2261//2261 2242//2242 2259//2259
f 2259//2259 2242//2242 2244//2244
f 2259//2259 2244//2244 2257//2257
f 2257//2257 2244//2244 2246//2246
f 2257//2257 2246//2246 2255//2255
f 2255//2255 2246//2246 2248//2248
f 2255//2255 2248//2248 2253//2253
f 2253//2253 2248//2248 2250//2250
f 2253//2253 2250//2250 2121//2121
f 2121//2121 2250//2250 2120//2120
f 2121//2121 2120//2120 1550//1550
f 1550//1550 2120//2120 1544//1544
f 2129//2129 2128//2128 2301//2301
f 2302//2302 2303//2303 2304//2304
f 2305//2305 2306//2306 2307//2307
f 2308//2308 2309//2309 2310//2310
f 2311//2311 2306//2306 2312//2312
f 1628//1628 1629//1629 2313//2313
f 1682//1682 1683//1683 1862//1862
f 1902//1902 1901//1901 2314//2314
f 1870//1870 1869//1869 2308//2308
f 1887//1887 1886//1886 2315//2315
f 1910//1910 1954//1954 2316//2316
f 1952//1952 1947//1947 2317//2317
f 1951//1951 1959//1959 2318//2318
f 1956//1956 1955//1955 2319//2319
f 1907//1907 1964//1964 2320//2320
f 1965//1965 1974//1974 2321//2321
f 1980//1980 1975//1975 2322//2322
f 2000//2000 1508//1508 1526//1526
f 2000//2000 1526//1526 2002//2002
f 2002//2002 1526//1526 1525//1525
f 2002//2002 1525//1525 2323//2323
f 2323//2323 1525//1525 1524//1524
f 2323//2323 1524//1524 2132//2132
f 1994//1994 1993//1993 2324//2324
f 2324//2324 1993//1993 1992//1992
f 1992//1992 1997//1997 2323//2323
f 2323//2323 1997//1997 1999//1999
f 2323//2323 1999//1999 2002//2002
f 1990//1990 1996//1996 2325//2325
f 2325//2325 1996//1996 1995//1995
f 2325//2325 1995//1995 1994//1994
f 1986//1986 1984//1984 2326//2326
f 2326//2326 1984//1984 1983//1983
f 2326//2326 1983//1983 1988//1988
f 1987//1987 2327//2327 1979//1979
f 1979//1979 2327//2327 1977//1977
f 1980//1980 2322//2322 1981//1981
f 2321//2321 1974//1974 2328//2328
f 1973//1973 1971//1971 2329//2329
f 2329//2329 1971//1971 1970//1970
f 2329//2329 1970//1970 1982//1982
f 1960//1960 1969//1969 2330//2330
f 2330//2330 1969//1969 1968//1968
f 2330//2330 1968//1968 1966//1966
f 2330//2330 2331//2331 1960//1960
f 1960//1960 2331//2331 2332//2332
f 1960//1960 2332//2332 1961//1961
f 2320//2320 1964//1964 2332//2332
f 2332//2332 1964//1964 1963//1963
f 2332//2332 1963//1963 1961//1961
f 2319//2319 1955//1955 2320//2320
f 2320//2320 1955//1955 1908//1908
f 2320//2320 1908//1908 1907//1907
f 2318//2318 1959//1959 2319//2319
f 2319//2319 1959//1959 1958//1958
f 2319//2319 1958//1958 1956//1956
f 2317//2317 1947//1947 2318//2318
f 2318//2318 1947//1947 1949//1949
f 2318//2318 1949//1949 1951//1951
f 2316//2316 1954//1954 2317//2317
f 2317//2317 1954//1954 1953//1953
f 2317//2317 1953//1953 1952//1952
f 1910//1910 2316//2316 1911//1911
f 1911//1911 2316//2316 2333//2333
f 1911//1911 2333//2333 1946//1946
f 1938//1938 1942//1942 2334//2334
f 2334//2334 1942//1942 1941//1941
f 2334//2334 1941//1941 2335//2335
f 2335//2335 1941//1941 1940//1940
f 1940//1940 1939//1939 2335//2335
f 2335//2335 1939//1939 1944//1944
f 2335//2335 1944//1944 2333//2333
f 2333//2333 1944//1944 1943//1943
f 2333//2333 1943//1943 1946//1946
f 1934//1934 2336//2336 1935//1935
f 1935//1935 2336//2336 2337//2337
f 1935//1935 2337//2337 1930//1930
f 1930//1930 2337//2337 1928//1928
f 1934//1934 1932//1932 2336//2336
f 2336//2336 1932//1932 1931//1931
f 2336//2336 1931//1931 2334//2334
f 2334//2334 1931//1931 1936//1936
f 2334//2334 1936//1936 1938//1938
f 1928//1928 2337//2337 1925//1925
f 1925//1925 2337//2337 2338//2338
f 1925//1925 2338//2338 1926//1926
f 1926//1926 2338//2338 1927//1927
f 1927//1927 2338//2338 2339//2339
f 1927//1927 2339//2339 1923//1923
f 2340//2340 1921//1921 1920//1920
f 2340//2340 1920//1920 2339//2339
f 2339//2339 1920//1920 1924//1924
f 2339//2339 1924//1924 1923//1923
f 1847//1847 1846//1846 2340//2340
f 2340//2340 1846//1846 1855//1855
f 2340//2340 1855//1855 1921//1921
f 1921//1921 1855//1855 1854//1854
f 1921//1921 1854//1854 1853//1853
f 1887//1887 2315//2315 1888//1888
f 1838//1838 1900//1900 2341//2341
f 2341//2341 1900//1900 1899//1899
f 1897//1897 1896//1896 2342//2342
f 2342//2342 1896//1896 1895//1895
f 2342//2342 1895//1895 1839//1839
f 1882//1882 1881//1881 2343//2343
f 2343//2343 1881//1881 1885//1885
f 2343//2343 1885//1885 1884//1884
f 1892//1892 2309//2309 1893//1893
f 1893//1893 2309//2309 2308//2308
f 1893//1893 2308//2308 1894//1894
f 1894//1894 2308//2308 1869//1869
f 1891//1891 1890//1890 2344//2344
f 2344//2344 1890//1890 1889//1889
f 2344//2344 1889//1889 1871//1871
f 1864//1864 2345//2345 1863//1863
f 1863//1863 2345//2345 1866//1866
f 1868//1868 1867//1867 2346//2346
f 1868//1868 2347//2347 1842//1842
f 1842//1842 2347//2347 1843//1843
f 2348//2348 1860//1860 1859//1859
f 2348//2348 1859//1859 2314//2314
f 2314//2314 1859//1859 1903//1903
f 2314//2314 1903//1903 1902//1902
f 1860//1860 2348//2348 1861//1861
f 1861//1861 2348//2348 2349//2349
f 1861//1861 2349//2349 1862//1862
f 1862//1862 2349//2349 1678//1678
f 1862//1862 1678//1678 1682//1682
f 1605//1605 1676//1676 2349//2349
f 2349//2349 1676//1676 1679//1679
f 2349//2349 1679//1679 1678//1678
f 1672//1672 1671//1671 2350//2350
f 2350//2350 1671//1671 1606//1606
f 2351//2351 1675//1675 2352//2352
f 2352//2352 1675//1675 1674//1674
f 2353//2353 1614//1614 1612//1612
f 1611//1611 1609//1609 2354//2354
f 2354//2354 1609//1609 1608//1608
f 2354//2354 1608//1608 2351//2351
f 2351//2351 1608//1608 1670//1670
f 2351//2351 1670//1670 1675//1675
f 1666//1666 1669//1669 2355//2355
f 2355//2355 1669//1669 1668//1668
f 2355//2355 1668//1668 2356//2356
f 2356//2356 1668//1668 1667//1667
f 2356//2356 1667//1667 2353//2353
f 2353//2353 1667//1667 1615//1615
f 2353//2353 1615//1615 1614//1614
f 1666//1666 2355//2355 1664//1664
f 1664//1664 2355//2355 2357//2357
f 1664//1664 2357//2357 1659//1659
f 2358//2358 1662//1662 2357//2357
f 2357//2357 1662//1662 1660//1660
f 2357//2357 1660//1660 1659//1659
f 1648//1648 1653//1653 2359//2359
f 1653//1653 1655//1655 2359//2359
f 2359//2359 1655//1655 1656//1656
f 2359//2359 1656//1656 2360//2360
f 2360//2360 1656//1656 1658//1658
f 2360//2360 1658//1658 2358//2358
f 2358//2358 1658//1658 1663//1663
f 2358//2358 1663//1663 1662//1662
f 1646//1646 1652//1652 2361//2361
f 2361//2361 1652//1652 1651//1651
f 2361//2361 1651//1651 2359//2359
f 2359//2359 1651//1651 1649//1649
f 2359//2359 1649//1649 1648//1648
f 1644//1644 1643//1643 2362//2362
f 2362//2362 1643//1643 1618//1618
f 2362//2362 1618//1618 1617//1617
f 1639//1639 1640//1640 2363//2363
f 2363//2363 1640//1640 1642//1642
f 2363//2363 1642//1642 1645//1645
f 1633//1633 1632//1632 2364//2364
f 2364//2364 1632//1632 1637//1637
f 1629//1629 1631//1631 2313//2313
f 2313//2313 1631//1631 1636//1636
f 2313//2313 1636//1636 1635//1635
f 2313//2313 2182//2182 2181//2181
f 1439//1439 1628//1628 1441//1441
f 1441//1441 1628//1628 2313//2313
f 1441//1441 2313//2313 1442//1442
f 1442//1442 2313//2313 2181//2181
f 2307//2307 2306//2306 2365//2365
f 2365//2365 2306//2306 2311//2311
f 2365//2365 2311//2311 2366//2366
f 2312//2312 2306//2306 2367//2367
f 2367//2367 2306//2306 2305//2305
f 2367//2367 2305//2305 2368//2368
f 1868//1868 2346//2346 2347//2347
f 2347//2347 2346//2346 2369//2369
f 2347//2347 2369//2369 2370//2370
f 2369//2369 2368//2368 2370//2370
f 2370//2370 2368//2368 2305//2305
f 2370//2370 2305//2305 2371//2371
f 2371//2371 2305//2305 2307//2307
f 2371//2371 2307//2307 2351//2351
f 2351//2351 2307//2307 2365//2365
f 2351//2351 2365//2365 2354//2354
f 2354//2354 2365//2365 2366//2366
f 2354//2354 2366//2366 2372//2372
f 2314//2314 2373//2373 2348//2348
f 2348//2348 2373//2373 2374//2374
f 2348//2348 2374//2374 2349//2349
f 2349//2349 2374//2374 2350//2350
f 2349//2349 2350//2350 1605//1605
f 1605//1605 2350//2350 1606//1606
f 1674//1674 1672//1672 2352//2352
f 2352//2352 1672//1672 2350//2350
f 2352//2352 2350//2350 2351//2351
f 2351//2351 2350//2350 2374//2374
f 2351//2351 2374//2374 2371//2371
f 2371//2371 2374//2374 2373//2373
f 2371//2371 2373//2373 2370//2370
f 2370//2370 2373//2373 2314//2314
f 2370//2370 2314//2314 2347//2347
f 2347//2347 2314//2314 1901//1901
f 2347//2347 1901//1901 1843//1843
f 2301//2301 2128//2128 2375//2375
f 2375//2375 2128//2128 2162//2162
f 2375//2375 2162//2162 2163//2163
f 2163//2163 2165//2165 2375//2375
f 2375//2375 2165//2165 2172//2172
f 2375//2375 2172//2172 2376//2376
f 2172//2172 2171//2171 2376//2376
f 2376//2376 2171//2171 2170//2170
f 2376//2376 2170//2170 2377//2377
f 2175//2175 2378//2378 2168//2168
f 2168//2168 2378//2378 2377//2377
f 2168//2168 2377//2377 2169//2169
f 2169//2169 2377//2377 2170//2170
f 2302//2302 2304//2304 2379//2379
f 2379//2379 2304//2304 2380//2380
f 2379//2379 2380//2380 2381//2381
f 1871//1871 1870//1870 2344//2344
f 2344//2344 1870//1870 2308//2308
f 2344//2344 2308//2308 2382//2382
f 2382//2382 2308//2308 2310//2310
f 2382//2382 2310//2310 2383//2383
f 2383//2383 2310//2310 2384//2384
f 2383//2383 2384//2384 2385//2385
f 2385//2385 2384//2384 2386//2386
f 2385//2385 2386//2386 2387//2387
f 2387//2387 2386//2386 2388//2388
f 2387//2387 2388//2388 2389//2389
f 2389//2389 2388//2388 2390//2390
f 2389//2389 2390//2390 2391//2391
f 2391//2391 2390//2390 2392//2392
f 2391//2391 2392//2392 2393//2393
f 2393//2393 2392//2392 2394//2394
f 2393//2393 2394//2394 2395//2395
f 2395//2395 2394//2394 2396//2396
f 2395//2395 2396//2396 2397//2397
f 2397//2397 2396//2396 2398//2398
f 2397//2397 2398//2398 2399//2399
f 2399//2399 2398//2398 2400//2400
f 2399//2399 2400//2400 2401//2401
f 2401//2401 2400//2400 2402//2402
f 2401//2401 2402//2402 2403//2403
f 2403//2403 2402//2402 2404//2404
f 2403//2403 2404//2404 2405//2405
f 2405//2405 2404//2404 2406//2406
f 2405//2405 2406//2406 2407//2407
f 2407//2407 2406//2406 2408//2408
f 2407//2407 2408//2408 2409//2409
f 2409//2409 2408//2408 2410//2410
f 1864//1864 1865//1865 2345//2345
f 2345//2345 1865//1865 2411//2411
f 2345//2345 2411//2411 2412//2412
f 2412//2412 2411//2411 2413//2413
f 2412//2412 2413//2413 2414//2414
f 2414//2414 2413//2413 2415//2415
f 2414//2414 2415//2415 2416//2416
f 2416//2416 2415//2415 2417//2417
f 2416//2416 2417//2417 2418//2418
f 2418//2418 2417//2417 2419//2419
f 2418//2418 2419//2419 2420//2420
f 2420//2420 2419//2419 2421//2421
f 2420//2420 2421//2421 2422//2422
f 2422//2422 2421//2421 2423//2423
f 2422//2422 2423//2423 2424//2424
f 2424//2424 2423//2423 2425//2425
f 2424//2424 2425//2425 2426//2426
f 2426//2426 2425//2425 2427//2427
f 2426//2426 2427//2427 2428//2428
f 2428//2428 2427//2427 2429//2429
f 2428//2428 2429//2429 2430//2430
f 2430//2430 2429//2429 2431//2431
f 2430//2430 2431//2431 2432//2432
f 2432//2432 2431//2431 2433//2433
f 2432//2432 2433//2433 2434//2434
f 2434//2434 2433//2433 2435//2435
f 2434//2434 2435//2435 2436//2436
f 2436//2436 2435//2435 2437//2437
f 2436//2436 2437//2437 2438//2438
f 2438//2438 2437//2437 2439//2439
f 2438//2438 2439//2439 2440//2440
f 2440//2440 2439//2439 2381//2381
f 2440//2440 2381//2381 2441//2441
f 2441//2441 2381//2381 2380//2380
f 1865//1865 1891//1891 2411//2411
f 2411//2411 1891//1891 2344//2344
f 2411//2411 2344//2344 2413//2413
f 2413//2413 2344//2344 2382//2382
f 2413//2413 2382//2382 2415//2415
f 2415//2415 2382//2382 2383//2383
f 2415//2415 2383//2383 2417//2417
f 2417//2417 2383//2383 2385//2385
f 2417//2417 2385//2385 2419//2419
f 2419//2419 2385//2385 2387//2387
f 2419//2419 2387//2387 2421//2421
f 2421//2421 2387//2387 2389//2389
f 2421//2421 2389//2389 2423//2423
f 2423//2423 2389//2389 2391//2391
f 2423//2423 2391//2391 2425//2425
f 2425//2425 2391//2391 2393//2393
f 2425//2425 2393//2393 2427//2427
f 2427//2427 2393//2393 2395//2395
f 2427//2427 2395//2395 2429//2429
f 2429//2429 2395//2395 2397//2397
f 2429//2429 2397//2397 2431//2431
f 2431//2431 2397//2397 2399//2399
f 2431//2431 2399//2399 2433//2433
f 2433//2433 2399//2399 2401//2401
f 2433//2433 2401//2401 2435//2435
f 2435//2435 2401//2401 2403//2403
f 2435//2435 2403//2403 2437//2437
f 2437//2437 2403//2403 2405//2405
f 2437//2437 2405//2405 2439//2439
f 2439//2439 2405//2405 2407//2407
f 2439//2439 2407//2407 2381//2381
f 2381//2381 2407//2407 2409//2409
f 2381//2381 2409//2409 2379//2379
f 2379//2379 2409//2409 2410//2410
f 2379//2379 2410//2410 2302//2302
f 2179//2179 2442//2442 2180//2180
f 2180//2180 2442//2442 2378//2378
f 2180//2180 2378//2378 2174//2174
f 2174//2174 2378//2378 2175//2175
f 2179//2179 2178//2178 2442//2442
f 2442//2442 2178//2178 2177//2177
f 2442//2442 2177//2177 2443//2443
f 2443//2443 2177//2177 2185//2185
f 2443//2443 2185//2185 2313//2313
f 2313//2313 2185//2185 2184//2184
f 2313//2313 2184//2184 2182//2182
f 2444//2444 2445//2445 2446//2446
f 2446//2446 2445//2445 2447//2447
f 2446//2446 2447//2447 2448//2448
f 2448//2448 2447//2447 2449//2449
f 2448//2448 2449//2449 2450//2450
f 2450//2450 2449//2449 2451//2451
f 2450//2450 2451//2451 2452//2452
f 2452//2452 2451//2451 2453//2453
f 2452//2452 2453//2453 2454//2454
f 2454//2454 2453//2453 2455//2455
f 2454//2454 2455//2455 2456//2456
f 2456//2456 2455//2455 2457//2457
f 2456//2456 2457//2457 2458//2458
f 2458//2458 2457//2457 2459//2459
f 2458//2458 2459//2459 2460//2460
f 2460//2460 2459//2459 2461//2461
f 2460//2460 2461//2461 2462//2462
f 2462//2462 2461//2461 2463//2463
f 2462//2462 2463//2463 2464//2464
f 2312//2312 2464//2464 2311//2311
f 2311//2311 2464//2464 2463//2463
f 2311//2311 2463//2463 2366//2366
f 2366//2366 2463//2463 2461//2461
f 2366//2366 2461//2461 2372//2372
f 2372//2372 2461//2461 2459//2459
f 2372//2372 2459//2459 2465//2465
f 2465//2465 2459//2459 2457//2457
f 2465//2465 2457//2457 2466//2466
f 2466//2466 2457//2457 2455//2455
f 2466//2466 2455//2455 2467//2467
f 2467//2467 2455//2455 2453//2453
f 2467//2467 2453//2453 2468//2468
f 2468//2468 2453//2453 2451//2451
f 2468//2468 2451//2451 2469//2469
f 2469//2469 2451//2451 2449//2449
f 2469//2469 2449//2449 2470//2470
f 2470//2470 2449//2449 2447//2447
f 2470//2470 2447//2447 2471//2471
f 2471//2471 2447//2447 2445//2445
f 2441//2441 2444//2444 2440//2440
f 2440//2440 2444//2444 2446//2446
f 2440//2440 2446//2446 2438//2438
f 2438//2438 2446//2446 2448//2448
f 2438//2438 2448//2448 2436//2436
f 2436//2436 2448//2448 2450//2450
f 2436//2436 2450//2450 2434//2434
f 2434//2434 2450//2450 2452//2452
f 2434//2434 2452//2452 2432//2432
f 2432//2432 2452//2452 2454//2454
f 2432//2432 2454//2454 2430//2430
f 2430//2430 2454//2454 2456//2456
f 2430//2430 2456//2456 2428//2428
f 2428//2428 2456//2456 2458//2458
f 2428//2428 2458//2458 2426//2426
f 2426//2426 2458//2458 2460//2460
f 2426//2426 2460//2460 2424//2424
f 2424//2424 2460//2460 2462//2462
f 2424//2424 2462//2462 2422//2422
f 2422//2422 2462//2462 2464//2464
f 2422//2422 2464//2464 2420//2420
f 2420//2420 2464//2464 2312//2312
f 2420//2420 2312//2312 2418//2418
f 2418//2418 2312//2312 2367//2367
f 2418//2418 2367//2367 2416//2416
f 2416//2416 2367//2367 2368//2368
f 2416//2416 2368//2368 2414//2414
f 2414//2414 2368//2368 2369//2369
f 2414//2414 2369//2369 2412//2412
f 2412//2412 2369//2369 2346//2346
f 2412//2412 2346//2346 2345//2345
f 2345//2345 2346//2346 1867//1867
f 2345//2345 1867//1867 1866//1866
f 2133//2133 2134//2134 2472//2472
f 2472//2472 2134//2134 2136//2136
f 2472//2472 2136//2136 2143//2143
f 2142//2142 2141//2141 2473//2473
f 2473//2473 2141//2141 2140//2140
f 2138//2138 2148//2148 2474//2474
f 2474//2474 2148//2148 2147//2147
f 2132//2132 2133//2133 2323//2323
f 2323//2323 2133//2133 2472//2472
f 2323//2323 2472//2472 2475//2475
f 2475//2475 2472//2472 2476//2476
f 1994//1994 2324//2324 2325//2325
f 2325//2325 2324//2324 2477//2477
f 2325//2325 2477//2477 1990//1990
f 2145//2145 2144//2144 2478//2478
f 2478//2478 2144//2144 2149//2149
f 2154//2154 2153//2153 2479//2479
f 2479//2479 2153//2153 2157//2157
f 2479//2479 2157//2157 2156//2156
f 2161//2161 2160//2160 2480//2480
f 2480//2480 2160//2160 2159//2159
f 2480//2480 2159//2159 2158//2158
f 2158//2158 2129//2129 2480//2480
f 2480//2480 2129//2129 2301//2301
f 2480//2480 2301//2301 2481//2481
f 2481//2481 2301//2301 2375//2375
f 2481//2481 2375//2375 2482//2482
f 2482//2482 2375//2375 2376//2376
f 2482//2482 2376//2376 2483//2483
f 2483//2483 2376//2376 2377//2377
f 2483//2483 2377//2377 2484//2484
f 2484//2484 2377//2377 2378//2378
f 2484//2484 2378//2378 2485//2485
f 2485//2485 2378//2378 2442//2442
f 2485//2485 2442//2442 2486//2486
f 2486//2486 2442//2442 2443//2443
f 2486//2486 2443//2443 2487//2487
f 2487//2487 2443//2443 2313//2313
f 2487//2487 2313//2313 2364//2364
f 2364//2364 2313//2313 1635//1635
f 2364//2364 1635//1635 1633//1633
f 2151//2151 2154//2154 2488//2488
f 2488//2488 2154//2154 2479//2479
f 2488//2488 2479//2479 2489//2489
f 2489//2489 2479//2479 2490//2490
f 2489//2489 2490//2490 2491//2491
f 2491//2491 2490//2490 2492//2492
f 2491//2491 2492//2492 2493//2493
f 2493//2493 2492//2492 2494//2494
f 2493//2493 2494//2494 2495//2495
f 2495//2495 2494//2494 2496//2496
f 2495//2495 2496//2496 2497//2497
f 2497//2497 2496//2496 2498//2498
f 2497//2497 2498//2498 2499//2499
f 2499//2499 2498//2498 2500//2500
f 2499//2499 2500//2500 2501//2501
f 2501//2501 2500//2500 2502//2502
f 2501//2501 2502//2502 2503//2503
f 2503//2503 2502//2502 2504//2504
f 2503//2503 2504//2504 2505//2505
f 2505//2505 2504//2504 2363//2363
f 2505//2505 2363//2363 2362//2362
f 2362//2362 2363//2363 1645//1645
f 2362//2362 1645//1645 1644//1644
f 2156//2156 2161//2161 2479//2479
f 2479//2479 2161//2161 2480//2480
f 2479//2479 2480//2480 2490//2490
f 2490//2490 2480//2480 2481//2481
f 2490//2490 2481//2481 2492//2492
f 2492//2492 2481//2481 2482//2482
f 2492//2492 2482//2482 2494//2494
f 2494//2494 2482//2482 2483//2483
f 2494//2494 2483//2483 2496//2496
f 2496//2496 2483//2483 2484//2484
f 2496//2496 2484//2484 2498//2498
f 2498//2498 2484//2484 2485//2485
f 2498//2498 2485//2485 2500//2500
f 2500//2500 2485//2485 2486//2486
f 2500//2500 2486//2486 2502//2502
f 2502//2502 2486//2486 2487//2487
f 2502//2502 2487//2487 2504//2504
f 2504//2504 2487//2487 2364//2364
f 2504//2504 2364//2364 2363//2363
f 2363//2363 2364//2364 1637//1637
f 2363//2363 1637//1637 1639//1639
f 1974//1974 1973//1973 2328//2328
f 2328//2328 1973//1973 2329//2329
f 2328//2328 2329//2329 2322//2322
f 2322//2322 2329//2329 1982//1982
f 2322//2322 1982//1982 1981//1981
f 2327//2327 2506//2506 2507//2507
f 2507//2507 2506//2506 2508//2508
f 2507//2507 2508//2508 2509//2509
f 2509//2509 2508//2508 2510//2510
f 2509//2509 2510//2510 2511//2511
f 2511//2511 2321//2321 2509//2509
f 2509//2509 2321//2321 2328//2328
f 2509//2509 2328//2328 2507//2507
f 2507//2507 2328//2328 2322//2322
f 2507//2507 2322//2322 2327//2327
f 2327//2327 2322//2322 1975//1975
f 2327//2327 1975//1975 1977//1977
f 1898//1898 1888//1888 2512//2512
f 2512//2512 1888//1888 2315//2315
f 2512//2512 2315//2315 2513//2513
f 2513//2513 2315//2315 2514//2514
f 2513//2513 2514//2514 2515//2515
f 2515//2515 2514//2514 2516//2516
f 2515//2515 2516//2516 2517//2517
f 2517//2517 2516//2516 2518//2518
f 2517//2517 2518//2518 2519//2519
f 2519//2519 2518//2518 2520//2520
f 2519//2519 2520//2520 2521//2521
f 2521//2521 2520//2520 2522//2522
f 2521//2521 2522//2522 2523//2523
f 2523//2523 2522//2522 2524//2524
f 2523//2523 2524//2524 2525//2525
f 2525//2525 2524//2524 2526//2526
f 2525//2525 2526//2526 2527//2527
f 2527//2527 2526//2526 2528//2528
f 2527//2527 2528//2528 2529//2529
f 2529//2529 2528//2528 2530//2530
f 2529//2529 2530//2530 2531//2531
f 2531//2531 2530//2530 2532//2532
f 2531//2531 2532//2532 2533//2533
f 2533//2533 2532//2532 2534//2534
f 2533//2533 2534//2534 2535//2535
f 2535//2535 2534//2534 2536//2536
f 2535//2535 2536//2536 2537//2537
f 2537//2537 2536//2536 2538//2538
f 2537//2537 2538//2538 2539//2539
f 2539//2539 2538//2538 2540//2540
f 2539//2539 2540//2540 2541//2541
f 2541//2541 2540//2540 2542//2542
f 1886//1886 1847//1847 2315//2315
f 2315//2315 1847//1847 2340//2340
f 2315//2315 2340//2340 2514//2514
f 2514//2514 2340//2340 2339//2339
f 2514//2514 2339//2339 2516//2516
f 2516//2516 2339//2339 2338//2338
f 2516//2516 2338//2338 2518//2518
f 2518//2518 2338//2338 2337//2337
f 2518//2518 2337//2337 2520//2520
f 2520//2520 2337//2337 2336//2336
f 2520//2520 2336//2336 2522//2522
f 2522//2522 2336//2336 2334//2334
f 2522//2522 2334//2334 2524//2524
f 2524//2524 2334//2334 2335//2335
f 2524//2524 2335//2335 2526//2526
f 2526//2526 2335//2335 2333//2333
f 2526//2526 2333//2333 2528//2528
f 2528//2528 2333//2333 2316//2316
f 2528//2528 2316//2316 2530//2530
f 2530//2530 2316//2316 2317//2317
f 2530//2530 2317//2317 2532//2532
f 2532//2532 2317//2317 2318//2318
f 2532//2532 2318//2318 2534//2534
f 2534//2534 2318//2318 2319//2319
f 2534//2534 2319//2319 2536//2536
f 2536//2536 2319//2319 2320//2320
f 2536//2536 2320//2320 2538//2538
f 2538//2538 2320//2320 2332//2332
f 2538//2538 2332//2332 2540//2540
f 2540//2540 2332//2332 2331//2331
f 2540//2540 2331//2331 2542//2542
f 2542//2542 2331//2331 2330//2330
f 2143//2143 2142//2142 2472//2472
f 2472//2472 2142//2142 2473//2473
f 2472//2472 2473//2473 2476//2476
f 2476//2476 2473//2473 2543//2543
f 2476//2476 2543//2543 2544//2544
f 2544//2544 2543//2543 2545//2545
f 2544//2544 2545//2545 2546//2546
f 2546//2546 2545//2545 2547//2547
f 2546//2546 2547//2547 2548//2548
f 2548//2548 2547//2547 2549//2549
f 2548//2548 2549//2549 2550//2550
f 2147//2147 2145//2145 2474//2474
f 2474//2474 2145//2145 2478//2478
f 2474//2474 2478//2478 2551//2551
f 2551//2551 2478//2478 2552//2552
f 2551//2551 2552//2552 2553//2553
f 2553//2553 2552//2552 2554//2554
f 2553//2553 2554//2554 2555//2555
f 2555//2555 2554//2554 2556//2556
f 2555//2555 2556//2556 2557//2557
f 2557//2557 2556//2556 2558//2558
f 2557//2557 2558//2558 2303//2303
f 2303//2303 2558//2558 2559//2559
f 2303//2303 2559//2559 2304//2304
f 2304//2304 2559//2559 2560//2560
f 2304//2304 2560//2560 2380//2380
f 2380//2380 2560//2560 2561//2561
f 2380//2380 2561//2561 2441//2441
f 2441//2441 2561//2561 2562//2562
f 2441//2441 2562//2562 2444//2444
f 2444//2444 2562//2562 2563//2563
f 2444//2444 2563//2563 2445//2445
f 2445//2445 2563//2563 2564//2564
f 2445//2445 2564//2564 2471//2471
f 2471//2471 2564//2564 2361//2361
f 2471//2471 2361//2361 2470//2470
f 2470//2470 2361//2361 2359//2359
f 2470//2470 2359//2359 2469//2469
f 2469//2469 2359//2359 2360//2360
f 2469//2469 2360//2360 2468//2468
f 2468//2468 2360//2360 2358//2358
f 2468//2468 2358//2358 2467//2467
f 2467//2467 2358//2358 2357//2357
f 2467//2467 2357//2357 2466//2466
f 2466//2466 2357//2357 2355//2355
f 2466//2466 2355//2355 2465//2465
f 2465//2465 2355//2355 2356//2356
f 2465//2465 2356//2356 2372//2372
f 2372//2372 2356//2356 2353//2353
f 2372//2372 2353//2353 2354//2354
f 2354//2354 2353//2353 1612//1612
f 2354//2354 1612//1612 1611//1611
f 1992//1992 2323//2323 2324//2324
f 2324//2324 2323//2323 2475//2475
f 2324//2324 2475//2475 2477//2477
f 2477//2477 2475//2475 2476//2476
f 2477//2477 2476//2476 2565//2565
f 2565//2565 2476//2476 2544//2544
f 2565//2565 2544//2544 2566//2566
f 2566//2566 2544//2544 2546//2546
f 2566//2566 2546//2546 2567//2567
f 2567//2567 2546//2546 2548//2548
f 2567//2567 2548//2548 2568//2568
f 2568//2568 2548//2548 2550//2550
f 2568//2568 2550//2550 2569//2569
f 1839//1839 1838//1838 2342//2342
f 2342//2342 1838//1838 2341//2341
f 2342//2342 2341//2341 2570//2570
f 2570//2570 2341//2341 2571//2571
f 2570//2570 2571//2571 2572//2572
f 2572//2572 2571//2571 2573//2573
f 2572//2572 2573//2573 2574//2574
f 2574//2574 2573//2573 2575//2575
f 2574//2574 2575//2575 2576//2576
f 2576//2576 2575//2575 2577//2577
f 2576//2576 2577//2577 2578//2578
f 2578//2578 2577//2577 2579//2579
f 2578//2578 2579//2579 2580//2580
f 2580//2580 2579//2579 2581//2581
f 2580//2580 2581//2581 2582//2582
f 2582//2582 2581//2581 2583//2583
f 2582//2582 2583//2583 2584//2584
f 2584//2584 2583//2583 2585//2585
f 2584//2584 2585//2585 2586//2586
f 2586//2586 2585//2585 2587//2587
f 2586//2586 2587//2587 2588//2588
f 2588//2588 2587//2587 2589//2589
f 2588//2588 2589//2589 2590//2590
f 2590//2590 2589//2589 2591//2591
f 2590//2590 2591//2591 2592//2592
f 2592//2592 2591//2591 2593//2593
f 2592//2592 2593//2593 2594//2594
f 2594//2594 2593//2593 2595//2595
f 2594//2594 2595//2595 2596//2596
f 2596//2596 2595//2595 2597//2597
f 2596//2596 2597//2597 2598//2598
f 2598//2598 2597//2597 2599//2599
f 2598//2598 2599//2599 2600//2600
f 2600//2600 2599//2599 2510//2510
f 2600//2600 2510//2510 2601//2601
f 2601//2601 2510//2510 2508//2508
f 2601//2601 2508//2508 2602//2602
f 2602//2602 2508//2508 2506//2506
f 2602//2602 2506//2506 2326//2326
f 2326//2326 2506//2506 2327//2327
f 2326//2326 2327//2327 1986//1986
f 1986//1986 2327//2327 1987//1987
f 1884//1884 1883//1883 2343//2343
f 2343//2343 1883//1883 2603//2603
f 2343//2343 2603//2603 2604//2604
f 2604//2604 2603//2603 2605//2605
f 2604//2604 2605//2605 2606//2606
f 2606//2606 2605//2605 2607//2607
f 2606//2606 2607//2607 2608//2608
f 2608//2608 2607//2607 2609//2609
f 2608//2608 2609//2609 2610//2610
f 2610//2610 2609//2609 2611//2611
f 2610//2610 2611//2611 2612//2612
f 2612//2612 2611//2611 2613//2613
f 2612//2612 2613//2613 2614//2614
f 2614//2614 2613//2613 2615//2615
f 2614//2614 2615//2615 2616//2616
f 2616//2616 2615//2615 2617//2617
f 2616//2616 2617//2617 2618//2618
f 2618//2618 2617//2617 2619//2619
f 2618//2618 2619//2619 2620//2620
f 2620//2620 2619//2619 2621//2621
f 2620//2620 2621//2621 2622//2622
f 2622//2622 2621//2621 2623//2623
f 2622//2622 2623//2623 2624//2624
f 2624//2624 2623//2623 2625//2625
f 2624//2624 2625//2625 2626//2626
f 2626//2626 2625//2625 2627//2627
f 2626//2626 2627//2627 2628//2628
f 2628//2628 2627//2627 2629//2629
f 2628//2628 2629//2629 2630//2630
f 2630//2630 2629//2629 2631//2631
f 2630//2630 2631//2631 2632//2632
f 2632//2632 2631//2631 2569//2569
f 2632//2632 2569//2569 2633//2633
f 2633//2633 2569//2569 2550//2550
f 2633//2633 2550//2550 2634//2634
f 2634//2634 2550//2550 2549//2549
f 1883//1883 1897//1897 2603//2603
f 2603//2603 1897//1897 2342//2342
f 2603//2603 2342//2342 2605//2605
f 2605//2605 2342//2342 2570//2570
f 2605//2605 2570//2570 2607//2607
f 2607//2607 2570//2570 2572//2572
f 2607//2607 2572//2572 2609//2609
f 2609//2609 2572//2572 2574//2574
f 2609//2609 2574//2574 2611//2611
f 2611//2611 2574//2574 2576//2576
f 2611//2611 2576//2576 2613//2613
f 2613//2613 2576//2576 2578//2578
f 2613//2613 2578//2578 2615//2615
f 2615//2615 2578//2578 2580//2580
f 2615//2615 2580//2580 2617//2617
f 2617//2617 2580//2580 2582//2582
f 2617//2617 2582//2582 2619//2619
f 2619//2619 2582//2582 2584//2584
f 2619//2619 2584//2584 2621//2621
f 2621//2621 2584//2584 2586//2586
f 2621//2621 2586//2586 2623//2623
f 2623//2623 2586//2586 2588//2588
f 2623//2623 2588//2588 2625//2625
f 2625//2625 2588//2588 2590//2590
f 2625//2625 2590//2590 2627//2627
f 2627//2627 2590//2590 2592//2592
f 2627//2627 2592//2592 2629//2629
f 2629//2629 2592//2592 2594//2594
f 2629//2629 2594//2594 2631//2631
f 2631//2631 2594//2594 2596//2596
f 2631//2631 2596//2596 2569//2569
f 2569//2569 2596//2596 2598//2598
f 2569//2569 2598//2598 2568//2568
f 2568//2568 2598//2598 2600//2600
f 2568//2568 2600//2600 2567//2567
f 2567//2567 2600//2600 2601//2601
f 2567//2567 2601//2601 2566//2566
f 2566//2566 2601//2601 2602//2602
f 2566//2566 2602//2602 2565//2565
f 2565//2565 2602//2602 2326//2326
f 2565//2565 2326//2326 2477//2477
f 2477//2477 2326//2326 1988//1988
f 2477//2477 1988//1988 1990//1990
f 1899//1899 1898//1898 2341//2341
f 2341//2341 1898//1898 2512//2512
f 2341//2341 2512//2512 2571//2571
f 2571//2571 2512//2512 2513//2513
f 2571//2571 2513//2513 2573//2573
f 2573//2573 2513//2513 2515//2515
f 2573//2573 2515//2515 2575//2575
f 2575//2575 2515//2515 2517//2517
f 2575//2575 2517//2517 2577//2577
f 2577//2577 2517//2517 2519//2519
f 2577//2577 2519//2519 2579//2579
f 2579//2579 2519//2519 2521//2521
f 2579//2579 2521//2521 2581//2581
f 2581//2581 2521//2521 2523//2523
f 2581//2581 2523//2523 2583//2583
f 2583//2583 2523//2523 2525//2525
f 2583//2583 2525//2525 2585//2585
f 2585//2585 2525//2525 2527//2527
f 2585//2585 2527//2527 2587//2587
f 2587//2587 2527//2527 2529//2529
f 2587//2587 2529//2529 2589//2589
f 2589//2589 2529//2529 2531//2531
f 2589//2589 2531//2531 2591//2591
f 2591//2591 2531//2531 2533//2533
f 2591//2591 2533//2533 2593//2593
f 2593//2593 2533//2533 2535//2535
f 2593//2593 2535//2535 2595//2595
f 2595//2595 2535//2535 2537//2537
f 2595//2595 2537//2537 2597//2597
f 2597//2597 2537//2537 2539//2539
f 2597//2597 2539//2539 2599//2599
f 2599//2599 2539//2539 2541//2541
f 2599//2599 2541//2541 2510//2510
f 2510//2510 2541//2541 2542//2542
f 2510//2510 2542//2542 2511//2511
f 2511//2511 2542//2542 2330//2330
f 2511//2511 2330//2330 2321//2321
f 2321//2321 2330//2330 1966//1966
f 2321//2321 1966//1966 1965//1965
f 2149//2149 2151//2151 2478//2478
f 2478//2478 2151//2151 2488//2488
f 2478//2478 2488//2488 2552//2552
f 2552//2552 2488//2488 2489//2489
f 2552//2552 2489//2489 2554//2554
f 2554//2554 2489//2489 2491//2491
f 2554//2554 2491//2491 2556//2556
f 2556//2556 2491//2491 2493//2493
f 2556//2556 2493//2493 2558//2558
f 2558//2558 2493//2493 2495//2495
f 2558//2558 2495//2495 2559//2559
f 2559//2559 2495//2495 2497//2497
f 2559//2559 2497//2497 2560//2560
f 2560//2560 2497//2497 2499//2499
f 2560//2560 2499//2499 2561//2561
f 2561//2561 2499//2499 2501//2501
f 2561//2561 2501//2501 2562//2562
f 2562//2562 2501//2501 2503//2503
f 2562//2562 2503//2503 2563//2563
f 2563//2563 2503//2503 2505//2505
f 2563//2563 2505//2505 2564//2564
f 2564//2564 2505//2505 2362//2362
f 2564//2564 2362//2362 2361//2361
f 2361//2361 2362//2362 1617//1617
f 2361//2361 1617//1617 1646//1646
f 1892//1892 1882//1882 2309//2309
f 2309//2309 1882//1882 2343//2343
f 2309//2309 2343//2343 2310//2310
f 2310//2310 2343//2343 2604//2604
f 2310//2310 2604//2604 2384//2384
f 2384//2384 2604//2604 2606//2606
f 2384//2384 2606//2606 2386//2386
f 2386//2386 2606//2606 2608//2608
f 2386//2386 2608//2608 2388//2388
f 2388//2388 2608//2608 2610//2610
f 2388//2388 2610//2610 2390//2390
f 2390//2390 2610//2610 2612//2612
f 2390//2390 2612//2612 2392//2392
f 2392//2392 2612//2612 2614//2614
f 2392//2392 2614//2614 2394//2394
f 2394//2394 2614//2614 2616//2616
f 2394//2394 2616//2616 2396//2396
f 2396//2396 2616//2616 2618//2618
f 2396//2396 2618//2618 2398//2398
f 2398//2398 2618//2618 2620//2620
f 2398//2398 2620//2620 2400//2400
f 2400//2400 2620//2620 2622//2622
f 2400//2400 2622//2622 2402//2402
f 2402//2402 2622//2622 2624//2624
f 2402//2402 2624//2624 2404//2404
f 2404//2404 2624//2624 2626//2626
f 2404//2404 2626//2626 2406//2406
f 2406//2406 2626//2626 2628//2628
f 2406//2406 2628//2628 2408//2408
f 2408//2408 2628//2628 2630//2630
f 2408//2408 2630//2630 2410//2410
f 2410//2410 2630//2630 2632//2632
f 2410//2410 2632//2632 2302//2302
f 2302//2302 2632//2632 2633//2633
f 2302//2302 2633//2633 2303//2303
f 2303//2303 2633//2633 2634//2634
f 2303//2303 2634//2634 2557//2557
f 2557//2557 2634//2634 2549//2549
f 2557//2557 2549//2549 2555//2555
f 2555//2555 2549//2549 2547//2547
f 2555//2555 2547//2547 2553//2553
f 2553//2553 2547//2547 2545//2545
f 2553//2553 2545//2545 2551//2551
f 2551//2551 2545//2545 2543//2543
f 2551//2551 2543//2543 2474//2474
f 2474//2474 2543//2543 2473//2473
f 2474//2474 2473//2473 2138//2138
f 2138//2138 2473//2473 2140//2140
f 2635//2635 2636//2636 2637//2637
f 2635//2635 2637//2637 2638//2638
f 2638//2638 2637//2637 2639//2639
f 2638//2638 2639//2639 2640//2640
f 2640//2640 2639//2639 2641//2641
f 2640//2640 2641//2641 2642//2642
f 2642//2642 2641//2641 2643//2643
f 2642//2642 2643//2643 2644//2644
f 2644//2644 2643//2643 2645//2645
f 2644//2644 2645//2645 2646//2646
f 2646//2646 2645//2645 2647//2647
f 2646//2646 2647//2647 2648//2648
f 2648//2648 2647//2647 2649//2649
f 2648//2648 2649//2649 2650//2650
f 2650//2650 2649//2649 2651//2651
f 2650//2650 2651//2651 2652//2652
f 2652//2652 2651//2651 2653//2653
f 2652//2652 2653//2653 2654//2654
f 2654//2654 2653//2653 2655//2655
f 2654//2654 2655//2655 2656//2656
f 2656//2656 2655//2655 2657//2657
f 2656//2656 2657//2657 2658//2658
f 2658//2658 2657//2657 2659//2659
f 2658//2658 2659//2659 2660//2660
f 2660//2660 2659//2659 2661//2661
f 2660//2660 2661//2661 2662//2662
f 2662//2662 2661//2661 2663//2663
f 2662//2662 2663//2663 2664//2664
f 2664//2664 2663//2663 2665//2665
f 2664//2664 2665//2665 2666//2666
f 2666//2666 2665//2665 2667//2667
f 2666//2666 2667//2667 2668//2668
f 2668//2668 2667//2667 2669//2669
f 2668//2668 2669//2669 2670//2670
f 2670//2670 2669//2669 2671//2671
f 2670//2670 2671//2671 2672//2672
f 2672//2672 2671//2671 2673//2673
f 2672//2672 2673//2673 2674//2674
f 2675//2675 2676//2676 2677//2677
f 2675//2675 2677//2677 2678//2678
f 2676//2676 2679//2679 2637//2637
f 2680//2680 2681//2681 2682//2682
f 2682//2682 2681//2681 2683//2683
f 2682//2682 2683//2683 2677//2677
f 2677//2677 2683//2683 2684//2684
f 2677//2677 2684//2684 2678//2678
f 2685//2685 2686//2686 2687//2687
f 2685//2685 2687//2687 2682//2682
f 2682//2682 2687//2687 2688//2688
f 2682//2682 2688//2688 2680//2680
f 2689//2689 2690//2690 2643//2643
f 2689//2689 2643//2643 2691//2691
f 2691//2691 2643//2643 2641//2641
f 2691//2691 2641//2641 2692//2692
f 2690//2690 2693//2693 2643//2643
f 2643//2643 2693//2693 2694//2694
f 2643//2643 2694//2694 2695//2695
f 2695//2695 2696//2696 2697//2697
f 2696//2696 2698//2698 2697//2697
f 2697//2697 2698//2698 2699//2699
f 2697//2697 2699//2699 2700//2700
f 2700//2700 2701//2701 2697//2697
f 2697//2697 2701//2701 2702//2702
f 2697//2697 2702//2702 2685//2685
f 2685//2685 2702//2702 2703//2703
f 2685//2685 2703//2703 2686//2686
f 2679//2679 2704//2704 2637//2637
f 2637//2637 2704//2704 2705//2705
f 2637//2637 2705//2705 2639//2639
f 2639//2639 2705//2705 2706//2706
f 2639//2639 2706//2706 2707//2707
f 2707//2707 2708//2708 2639//2639
f 2639//2639 2708//2708 2709//2709
f 2639//2639 2709//2709 2641//2641
f 2641//2641 2709//2709 2710//2710
f 2641//2641 2710//2710 2692//2692
f 2695//2695 2697//2697 2643//2643
f 2643//2643 2697//2697 2711//2711
f 2643//2643 2711//2711 2645//2645
f 2645//2645 2711//2711 2712//2712
f 2645//2645 2712//2712 2647//2647
f 2647//2647 2712//2712 2713//2713
f 2647//2647 2713//2713 2649//2649
f 2649//2649 2713//2713 2714//2714
f 2649//2649 2714//2714 2651//2651
f 2651//2651 2714//2714 2715//2715
f 2651//2651 2715//2715 2653//2653
f 2653//2653 2715//2715 2716//2716
f 2653//2653 2716//2716 2655//2655
f 2655//2655 2716//2716 2717//2717
f 2655//2655 2717//2717 2657//2657
f 2657//2657 2717//2717 2718//2718
f 2657//2657 2718//2718 2659//2659
f 2659//2659 2718//2718 2719//2719
f 2659//2659 2719//2719 2661//2661
f 2661//2661 2719//2719 2720//2720
f 2661//2661 2720//2720 2663//2663
f 2663//2663 2720//2720 2721//2721
f 2663//2663 2721//2721 2665//2665
f 2665//2665 2721//2721 2722//2722
f 2665//2665 2722//2722 2667//2667
f 2667//2667 2722//2722 2723//2723
f 2667//2667 2723//2723 2669//2669
f 2669//2669 2723//2723 2724//2724
f 2669//2669 2724//2724 2671//2671
f 2671//2671 2724//2724 2725//2725
f 2671//2671 2725//2725 2673//2673
f 2676//2676 2637//2637 2677//2677
f 2677//2677 2637//2637 2636//2636
f 2677//2677 2636//2636 2726//2726
f 2727//2727 2725//2725 2724//2724
f 2727//2727 2724//2724 2728//2728
f 2728//2728 2724//2724 2723//2723
f 2728//2728 2723//2723 2729//2729
f 2729//2729 2723//2723 2722//2722
f 2729//2729 2722//2722 2730//2730
f 2730//2730 2722//2722 2721//2721
f 2730//2730 2721//2721 2731//2731
f 2731//2731 2721//2721 2720//2720
f 2731//2731 2720//2720 2732//2732
f 2732//2732 2720//2720 2719//2719
f 2732//2732 2719//2719 2733//2733
f 2733//2733 2719//2719 2718//2718
f 2733//2733 2718//2718 2734//2734
f 2734//2734 2718//2718 2717//2717
f 2734//2734 2717//2717 2735//2735
f 2735//2735 2717//2717 2716//2716
f 2735//2735 2716//2716 2736//2736
f 2736//2736 2716//2716 2715//2715
f 2736//2736 2715//2715 2737//2737
f 2737//2737 2715//2715 2714//2714
f 2737//2737 2714//2714 2738//2738
f 2738//2738 2714//2714 2713//2713
f 2738//2738 2713//2713 2739//2739
f 2739//2739 2713//2713 2712//2712
f 2739//2739 2712//2712 2740//2740
f 2740//2740 2712//2712 2711//2711
f 2740//2740 2711//2711 2741//2741
f 2741//2741 2711//2711 2697//2697
f 2741//2741 2697//2697 2742//2742
f 2742//2742 2697//2697 2685//2685
f 2742//2742 2685//2685 2743//2743
f 2743//2743 2685//2685 2682//2682
f 2743//2743 2682//2682 2744//2744
f 2744//2744 2682//2682 2677//2677
f 2744//2744 2677//2677 2745//2745
f 2745//2745 2677//2677 2726//2726
f 2745//2745 2726//2726 2746//2746
f 2747//2747 2748//2748 2749//2749
f 2747//2747 2749//2749 2750//2750
f 2751//2751 2752//2752 2749//2749
f 2749//2749 2752//2752 2753//2753
f 2749//2749 2753//2753 2750//2750
f 2754//2754 2755//2755 2749//2749
f 2749//2749 2755//2755 2756//2756
f 2749//2749 2756//2756 2751//2751
f 2757//2757 2758//2758 2749//2749
f 2749//2749 2758//2758 2759//2759
f 2749//2749 2759//2759 2754//2754
f 2760//2760 2761//2761 2749//2749
f 2749//2749 2761//2761 2762//2762
f 2749//2749 2762//2762 2757//2757
f 2763//2763 2764//2764 2749//2749
f 2749//2749 2764//2764 2765//2765
f 2749//2749 2765//2765 2760//2760
f 2766//2766 2767//2767 2749//2749
f 2749//2749 2767//2767 2768//2768
f 2749//2749 2768//2768 2763//2763
f 2748//2748 2769//2769 2749//2749
f 2749//2749 2769//2769 2770//2770
f 2749//2749 2770//2770 2766//2766
f 2771//2771 2750//2750 2772//2772
f 2772//2772 2750//2750 2753//2753
f 2772//2772 2753//2753 2773//2773
f 2773//2773 2753//2753 2752//2752
f 2773//2773 2752//2752 2774//2774
f 2774//2774 2752//2752 2751//2751
f 2774//2774 2751//2751 2775//2775
f 2775//2775 2751//2751 2756//2756
f 2775//2775 2756//2756 2776//2776
f 2776//2776 2756//2756 2755//2755
f 2776//2776 2755//2755 2777//2777
f 2777//2777 2755//2755 2754//2754
f 2777//2777 2754//2754 2778//2778
f 2778//2778 2754//2754 2759//2759
f 2778//2778 2759//2759 2779//2779
f 2779//2779 2759//2759 2758//2758
f 2779//2779 2758//2758 2780//2780
f 2780//2780 2758//2758 2757//2757
f 2780//2780 2757//2757 2781//2781
f 2781//2781 2757//2757 2762//2762
f 2781//2781 2762//2762 2782//2782
f 2782//2782 2762//2762 2761//2761
f 2782//2782 2761//2761 2783//2783
f 2783//2783 2761//2761 2760//2760
f 2783//2783 2760//2760 2784//2784
f 2784//2784 2760//2760 2765//2765
f 2784//2784 2765//2765 2785//2785
f 2785//2785 2765//2765 2764//2764
f 2785//2785 2764//2764 2786//2786
f 2786//2786 2764//2764 2763//2763
f 2786//2786 2763//2763 2787//2787
f 2787//2787 2763//2763 2768//2768
f 2787//2787 2768//2768 2788//2788
f 2788//2788 2768//2768 2767//2767
f 2788//2788 2767//2767 2789//2789
f 2789//2789 2767//2767 2766//2766
f 2789//2789 2766//2766 2790//2790
f 2790//2790 2766//2766 2770//2770
f 2790//2790 2770//2770 2791//2791
f 2791//2791 2770//2770 2769//2769
f 2791//2791 2769//2769 2792//2792
f 2792//2792 2769//2769 2748//2748
f 2792//2792 2748//2748 2793//2793
f 2793//2793 2748//2748 2747//2747
f 2793//2793 2747//2747 2771//2771
f 2771//2771 2747//2747 2750//2750
f 2794//2794 2795//2795 2796//2796
f 2796//2796 2795//2795 2797//2797
f 2796//2796 2797//2797 2798//2798
f 2799//2799 2800//2800 2796//2796
f 2796//2796 2800//2800 2801//2801
f 2796//2796 2801//2801 2794//2794
f 2802//2802 2803//2803 2796//2796
f 2796//2796 2803//2803 2804//2804
f 2796//2796 2804//2804 2799//2799
f 2798//2798 2805//2805 2796//2796
f 2796//2796 2805//2805 2806//2806
f 2796//2796 2806//2806 2802//2802
f 2807//2807 2808//2808 2809//2809
f 2809//2809 2808//2808 2810//2810
f 2809//2809 2810//2810 2811//2811
f 2812//2812 2813//2813 2809//2809
f 2809//2809 2813//2813 2814//2814
f 2809//2809 2814//2814 2807//2807
f 2815//2815 2816//2816 2809//2809
f 2809//2809 2816//2816 2817//2817
f 2809//2809 2817//2817 2812//2812
f 2811//2811 2818//2818 2809//2809
f 2809//2809 2818//2818 2819//2819
f 2809//2809 2819//2819 2815//2815
f 2784//2784 2820//2820 2783//2783
f 2783//2783 2820//2820 2821//2821
f 2783//2783 2821//2821 2782//2782
f 2793//2793 2732//2732 2792//2792
f 2792//2792 2732//2732 2733//2733
f 2792//2792 2733//2733 2791//2791
f 2787//2787 2742//2742 2786//2786
f 2786//2786 2742//2742 2743//2743
f 2786//2786 2743//2743 2785//2785
f 2771//2771 2730//2730 2793//2793
f 2793//2793 2730//2730 2731//2731
f 2793//2793 2731//2731 2732//2732
f 2773//2773 2727//2727 2772//2772
f 2772//2772 2727//2727 2728//2728
f 2772//2772 2728//2728 2771//2771
f 2771//2771 2728//2728 2729//2729
f 2771//2771 2729//2729 2730//2730
f 2790//2790 2737//2737 2789//2789
f 2789//2789 2737//2737 2738//2738
f 2789//2789 2738//2738 2788//2788
f 2733//2733 2734//2734 2791//2791
f 2791//2791 2734//2734 2735//2735
f 2791//2791 2735//2735 2790//2790
f 2790//2790 2735//2735 2736//2736
f 2790//2790 2736//2736 2737//2737
f 2774//2774 2822//2822 2773//2773
f 2773//2773 2822//2822 2823//2823
f 2773//2773 2823//2823 2727//2727
f 2743//2743 2744//2744 2785//2785
f 2785//2785 2744//2744 2745//2745
f 2785//2785 2745//2745 2784//2784
f 2784//2784 2745//2745 2746//2746
f 2784//2784 2746//2746 2820//2820
f 2779//2779 2780//2780 2824//2824
f 2738//2738 2739//2739 2788//2788
f 2788//2788 2739//2739 2740//2740
f 2788//2788 2740//2740 2787//2787
f 2787//2787 2740//2740 2741//2741
f 2787//2787 2741//2741 2742//2742
f 2776//2776 2825//2825 2775//2775
f 2775//2775 2825//2825 2826//2826
f 2775//2775 2826//2826 2774//2774
f 2774//2774 2826//2826 2827//2827
f 2774//2774 2827//2827 2822//2822
f 2824//2824 2828//2828 2779//2779
f 2779//2779 2828//2828 2829//2829
f 2779//2779 2829//2829 2778//2778
f 2778//2778 2829//2829 2830//2830
f 2778//2778 2830//2830 2777//2777
f 2821//2821 2831//2831 2782//2782
f 2782//2782 2831//2831 2832//2832
f 2782//2782 2832//2832 2781//2781
f 2781//2781 2832//2832 2833//2833
f 2781//2781 2833//2833 2780//2780
f 2780//2780 2833//2833 2834//2834
f 2780//2780 2834//2834 2824//2824
f 2830//2830 2835//2835 2777//2777
f 2777//2777 2835//2835 2836//2836
f 2777//2777 2836//2836 2776//2776
f 2776//2776 2836//2836 2837//2837
f 2776//2776 2837//2837 2825//2825
f 2678//2678 2684//2684 2798//2798
f 2681//2681 2680//2680 2805//2805
f 2703//2703 2702//2702 2802//2802
f 2698//2698 2696//2696 2804//2804
f 2705//2705 2795//2795 2706//2706
f 2706//2706 2795//2795 2794//2794
f 2706//2706 2794//2794 2707//2707
f 2707//2707 2794//2794 2708//2708
f 2708//2708 2794//2794 2709//2709
f 2709//2709 2794//2794 2801//2801
f 2709//2709 2801//2801 2710//2710
f 2710//2710 2801//2801 2692//2692
f 2692//2692 2801//2801 2800//2800
f 2692//2692 2800//2800 2691//2691
f 2799//2799 2690//2690 2800//2800
f 2800//2800 2690//2690 2689//2689
f 2800//2800 2689//2689 2691//2691
f 2696//2696 2695//2695 2804//2804
f 2804//2804 2695//2695 2694//2694
f 2804//2804 2694//2694 2799//2799
f 2799//2799 2694//2694 2693//2693
f 2799//2799 2693//2693 2690//2690
f 2802//2802 2702//2702 2803//2803
f 2702//2702 2701//2701 2803//2803
f 2803//2803 2701//2701 2700//2700
f 2803//2803 2700//2700 2804//2804
f 2804//2804 2700//2700 2699//2699
f 2804//2804 2699//2699 2698//2698
f 2805//2805 2680//2680 2806//2806
f 2680//2680 2688//2688 2806//2806
f 2806//2806 2688//2688 2687//2687
f 2806//2806 2687//2687 2802//2802
f 2802//2802 2687//2687 2686//2686
f 2802//2802 2686//2686 2703//2703
f 2798//2798 2684//2684 2805//2805
f 2805//2805 2684//2684 2683//2683
f 2805//2805 2683//2683 2681//2681
f 2705//2705 2704//2704 2795//2795
f 2795//2795 2704//2704 2679//2679
f 2795//2795 2679//2679 2797//2797
f 2797//2797 2679//2679 2676//2676
f 2797//2797 2676//2676 2798//2798
f 2798//2798 2676//2676 2675//2675
f 2798//2798 2675//2675 2678//2678
f 2838//2838 2839//2839 2811//2811
f 2840//2840 2841//2841 2818//2818
f 2842//2842 2808//2808 2843//2843
f 2843//2843 2808//2808 2807//2807
f 2843//2843 2807//2807 2844//2844
f 2844//2844 2807//2807 2845//2845
f 2845//2845 2807//2807 2846//2846
f 2846//2846 2807//2807 2814//2814
f 2846//2846 2814//2814 2847//2847
f 2847//2847 2814//2814 2848//2848
f 2848//2848 2814//2814 2813//2813
f 2848//2848 2813//2813 2849//2849
f 2849//2849 2813//2813 2850//2850
f 2850//2850 2813//2813 2812//2812
f 2850//2850 2812//2812 2851//2851
f 2851//2851 2812//2812 2852//2852
f 2852//2852 2812//2812 2817//2817
f 2852//2852 2817//2817 2853//2853
f 2853//2853 2817//2817 2854//2854
f 2854//2854 2817//2817 2816//2816
f 2854//2854 2816//2816 2855//2855
f 2815//2815 2856//2856 2816//2816
f 2816//2816 2856//2856 2857//2857
f 2816//2816 2857//2857 2855//2855
f 2818//2818 2841//2841 2819//2819
f 2841//2841 2858//2858 2819//2819
f 2819//2819 2858//2858 2859//2859
f 2819//2819 2859//2859 2815//2815
f 2815//2815 2859//2859 2860//2860
f 2815//2815 2860//2860 2856//2856
f 2811//2811 2839//2839 2818//2818
f 2818//2818 2839//2839 2861//2861
f 2818//2818 2861//2861 2840//2840
f 2842//2842 2862//2862 2808//2808
f 2808//2808 2862//2862 2863//2863
f 2808//2808 2863//2863 2810//2810
f 2810//2810 2863//2863 2864//2864
f 2810//2810 2864//2864 2811//2811
f 2811//2811 2864//2864 2865//2865
f 2811//2811 2865//2865 2838//2838
f 2746//2746 2726//2726 2866//2866
f 2746//2746 2866//2866 2820//2820
f 2820//2820 2866//2866 2867//2867
f 2820//2820 2867//2867 2821//2821
f 2821//2821 2867//2867 2868//2868
f 2821//2821 2868//2868 2831//2831
f 2831//2831 2868//2868 2869//2869
f 2831//2831 2869//2869 2832//2832
f 2832//2832 2869//2869 2870//2870
f 2832//2832 2870//2870 2833//2833
f 2833//2833 2870//2870 2871//2871
f 2833//2833 2871//2871 2834//2834
f 2834//2834 2871//2871 2872//2872
f 2834//2834 2872//2872 2824//2824
f 2824//2824 2872//2872 2873//2873
f 2824//2824 2873//2873 2828//2828
f 2828//2828 2873//2873 2874//2874
f 2828//2828 2874//2874 2829//2829
f 2829//2829 2874//2874 2875//2875
f 2829//2829 2875//2875 2830//2830
f 2830//2830 2875//2875 2876//2876
f 2830//2830 2876//2876 2835//2835
f 2835//2835 2876//2876 2877//2877
f 2835//2835 2877//2877 2836//2836
f 2836//2836 2877//2877 2878//2878
f 2836//2836 2878//2878 2837//2837
f 2837//2837 2878//2878 2879//2879
f 2837//2837 2879//2879 2825//2825
f 2825//2825 2879//2879 2880//2880
f 2825//2825 2880//2880 2826//2826
f 2826//2826 2880//2880 2881//2881
f 2826//2826 2881//2881 2827//2827
f 2827//2827 2881//2881 2882//2882
f 2827//2827 2882//2882 2822//2822
f 2822//2822 2882//2882 2883//2883
f 2822//2822 2883//2883 2823//2823
f 2823//2823 2883//2883 2725//2725
f 2823//2823 2725//2725 2727//2727
f 2865//2865 2864//2864 2883//2883
f 2865//2865 2883//2883 2838//2838
f 2882//2882 2861//2861 2883//2883
f 2883//2883 2861//2861 2839//2839
f 2883//2883 2839//2839 2838//2838
f 2864//2864 2863//2863 2884//2884
f 2863//2863 2862//2862 2884//2884
f 2884//2884 2862//2862 2842//2842
f 2884//2884 2842//2842 2885//2885
f 2858//2858 2882//2882 2859//2859
f 2859//2859 2882//2882 2881//2881
f 2858//2858 2841//2841 2882//2882
f 2882//2882 2841//2841 2840//2840
f 2882//2882 2840//2840 2861//2861
f 2850//2850 2851//2851 2886//2886
f 2886//2886 2851//2851 2852//2852
f 2886//2886 2852//2852 2853//2853
f 2853//2853 2854//2854 2880//2880
f 2880//2880 2854//2854 2855//2855
f 2855//2855 2857//2857 2880//2880
f 2880//2880 2857//2857 2856//2856
f 2880//2880 2856//2856 2881//2881
f 2881//2881 2856//2856 2860//2860
f 2881//2881 2860//2860 2859//2859
f 2842//2842 2843//2843 2885//2885
f 2885//2885 2843//2843 2844//2844
f 2885//2885 2844//2844 2845//2845
f 2845//2845 2846//2846 2885//2885
f 2885//2885 2846//2846 2847//2847
f 2885//2885 2847//2847 2887//2887
f 2887//2887 2847//2847 2848//2848
f 2887//2887 2848//2848 2886//2886
f 2886//2886 2848//2848 2849//2849
f 2886//2886 2849//2849 2850//2850
f 2853//2853 2880//2880 2886//2886
f 2886//2886 2880//2880 2879//2879
f 2886//2886 2879//2879 2888//2888
f 2888//2888 2879//2879 2878//2878
f 2888//2888 2878//2878 2889//2889
f 2889//2889 2878//2878 2877//2877
f 2889//2889 2877//2877 2890//2890
f 2890//2890 2877//2877 2876//2876
f 2890//2890 2876//2876 2891//2891
f 2891//2891 2876//2876 2875//2875
f 2891//2891 2875//2875 2892//2892
f 2892//2892 2875//2875 2874//2874
f 2892//2892 2874//2874 2893//2893
f 2893//2893 2874//2874 2873//2873
f 2893//2893 2873//2873 2894//2894
f 2894//2894 2873//2873 2872//2872
f 2894//2894 2872//2872 2895//2895
f 2895//2895 2872//2872 2871//2871
f 2895//2895 2871//2871 2896//2896
f 2896//2896 2871//2871 2870//2870
f 2896//2896 2870//2870 2897//2897
f 2897//2897 2870//2870 2869//2869
f 2897//2897 2869//2869 2898//2898
f 2898//2898 2869//2869 2868//2868
f 2898//2898 2868//2868 2899//2899
f 2899//2899 2868//2868 2867//2867
f 2899//2899 2867//2867 2900//2900
f 2900//2900 2867//2867 2866//2866
f 2900//2900 2866//2866 2901//2901
f 2901//2901 2866//2866 2726//2726
f 2901//2901 2726//2726 2636//2636
f 2864//2864 2884//2884 2883//2883
f 2883//2883 2884//2884 2673//2673
f 2883//2883 2673//2673 2725//2725
f 2674//2674 2673//2673 2884//2884
f 2674//2674 2884//2884 2902//2902
f 2902//2902 2884//2884 2885//2885
f 2902//2902 2885//2885 2903//2903
f 2903//2903 2885//2885 2887//2887
f 2903//2903 2887//2887 2904//2904
f 2904//2904 2887//2887 2886//2886
f 2904//2904 2886//2886 2905//2905
f 2905//2905 2886//2886 2888//2888
f 2905//2905 2888//2888 2906//2906
f 2906//2906 2888//2888 2889//2889
f 2906//2906 2889//2889 2907//2907
f 2907//2907 2889//2889 2890//2890
f 2907//2907 2890//2890 2908//2908
f 2908//2908 2890//2890 2891//2891
f 2908//2908 2891//2891 2909//2909
f 2909//2909 2891//2891 2892//2892
f 2909//2909 2892//2892 2910//2910
f 2910//2910 2892//2892 2893//2893
f 2910//2910 2893//2893 2911//2911
f 2911//2911 2893//2893 2894//2894
f 2911//2911 2894//2894 2912//2912
f 2912//2912 2894//2894 2895//2895
f 2912//2912 2895//2895 2913//2913
f 2913//2913 2895//2895 2896//2896
f 2913//2913 2896//2896 2914//2914
f 2914//2914 2896//2896 2897//2897
f 2914//2914 2897//2897 2915//2915
f 2915//2915 2897//2897 2898//2898
f 2915//2915 2898//2898 2916//2916
f 2916//2916 2898//2898 2899//2899
f 2916//2916 2899//2899 2917//2917
f 2917//2917 2899//2899 2900//2900
f 2917//2917 2900//2900 2918//2918
f 2918//2918 2900//2900 2901//2901
f 2918//2918 2901//2901 2919//2919
f 2919//2919 2901//2901 2636//2636
f 2919//2919 2636//2636 2635//2635
f 2902//2902 2903//2903 2916//2916
f 2910//2910 2911//2911 2905//2905
f 2919//2919 2672//2672 2918//2918
f 2918//2918 2672//2672 2917//2917
f 2635//2635 2668//2668 2919//2919
f 2919//2919 2668//2668 2670//2670
f 2919//2919 2670//2670 2672//2672
f 2662//2662 2664//2664 2640//2640
f 2917//2917 2672//2672 2916//2916
f 2916//2916 2672//2672 2674//2674
f 2916//2916 2674//2674 2902//2902
f 2906//2906 2907//2907 2908//2908
f 2911//2911 2912//2912 2905//2905
f 2905//2905 2912//2912 2913//2913
f 2905//2905 2913//2913 2914//2914
f 2662//2662 2640//2640 2660//2660
f 2635//2635 2638//2638 2668//2668
f 2668//2668 2638//2638 2640//2640
f 2668//2668 2640//2640 2666//2666
f 2666//2666 2640//2640 2664//2664
f 2906//2906 2908//2908 2905//2905
f 2905//2905 2908//2908 2909//2909
f 2905//2905 2909//2909 2910//2910
f 2903//2903 2904//2904 2916//2916
f 2916//2916 2904//2904 2905//2905
f 2916//2916 2905//2905 2915//2915
f 2915//2915 2905//2905 2914//2914
f 2654//2654 2648//2648 2652//2652
f 2652//2652 2648//2648 2650//2650
f 2644//2644 2646//2646 2658//2658
f 2658//2658 2646//2646 2648//2648
f 2658//2658 2648//2648 2656//2656
f 2656//2656 2648//2648 2654//2654
f 2660//2660 2640//2640 2658//2658
f 2658//2658 2640//2640 2642//2642
f 2658//2658 2642//2642 2644//2644
